solid OpenSCAD_Model
  facet normal -0.2628667961076984 -0.42723732782374374 -0.8650834140232377
    outer loop
      vertex -6.286594469795601 -9.026556927884261 5.762037572254336
      vertex -6.610212064003202 -8.792331685560237 5.7446965317919085
      vertex -5.9027157218346336 -8.124715304617359 5.2
    endloop
  endfacet
  facet normal -0.6153434279285551 -0.7882591361380692 -3.71403279846957e-18
    outer loop
      vertex -6.610212064003202 -8.792331685560237 6.1196965317919085
      vertex -6.92511129046901 -8.546510025420822 6.1023554913294795
      vertex -6.92511129046901 -8.546510025420822 5.72735549132948
    endloop
  endfacet
  facet normal -0.6153434279285551 -0.7882591361380691 0
    outer loop
      vertex -6.610212064003202 -8.792331685560237 5.7446965317919085
      vertex -6.610212064003202 -8.792331685560237 6.1196965317919085
      vertex -6.92511129046901 -8.546510025420822 5.72735549132948
    endloop
  endfacet
  facet normal -0.5863151499234049 -0.8100830481933906 0
    outer loop
      vertex -6.286594469795601 -9.026556927884261 5.762037572254336
      vertex -6.286594469795601 -9.026556927884261 6.137037572254336
      vertex -6.610212064003202 -8.792331685560237 5.7446965317919085
    endloop
  endfacet
  facet normal -0.5863151499234048 -0.8100830481933906 4.514649953580192e-17
    outer loop
      vertex -6.286594469795601 -9.026556927884261 6.137037572254336
      vertex -6.610212064003202 -8.792331685560237 6.1196965317919085
      vertex -6.610212064003202 -8.792331685560237 5.7446965317919085
    endloop
  endfacet
  facet normal -0.2931799955581144 -0.4070333855919479 -0.8650834140232379
    outer loop
      vertex -6.92511129046901 -8.546510025420822 5.72735549132948
      vertex -7.0695014997482994 -8.42510380977555 5.719166613868614
      vertex -6.535055953035375 -7.788176409464659 5.238358113331351
    endloop
  endfacet
  facet normal -0.27820686269552686 -0.4174106231650217 -0.8650834140232377
    outer loop
      vertex -6.610212064003202 -8.792331685560237 5.7446965317919085
      vertex -6.92511129046901 -8.546510025420822 5.72735549132948
      vertex -6.206686396390175 -7.932400707753005 5.2
    endloop
  endfacet
  facet normal -0.2722979056958979 -0.4204438460276594 -0.865494553934973
    outer loop
      vertex -6.610212064003202 -8.792331685560237 5.7446965317919085
      vertex -6.206686396390175 -7.932400707753005 5.2
      vertex -6.0432709605429915 -8.03823572320152 5.2
    endloop
  endfacet
  facet normal -0.28738507466543806 -0.41027916833351785 -0.8654945539349728
    outer loop
      vertex -6.350071136103322 -7.836833857317964 5.2
      vertex -6.92511129046901 -8.546510025420822 5.72735549132948
      vertex -6.535055953035375 -7.788176409464659 5.238358113331351
    endloop
  endfacet
  facet normal -0.2782068626955256 -0.417410623165023 -0.8650834140232375
    outer loop
      vertex -6.350071136103322 -7.836833857317964 5.2
      vertex -6.206686396390175 -7.932400707753005 5.2
      vertex -6.92511129046901 -8.546510025420822 5.72735549132948
    endloop
  endfacet
  facet normal -0.6435601146806196 -0.7653955701415235 0
    outer loop
      vertex -6.92511129046901 -8.546510025420822 5.72735549132948
      vertex -6.92511129046901 -8.546510025420822 6.1023554913294795
      vertex -7.0695014997482994 -8.42510380977555 5.719166613868614
    endloop
  endfacet
  facet normal -0.6435601146806197 -0.7653955701415234 -1.0474831711176892e-17
    outer loop
      vertex -6.92511129046901 -8.546510025420822 6.1023554913294795
      vertex -7.0695014997482994 -8.42510380977555 6.094166613868614
      vertex -7.0695014997482994 -8.42510380977555 5.719166613868614
    endloop
  endfacet
  facet normal -0.3506639314437497 -0.35869972674412876 0.8650834140232377
    outer loop
      vertex -6.92511129046901 -8.546510025420822 6.1023554913294795
      vertex -6.477452360679111 -7.719527121331005 6.626716928194256
      vertex -7.0695014997482994 -8.42510380977555 6.094166613868614
    endloop
  endfacet
  facet normal -0.33740793389410917 -0.3711961380822921 0.8650834140232376
    outer loop
      vertex -6.610212064003202 -8.792331685560237 6.1196965317919085
      vertex -5.634426000623234 -7.494425560868075 7.0571965317919085
      vertex -6.92511129046901 -8.546510025420822 6.1023554913294795
    endloop
  endfacet
  facet normal -0.3506639314437488 -0.3586997267441294 0.8650834140232379
    outer loop
      vertex -6.92511129046901 -8.546510025420822 6.1023554913294795
      vertex -5.902840443608681 -7.28489159433341 7.0398554913294795
      vertex -6.477452360679111 -7.719527121331005 6.626716928194256
    endloop
  endfacet
  facet normal -0.2873850746654378 -0.4102791683335163 -0.8654945539349737
    outer loop
      vertex -6.350071136103322 -7.836833857317964 5.2
      vertex -6.535055953035375 -7.788176409464659 5.238358113331351
      vertex -6.492292631196387 -7.737213067034199 5.2
    endloop
  endfacet
  facet normal -0.6153434279285552 -0.7882591361380692 0
    outer loop
      vertex -6.610212064003202 -8.792331685560237 8.744696531791908
      vertex -6.610212064003202 -8.792331685560237 9.11969653179191
      vertex -6.92511129046901 -8.546510025420822 8.72735549132948
    endloop
  endfacet
  facet normal -0.6153434279285551 -0.7882591361380691 0
    outer loop
      vertex -6.92511129046901 -8.546510025420822 8.72735549132948
      vertex -6.610212064003202 -8.792331685560237 9.11969653179191
      vertex -6.92511129046901 -8.546510025420822 9.10235549132948
    endloop
  endfacet
  facet normal -0.5863151499234049 -0.8100830481933905 0
    outer loop
      vertex -6.610212064003202 -8.792331685560237 8.744696531791908
      vertex -6.286594469795601 -9.026556927884261 9.137037572254336
      vertex -6.610212064003202 -8.792331685560237 9.11969653179191
    endloop
  endfacet
  facet normal -0.5863151499234049 -0.8100830481933906 0
    outer loop
      vertex -6.286594469795601 -9.026556927884261 8.762037572254336
      vertex -6.286594469795601 -9.026556927884261 9.137037572254336
      vertex -6.610212064003202 -8.792331685560237 8.744696531791908
    endloop
  endfacet
  facet normal -0.2873850746654382 -0.410279168333517 -0.8654945539349732
    outer loop
      vertex -6.92511129046901 -8.546510025420822 8.72735549132948
      vertex -6.535055953035375 -7.788176409464659 8.238358113331351
      vertex -5.902840443608681 -7.28489159433341 7.78985549132948
    endloop
  endfacet
  facet normal -0.2931799955581176 -0.40703338559194535 -0.8650834140232379
    outer loop
      vertex -6.92511129046901 -8.546510025420822 8.72735549132948
      vertex -7.0695014997482994 -8.42510380977555 8.719166613868614
      vertex -6.535055953035375 -7.788176409464659 8.238358113331351
    endloop
  endfacet
  facet normal -0.6435601146806197 -0.7653955701415234 0
    outer loop
      vertex -6.92511129046901 -8.546510025420822 8.72735549132948
      vertex -6.92511129046901 -8.546510025420822 9.10235549132948
      vertex -7.0695014997482994 -8.42510380977555 8.719166613868614
    endloop
  endfacet
  facet normal -0.6435601146806197 -0.7653955701415234 -1.0474831711176892e-17
    outer loop
      vertex -6.92511129046901 -8.546510025420822 9.10235549132948
      vertex -7.0695014997482994 -8.42510380977555 9.094166613868614
      vertex -7.0695014997482994 -8.42510380977555 8.719166613868614
    endloop
  endfacet
  facet normal -0.27820686269552664 -0.41741062316502137 -0.8650834140232379
    outer loop
      vertex -6.610212064003202 -8.792331685560237 8.744696531791908
      vertex -6.92511129046901 -8.546510025420822 8.72735549132948
      vertex -5.902840443608681 -7.28489159433341 7.78985549132948
    endloop
  endfacet
  facet normal -0.3506639314437497 -0.35869972674412876 0.8650834140232377
    outer loop
      vertex -6.92511129046901 -8.546510025420822 9.10235549132948
      vertex -6.477452360679111 -7.719527121331005 9.626716928194256
      vertex -7.0695014997482994 -8.42510380977555 9.094166613868614
    endloop
  endfacet
  facet normal -0.3374079338941107 -0.3711961380822909 0.8650834140232376
    outer loop
      vertex -6.610212064003202 -8.792331685560237 9.11969653179191
      vertex -5.634426000623234 -7.494425560868075 10.05719653179191
      vertex -6.92511129046901 -8.546510025420822 9.10235549132948
    endloop
  endfacet
  facet normal -0.3506639314437488 -0.3586997267441294 0.8650834140232379
    outer loop
      vertex -6.92511129046901 -8.546510025420822 9.10235549132948
      vertex -5.902840443608681 -7.28489159433341 10.03985549132948
      vertex -6.477452360679111 -7.719527121331005 9.626716928194256
    endloop
  endfacet
  facet normal -0.6435601146806197 -0.7653955701415235 0
    outer loop
      vertex -6.92511129046901 -8.546510025420822 11.72735549132948
      vertex -6.92511129046901 -8.546510025420822 12.102355491329481
      vertex -7.0695014997482994 -8.42510380977555 11.719166613868614
    endloop
  endfacet
  facet normal -0.2931799955581176 -0.40703338559194535 -0.8650834140232379
    outer loop
      vertex -6.92511129046901 -8.546510025420822 11.72735549132948
      vertex -7.0695014997482994 -8.42510380977555 11.719166613868614
      vertex -6.535055953035375 -7.788176409464659 11.238358113331351
    endloop
  endfacet
  facet normal -0.2782068626955269 -0.41741062316502164 -0.8650834140232377
    outer loop
      vertex -6.610212064003202 -8.792331685560237 11.744696531791908
      vertex -6.92511129046901 -8.546510025420822 11.72735549132948
      vertex -5.902840443608681 -7.28489159433341 10.78985549132948
    endloop
  endfacet
  facet normal -0.2873850746654402 -0.41027916833351585 -0.8654945539349729
    outer loop
      vertex -6.92511129046901 -8.546510025420822 11.72735549132948
      vertex -6.535055953035375 -7.788176409464659 11.238358113331351
      vertex -5.902840443608681 -7.28489159433341 10.78985549132948
    endloop
  endfacet
  facet normal -0.6153434279285552 -0.7882591361380692 0
    outer loop
      vertex -6.92511129046901 -8.546510025420822 11.72735549132948
      vertex -6.610212064003202 -8.792331685560237 12.119696531791908
      vertex -6.92511129046901 -8.546510025420822 12.102355491329481
    endloop
  endfacet
  facet normal -0.6153434279285551 -0.7882591361380691 0
    outer loop
      vertex -6.610212064003202 -8.792331685560237 11.744696531791908
      vertex -6.610212064003202 -8.792331685560237 12.119696531791908
      vertex -6.92511129046901 -8.546510025420822 11.72735549132948
    endloop
  endfacet
  facet normal -0.5863151499234049 -0.8100830481933906 0
    outer loop
      vertex -6.610212064003202 -8.792331685560237 11.744696531791908
      vertex -6.286594469795601 -9.026556927884261 12.137037572254336
      vertex -6.610212064003202 -8.792331685560237 12.119696531791908
    endloop
  endfacet
  facet normal -0.5863151499234049 -0.8100830481933906 0
    outer loop
      vertex -6.286594469795601 -9.026556927884261 11.762037572254336
      vertex -6.286594469795601 -9.026556927884261 12.137037572254336
      vertex -6.610212064003202 -8.792331685560237 11.744696531791908
    endloop
  endfacet
  facet normal -0.6435601146806197 -0.7653955701415235 -1.0474831711176842e-17
    outer loop
      vertex -6.92511129046901 -8.546510025420822 12.102355491329481
      vertex -7.0695014997482994 -8.42510380977555 12.094166613868616
      vertex -7.0695014997482994 -8.42510380977555 11.719166613868614
    endloop
  endfacet
  facet normal -0.3506639314437489 -0.3586997267441277 0.8650834140232384
    outer loop
      vertex -6.92511129046901 -8.546510025420822 12.102355491329481
      vertex -6.477452360679111 -7.719527121331005 12.626716928194256
      vertex -7.0695014997482994 -8.42510380977555 12.094166613868616
    endloop
  endfacet
  facet normal -0.3374079338941047 -0.3711961380822957 0.8650834140232379
    outer loop
      vertex -6.610212064003202 -8.792331685560237 12.119696531791908
      vertex -5.634426000623234 -7.494425560868075 13.057196531791908
      vertex -6.92511129046901 -8.546510025420822 12.102355491329481
    endloop
  endfacet
  facet normal -0.35066393144375135 -0.3586997267441265 0.8650834140232382
    outer loop
      vertex -6.92511129046901 -8.546510025420822 12.102355491329481
      vertex -5.902840443608681 -7.28489159433341 13.03985549132948
      vertex -6.477452360679111 -7.719527121331005 12.626716928194256
    endloop
  endfacet
  facet normal -0.5259779844619141 -0.8504981833380846 0
    outer loop
      vertex -5.614922422194272 -9.45899816009814 5.796719653179191
      vertex -5.614922422194272 -9.45899816009814 6.171719653179192
      vertex -5.954685334877884 -9.24887682708502 5.779378612716764
    endloop
  endfacet
  facet normal -0.4947486771448941 -0.8690361019332726 0
    outer loop
      vertex -5.614922422194272 -9.45899816009814 5.796719653179191
      vertex -5.2677538532254555 -9.656643792841711 6.189060693641618
      vertex -5.614922422194272 -9.45899816009814 6.171719653179192
    endloop
  endfacet
  facet normal -0.19824853495799638 -0.46079084753161853 -0.8650834140232377
    outer loop
      vertex -5.2677538532254555 -9.656643792841711 5.814060693641619
      vertex -4.633593142935452 -8.776651727673295 5.2
      vertex -4.91363751695039 -9.841553045735088 5.831401734104047
    endloop
  endfacet
  facet normal -0.494748677144894 -0.8690361019332725 2.00420156856585e-17
    outer loop
      vertex -5.614922422194272 -9.45899816009814 5.796719653179191
      vertex -5.2677538532254555 -9.656643792841711 5.814060693641619
      vertex -5.2677538532254555 -9.656643792841711 6.189060693641618
    endloop
  endfacet
  facet normal -0.46286683389327105 -0.8864278279034448 0
    outer loop
      vertex -5.2677538532254555 -9.656643792841711 5.814060693641619
      vertex -4.91363751695039 -9.841553045735088 6.206401734104047
      vertex -5.2677538532254555 -9.656643792841711 6.189060693641618
    endloop
  endfacet
  facet normal -0.4628668338932711 -0.8864278279034449 -1.4151399470766324e-17
    outer loop
      vertex -5.2677538532254555 -9.656643792841711 5.814060693641619
      vertex -4.91363751695039 -9.841553045735088 5.831401734104047
      vertex -4.91363751695039 -9.841553045735088 6.206401734104047
    endloop
  endfacet
  facet normal -0.4303745044372315 -0.9026504228827499 0
    outer loop
      vertex -4.91363751695039 -9.841553045735088 5.831401734104047
      vertex -4.553040465925502 -10.013482037515466 6.223742774566475
      vertex -4.91363751695039 -9.841553045735088 6.206401734104047
    endloop
  endfacet
  facet normal -0.363730555234965 -0.931504204600529 0
    outer loop
      vertex -4.186438300277837 -10.172204006898742 5.866083815028903
      vertex -3.8143145404246104 -10.317509611660432 6.258424855491331
      vertex -4.186438300277837 -10.172204006898742 6.241083815028903
    endloop
  endfacet
  facet normal -0.363730555234965 -0.931504204600529 3.4326873724279583e-18
    outer loop
      vertex -4.186438300277837 -10.172204006898742 5.866083815028903
      vertex -3.8143145404246104 -10.317509611660432 5.88342485549133
      vertex -3.8143145404246104 -10.317509611660432 6.258424855491331
    endloop
  endfacet
  facet normal -0.18138601825546619 -0.4676855772453618 -0.8650834140232377
    outer loop
      vertex -4.91363751695039 -9.841553045735088 5.831401734104047
      vertex -4.305224224974052 -8.909607472726815 5.2
      vertex -4.553040465925502 -10.013482037515466 5.848742774566475
    endloop
  endfacet
  facet normal -0.1642842671690608 -0.47396346519813504 -0.8650834140232381
    outer loop
      vertex -4.186438300277837 -10.172204006898742 5.866083815028903
      vertex -4.553040465925502 -10.013482037515466 5.848742774566475
      vertex -3.9733198875292906 -9.030331060539991 5.2
    endloop
  endfacet
  facet normal -0.15780237986247464 -0.47541306883450457 -0.8654945539349729
    outer loop
      vertex -4.186438300277837 -10.172204006898742 5.866083815028903
      vertex -3.9733198875292906 -9.030331060539991 5.2
      vertex -3.7473604612035425 -9.105333069454002 5.2
    endloop
  endfacet
  facet normal -0.4303745044372315 -0.9026504228827499 9.168534154024682e-18
    outer loop
      vertex -4.91363751695039 -9.841553045735088 5.831401734104047
      vertex -4.553040465925502 -10.013482037515466 5.848742774566475
      vertex -4.553040465925502 -10.013482037515466 6.223742774566475
    endloop
  endfacet
  facet normal -0.3973145436918957 -0.9176824905003368 0
    outer loop
      vertex -4.186438300277837 -10.172204006898742 5.866083815028903
      vertex -4.186438300277837 -10.172204006898742 6.241083815028903
      vertex -4.553040465925502 -10.013482037515466 5.848742774566475
    endloop
  endfacet
  facet normal -0.3973145436918957 -0.9176824905003368 9.898347041296923e-18
    outer loop
      vertex -4.186438300277837 -10.172204006898742 6.241083815028903
      vertex -4.553040465925502 -10.013482037515466 6.223742774566475
      vertex -4.553040465925502 -10.013482037515466 5.848742774566475
    endloop
  endfacet
  facet normal -0.32966683379689105 -0.9440973353920309 0
    outer loop
      vertex -3.8143145404246104 -10.317509611660432 5.88342485549133
      vertex -3.4371599893464935 -10.449207204742168 6.275765895953757
      vertex -3.8143145404246104 -10.317509611660432 6.258424855491331
    endloop
  endfacet
  facet normal -0.32966683379689105 -0.944097335392031 1.4176923130466602e-17
    outer loop
      vertex -3.8143145404246104 -10.317509611660432 5.88342485549133
      vertex -3.4371599893464935 -10.449207204742168 5.900765895953758
      vertex -3.4371599893464935 -10.449207204742168 6.275765895953757
    endloop
  endfacet
  facet normal -0.2951683068394934 -0.9554452734916357 0
    outer loop
      vertex -3.4371599893464935 -10.449207204742168 5.900765895953758
      vertex -3.0554720852557375 -10.567123087019615 6.293106936416185
      vertex -3.4371599893464935 -10.449207204742168 6.275765895953757
    endloop
  endfacet
  facet normal -0.2951683068394934 -0.9554452734916357 2.90029615019214e-18
    outer loop
      vertex -3.4371599893464935 -10.449207204742168 5.900765895953758
      vertex -3.0554720852557375 -10.567123087019615 5.918106936416185
      vertex -3.0554720852557375 -10.567123087019615 6.293106936416185
    endloop
  endfacet
  facet normal -0.14696583760978876 -0.479616231332461 -0.8650834140232377
    outer loop
      vertex -4.186438300277837 -10.172204006898742 5.866083815028903
      vertex -3.7473604612035425 -9.105333069454002 5.2
      vertex -3.6383339419229688 -9.13874139194391 5.2
    endloop
  endfacet
  facet normal -0.14043558829514188 -0.4808295151601027 -0.865494553934973
    outer loop
      vertex -3.8143145404246104 -10.317509611660432 5.88342485549133
      vertex -3.6383339419229688 -9.13874139194391 5.2
      vertex -3.403850405990855 -9.2072268577398 5.2
    endloop
  endfacet
  facet normal -0.12945357127110263 -0.48463642007906976 -0.8650834140232381
    outer loop
      vertex -3.8143145404246104 -10.317509611660432 5.88342485549133
      vertex -3.403850405990855 -9.2072268577398 5.2
      vertex -3.3007214164601475 -9.23477413946112 5.2
    endloop
  endfacet
  facet normal -0.1228835728513359 -0.48561178386875337 -0.8654945539349729
    outer loop
      vertex -3.4371599893464935 -10.449207204742168 5.900765895953758
      vertex -3.3007214164601475 -9.23477413946112 5.2
      vertex -3.0578968393051533 -9.296220654163047 5.2
    endloop
  endfacet
  facet normal -0.1117705655024344 -0.48901741019023565 -0.8650834140232379
    outer loop
      vertex -3.4371599893464935 -10.449207204742168 5.900765895953758
      vertex -3.0578968393051533 -9.296220654163047 5.2
      vertex -2.960937938861967 -9.3183817284054 5.2
    endloop
  endfacet
  facet normal -0.14696583760979073 -0.47961623133245995 -0.8650834140232379
    outer loop
      vertex -4.186438300277837 -10.172204006898742 5.866083815028903
      vertex -3.6383339419229688 -9.13874139194391 5.2
      vertex -3.8143145404246104 -10.317509611660432 5.88342485549133
    endloop
  endfacet
  facet normal -0.1294535712710987 -0.48463642007907143 -0.8650834140232376
    outer loop
      vertex -3.8143145404246104 -10.317509611660432 5.88342485549133
      vertex -3.3007214164601475 -9.23477413946112 5.2
      vertex -3.4371599893464935 -10.449207204742168 5.900765895953758
    endloop
  endfacet
  facet normal -0.11177056550243374 -0.48901741019023603 -0.8650834140232377
    outer loop
      vertex -3.4371599893464935 -10.449207204742168 5.900765895953758
      vertex -2.960937938861967 -9.3183817284054 5.2
      vertex -3.0554720852557375 -10.567123087019615 5.918106936416185
    endloop
  endfacet
  facet normal -0.24917828288346258 -0.43536291771480534 0.8650834140232379
    outer loop
      vertex -4.91363751695039 -9.841553045735088 6.206401734104047
      vertex -4.553040465925502 -10.013482037515466 6.223742774566475
      vertex -3.8809298907067484 -8.535312181010768 7.161242774566475
    endloop
  endfacet
  facet normal -0.2332054936631428 -0.44412372657540955 0.8650834140232379
    outer loop
      vertex -4.186438300277837 -10.172204006898742 6.241083815028903
      vertex -3.5684447912863453 -8.670603936026213 7.178583815028903
      vertex -4.553040465925502 -10.013482037515466 6.223742774566475
    endloop
  endfacet
  facet normal -0.2169251241059928 -0.4522987699668208 0.8650834140232379
    outer loop
      vertex -4.186438300277837 -10.172204006898742 6.241083815028903
      vertex -3.8143145404246104 -10.317509611660432 6.258424855491331
      vertex -3.2512531841691423 -8.79445982288406 7.195924855491331
    endloop
  endfacet
  facet normal -0.20035864678314713 -0.45987726562760767 0.8650834140232381
    outer loop
      vertex -3.8143145404246104 -10.317509611660432 6.258424855491331
      vertex -3.4371599893464935 -10.449207204742168 6.275765895953757
      vertex -2.9297734209978263 -8.906716485074991 7.213265895953757
    endloop
  endfacet
  facet normal -0.5259779844619142 -0.8504981833380846 0
    outer loop
      vertex -5.614922422194272 -9.45899816009814 8.796719653179192
      vertex -5.614922422194272 -9.45899816009814 9.171719653179192
      vertex -5.954685334877884 -9.24887682708502 8.779378612716764
    endloop
  endfacet
  facet normal -0.49474867714489407 -0.8690361019332725 0
    outer loop
      vertex -5.614922422194272 -9.45899816009814 8.796719653179192
      vertex -5.2677538532254555 -9.656643792841711 9.189060693641618
      vertex -5.614922422194272 -9.45899816009814 9.171719653179192
    endloop
  endfacet
  facet normal -0.49474867714489407 -0.8690361019332725 2.004201568565845e-17
    outer loop
      vertex -5.614922422194272 -9.45899816009814 8.796719653179192
      vertex -5.2677538532254555 -9.656643792841711 8.814060693641618
      vertex -5.2677538532254555 -9.656643792841711 9.189060693641618
    endloop
  endfacet
  facet normal -0.4628668338932711 -0.8864278279034449 0
    outer loop
      vertex -5.2677538532254555 -9.656643792841711 8.814060693641618
      vertex -4.91363751695039 -9.841553045735088 9.206401734104048
      vertex -5.2677538532254555 -9.656643792841711 9.189060693641618
    endloop
  endfacet
  facet normal -0.462866833893271 -0.8864278279034447 -1.4151399470766253e-17
    outer loop
      vertex -5.2677538532254555 -9.656643792841711 8.814060693641618
      vertex -4.91363751695039 -9.841553045735088 8.831401734104046
      vertex -4.91363751695039 -9.841553045735088 9.206401734104048
    endloop
  endfacet
  facet normal -0.4303745044372316 -0.90265042288275 0
    outer loop
      vertex -4.91363751695039 -9.841553045735088 8.831401734104046
      vertex -4.553040465925502 -10.013482037515466 9.223742774566475
      vertex -4.91363751695039 -9.841553045735088 9.206401734104048
    endloop
  endfacet
  facet normal -0.363730555234965 -0.931504204600529 3.4326873724279664e-18
    outer loop
      vertex -4.186438300277837 -10.172204006898742 8.866083815028903
      vertex -3.8143145404246104 -10.317509611660432 8.88342485549133
      vertex -3.8143145404246104 -10.317509611660432 9.25842485549133
    endloop
  endfacet
  facet normal -0.4303745044372315 -0.9026504228827499 9.168534154024682e-18
    outer loop
      vertex -4.91363751695039 -9.841553045735088 8.831401734104046
      vertex -4.553040465925502 -10.013482037515466 8.848742774566475
      vertex -4.553040465925502 -10.013482037515466 9.223742774566475
    endloop
  endfacet
  facet normal -0.3973145436918957 -0.9176824905003368 0
    outer loop
      vertex -4.186438300277837 -10.172204006898742 8.866083815028903
      vertex -4.186438300277837 -10.172204006898742 9.241083815028903
      vertex -4.553040465925502 -10.013482037515466 8.848742774566475
    endloop
  endfacet
  facet normal -0.18138601825546433 -0.46768557724536236 -0.8650834140232379
    outer loop
      vertex -4.91363751695039 -9.841553045735088 8.831401734104046
      vertex -4.188296338313913 -8.388762997388719 7.8939017341040465
      vertex -4.553040465925502 -10.013482037515466 8.848742774566475
    endloop
  endfacet
  facet normal -0.16428426716906083 -0.4739634651981352 -0.8650834140232379
    outer loop
      vertex -4.186438300277837 -10.172204006898742 8.866083815028903
      vertex -4.553040465925502 -10.013482037515466 8.848742774566475
      vertex -3.8809298907067484 -8.535312181010768 7.911242774566475
    endloop
  endfacet
  facet normal -0.32966683379689105 -0.944097335392031 1.4176923130466568e-17
    outer loop
      vertex -3.8143145404246104 -10.317509611660432 8.88342485549133
      vertex -3.4371599893464935 -10.449207204742168 8.900765895953757
      vertex -3.4371599893464935 -10.449207204742168 9.275765895953757
    endloop
  endfacet
  facet normal -0.2951683068394934 -0.9554452734916357 2.90029615019214e-18
    outer loop
      vertex -3.4371599893464935 -10.449207204742168 8.900765895953757
      vertex -3.0554720852557375 -10.567123087019615 8.918106936416185
      vertex -3.0554720852557375 -10.567123087019615 9.293106936416185
    endloop
  endfacet
  facet normal -0.12288357285133637 -0.48561178386875264 -0.8654945539349732
    outer loop
      vertex -3.4371599893464935 -10.449207204742168 8.900765895953757
      vertex -3.2512531841691423 -8.79445982288406 7.94592485549133
      vertex -2.9297734209978263 -8.906716485074991 7.963265895953758
    endloop
  endfacet
  facet normal -0.14696583760978893 -0.4796162313324607 -0.8650834140232377
    outer loop
      vertex -4.186438300277837 -10.172204006898742 8.866083815028903
      vertex -3.5684447912863453 -8.670603936026213 7.928583815028903
      vertex -3.8143145404246104 -10.317509611660432 8.88342485549133
    endloop
  endfacet
  facet normal -0.12945357127110232 -0.4846364200790703 -0.8650834140232377
    outer loop
      vertex -3.8143145404246104 -10.317509611660432 8.88342485549133
      vertex -3.2512531841691423 -8.79445982288406 7.94592485549133
      vertex -3.4371599893464935 -10.449207204742168 8.900765895953757
    endloop
  endfacet
  facet normal -0.11177056550243174 -0.4890174101902361 -0.8650834140232379
    outer loop
      vertex -3.4371599893464935 -10.449207204742168 8.900765895953757
      vertex -2.9297734209978263 -8.906716485074991 7.963265895953758
      vertex -3.0554720852557375 -10.567123087019615 8.918106936416185
    endloop
  endfacet
  facet normal -0.363730555234965 -0.931504204600529 0
    outer loop
      vertex -4.186438300277837 -10.172204006898742 8.866083815028903
      vertex -3.8143145404246104 -10.317509611660432 9.25842485549133
      vertex -4.186438300277837 -10.172204006898742 9.241083815028903
    endloop
  endfacet
  facet normal -0.3973145436918957 -0.9176824905003368 0
    outer loop
      vertex -4.553040465925502 -10.013482037515466 8.848742774566475
      vertex -4.186438300277837 -10.172204006898742 9.241083815028903
      vertex -4.553040465925502 -10.013482037515466 9.223742774566475
    endloop
  endfacet
  facet normal -0.2491782828834609 -0.4353629177148061 0.865083414023238
    outer loop
      vertex -4.91363751695039 -9.841553045735088 9.206401734104048
      vertex -4.553040465925502 -10.013482037515466 9.223742774566475
      vertex -3.8809298907067484 -8.535312181010768 10.161242774566475
    endloop
  endfacet
  facet normal -0.2332054936631428 -0.44412372657540955 0.8650834140232379
    outer loop
      vertex -4.186438300277837 -10.172204006898742 9.241083815028903
      vertex -3.5684447912863453 -8.670603936026213 10.178583815028903
      vertex -4.553040465925502 -10.013482037515466 9.223742774566475
    endloop
  endfacet
  facet normal -0.32966683379689105 -0.944097335392031 0
    outer loop
      vertex -3.8143145404246104 -10.317509611660432 8.88342485549133
      vertex -3.4371599893464935 -10.449207204742168 9.275765895953757
      vertex -3.8143145404246104 -10.317509611660432 9.25842485549133
    endloop
  endfacet
  facet normal -0.2951683068394934 -0.9554452734916357 0
    outer loop
      vertex -3.4371599893464935 -10.449207204742168 8.900765895953757
      vertex -3.0554720852557375 -10.567123087019615 9.293106936416185
      vertex -3.4371599893464935 -10.449207204742168 9.275765895953757
    endloop
  endfacet
  facet normal -0.2169251241059928 -0.4522987699668208 0.8650834140232379
    outer loop
      vertex -4.186438300277837 -10.172204006898742 9.241083815028903
      vertex -3.8143145404246104 -10.317509611660432 9.25842485549133
      vertex -3.2512531841691423 -8.79445982288406 10.19592485549133
    endloop
  endfacet
  facet normal -0.20035864678314713 -0.45987726562760767 0.8650834140232381
    outer loop
      vertex -3.8143145404246104 -10.317509611660432 9.25842485549133
      vertex -3.4371599893464935 -10.449207204742168 9.275765895953757
      vertex -2.9297734209978263 -8.906716485074991 10.213265895953757
    endloop
  endfacet
  facet normal -0.2471800281775537 -0.4365005388908967 -0.8650834140232377
    outer loop
      vertex -6.286594469795601 -9.026556927884261 5.762037572254336
      vertex -5.5929805438042175 -8.305453873019777 5.2
      vertex -5.954685334877884 -9.24887682708502 5.779378612716764
    endloop
  endfacet
  facet normal -0.23116724856076246 -0.4451880388945172 -0.8650834140232376
    outer loop
      vertex -5.614922422194272 -9.45899816009814 5.796719653179191
      vertex -5.954685334877884 -9.24887682708502 5.779378612716764
      vertex -5.277919279648064 -8.47445197449828 5.2
    endloop
  endfacet
  facet normal -0.2410665194866917 -0.43909692585063104 -0.865494553934973
    outer loop
      vertex -5.954685334877884 -9.24887682708502 5.779378612716764
      vertex -5.5929805438042175 -8.305453873019777 5.2
      vertex -5.411448489429565 -8.405115924715062 5.2
    endloop
  endfacet
  facet normal -0.23116724856076537 -0.44518803889451486 -0.8650834140232382
    outer loop
      vertex -5.954685334877884 -9.24887682708502 5.779378612716764
      vertex -5.411448489429565 -8.405115924715062 5.2
      vertex -5.277919279648064 -8.47445197449828 5.2
    endloop
  endfacet
  facet normal -0.556513566759494 -0.830838522224762 -1.072668000463054e-17
    outer loop
      vertex -6.286594469795601 -9.026556927884261 5.762037572254336
      vertex -5.954685334877884 -9.24887682708502 5.779378612716764
      vertex -5.954685334877884 -9.24887682708502 6.154378612716764
    endloop
  endfacet
  facet normal -0.5565135667594939 -0.8308385222247618 0
    outer loop
      vertex -6.286594469795601 -9.026556927884261 5.762037572254336
      vertex -5.954685334877884 -9.24887682708502 6.154378612716764
      vertex -6.286594469795601 -9.026556927884261 6.137037572254336
    endloop
  endfacet
  facet normal -0.5259779844619142 -0.8504981833380846 1.336808414514486e-17
    outer loop
      vertex -5.614922422194272 -9.45899816009814 6.171719653179192
      vertex -5.954685334877884 -9.24887682708502 6.154378612716764
      vertex -5.954685334877884 -9.24887682708502 5.779378612716764
    endloop
  endfacet
  facet normal -0.2628667961076986 -0.4272373278237436 -0.8650834140232377
    outer loop
      vertex -6.610212064003202 -8.792331685560237 5.7446965317919085
      vertex -6.0432709605429915 -8.03823572320152 5.2
      vertex -5.9027157218346336 -8.124715304617359 5.2
    endloop
  endfacet
  facet normal -0.25685159646668076 -0.4300539902168323 -0.8654945539349732
    outer loop
      vertex -6.286594469795601 -9.026556927884261 5.762037572254336
      vertex -5.9027157218346336 -8.124715304617359 5.2
      vertex -5.730243643347349 -8.227724995756487 5.2
    endloop
  endfacet
  facet normal -0.2471800281775574 -0.4365005388908933 -0.8650834140232383
    outer loop
      vertex -6.286594469795601 -9.026556927884261 5.762037572254336
      vertex -5.730243643347349 -8.227724995756487 5.2
      vertex -5.5929805438042175 -8.305453873019777 5.2
    endloop
  endfacet
  facet normal -0.21484957689764803 -0.4532883696818183 -0.8650834140232379
    outer loop
      vertex -5.614922422194272 -9.45899816009814 5.796719653179191
      vertex -4.957974666792562 -8.631561692318535 5.2
      vertex -5.2677538532254555 -9.656643792841711 5.814060693641619
    endloop
  endfacet
  facet normal -0.22496349407376906 -0.44756072598366303 -0.8654945539349728
    outer loop
      vertex -5.614922422194272 -9.45899816009814 5.796719653179191
      vertex -5.277919279648064 -8.47445197449828 5.2
      vertex -5.087350050273549 -8.5702403607755 5.2
    endloop
  endfacet
  facet normal -0.2148495768976439 -0.4532883696818214 -0.8650834140232374
    outer loop
      vertex -5.614922422194272 -9.45899816009814 5.796719653179191
      vertex -5.087350050273549 -8.5702403607755 5.2
      vertex -4.957974666792562 -8.631561692318535 5.2
    endloop
  endfacet
  facet normal -0.2085637588955857 -0.4554342275062845 -0.8654945539349729
    outer loop
      vertex -5.2677538532254555 -9.656643792841711 5.814060693641619
      vertex -4.957974666792562 -8.631561692318535 5.2
      vertex -4.758417453081205 -8.722947890572147 5.2
    endloop
  endfacet
  facet normal -0.1982485349579957 -0.4607908475316191 -0.8650834140232377
    outer loop
      vertex -5.2677538532254555 -9.656643792841711 5.814060693641619
      vertex -4.758417453081205 -8.722947890572147 5.2
      vertex -4.633593142935452 -8.776651727673295 5.2
    endloop
  endfacet
  facet normal -0.309578963063018 -0.39470438610525466 0.8650834140232377
    outer loop
      vertex -6.286594469795601 -9.026556927884261 6.137037572254336
      vertex -5.954685334877884 -9.24887682708502 6.154378612716764
      vertex -5.0756667942733 -7.8835764369607855 7.091878612716764
    endloop
  endfacet
  facet normal -0.3237069209019608 -0.3832029699024668 0.865083414023238
    outer loop
      vertex -6.286594469795601 -9.026556927884261 6.137037572254336
      vertex -5.35858017761371 -7.69407494920457 7.074537572254336
      vertex -6.610212064003202 -8.792331685560237 6.1196965317919085
    endloop
  endfacet
  facet normal -0.3282621111297054 -0.37836908370739175 0.865494553934973
    outer loop
      vertex -6.610212064003202 -8.792331685560237 6.1196965317919085
      vertex -5.35858017761371 -7.69407494920457 7.074537572254336
      vertex -5.634426000623234 -7.494425560868075 7.0571965317919085
    endloop
  endfacet
  facet normal -0.31430667258735995 -0.3900390912151812 0.8654945539349729
    outer loop
      vertex -6.286594469795601 -9.026556927884261 6.137037572254336
      vertex -5.0756667942733 -7.8835764369607855 7.091878612716764
      vertex -5.35858017761371 -7.69407494920457 7.074537572254336
    endloop
  endfacet
  facet normal -0.28011728619023635 -0.41613098029264356 0.8650834140232379
    outer loop
      vertex -5.614922422194272 -9.45899816009814 6.171719653179192
      vertex -5.2677538532254555 -9.656643792841711 6.189060693641618
      vertex -4.490138741104443 -8.231149672404513 7.126560693641618
    endloop
  endfacet
  facet normal -0.29504269408080147 -0.4056852171960941 0.8650834140232379
    outer loop
      vertex -5.614922422194272 -9.45899816009814 6.171719653179192
      vertex -4.786058991870563 -8.062680086064859 7.109219653179192
      vertex -5.954685334877884 -9.24887682708502 6.154378612716764
    endloop
  endfacet
  facet normal -0.2648224248709257 -0.4260278982266097 0.8650834140232376
    outer loop
      vertex -5.2677538532254555 -9.656643792841711 6.189060693641618
      vertex -4.91363751695039 -9.841553045735088 6.206401734104047
      vertex -4.188296338313913 -8.388762997388719 7.143901734104047
    endloop
  endfacet
  facet normal -0.2999366874118932 -0.4011946667807068 0.8654945539349731
    outer loop
      vertex -5.954685334877884 -9.24887682708502 6.154378612716764
      vertex -4.786058991870563 -8.062680086064859 7.109219653179192
      vertex -5.0756667942733 -7.8835764369607855 7.091878612716764
    endloop
  endfacet
  facet normal -0.2851711085225168 -0.4118210970469348 0.8654945539349731
    outer loop
      vertex -5.614922422194272 -9.45899816009814 6.171719653179192
      vertex -4.490138741104443 -8.231149672404513 7.126560693641618
      vertex -4.786058991870563 -8.062680086064859 7.109219653179192
    endloop
  endfacet
  facet normal -0.5565135667594944 -0.8308385222247617 0
    outer loop
      vertex -5.0756667942733 -7.8835764369607855 7.091878612716764
      vertex -5.0756667942733 -7.8835764369607855 7.841878612716764
      vertex -5.35858017761371 -7.69407494920457 7.074537572254336
    endloop
  endfacet
  facet normal -0.5259779844619151 -0.8504981833380841 -6.358787528730725e-18
    outer loop
      vertex -5.0756667942733 -7.8835764369607855 7.091878612716764
      vertex -4.786058991870563 -8.062680086064859 7.109219653179192
      vertex -4.786058991870563 -8.062680086064859 7.859219653179191
    endloop
  endfacet
  facet normal -0.5259779844619152 -0.8504981833380841 0
    outer loop
      vertex -5.0756667942733 -7.8835764369607855 7.091878612716764
      vertex -4.786058991870563 -8.062680086064859 7.859219653179191
      vertex -5.0756667942733 -7.8835764369607855 7.841878612716764
    endloop
  endfacet
  facet normal -0.34178459687526314 -0.3662000361110255 0.8654945539349728
    outer loop
      vertex -6.92511129046901 -8.546510025420822 6.1023554913294795
      vertex -5.634426000623234 -7.494425560868075 7.0571965317919085
      vertex -5.902840443608681 -7.28489159433341 7.0398554913294795
    endloop
  endfacet
  facet normal -0.35485629469219726 -0.3535479984757747 0.8654945539349732
    outer loop
      vertex -5.902840443608681 -7.28489159433341 7.0398554913294795
      vertex -6.025916063803831 -7.181407117368729 7.031666613868614
      vertex -6.477452360679111 -7.719527121331005 6.626716928194256
    endloop
  endfacet
  facet normal -0.6435601146806196 -0.7653955701415235 0
    outer loop
      vertex -5.902840443608681 -7.28489159433341 7.0398554913294795
      vertex -5.902840443608681 -7.28489159433341 7.78985549132948
      vertex -6.025916063803831 -7.181407117368729 7.031666613868614
    endloop
  endfacet
  facet normal -0.6435601146806196 -0.7653955701415235 4.15675522792688e-18
    outer loop
      vertex -5.902840443608681 -7.28489159433341 7.78985549132948
      vertex -6.025916063803831 -7.181407117368729 7.781666613868615
      vertex -6.025916063803831 -7.181407117368729 7.031666613868614
    endloop
  endfacet
  facet normal -0.6153434279285549 -0.7882591361380694 1.054183555626505e-17
    outer loop
      vertex -5.902840443608681 -7.28489159433341 7.0398554913294795
      vertex -5.634426000623234 -7.494425560868075 7.0571965317919085
      vertex -5.634426000623234 -7.494425560868075 7.807196531791908
    endloop
  endfacet
  facet normal -0.5863151499234034 -0.8100830481933917 0
    outer loop
      vertex -5.634426000623234 -7.494425560868075 7.0571965317919085
      vertex -5.35858017761371 -7.69407494920457 7.824537572254336
      vertex -5.634426000623234 -7.494425560868075 7.807196531791908
    endloop
  endfacet
  facet normal -0.6153434279285549 -0.7882591361380693 0
    outer loop
      vertex -5.902840443608681 -7.28489159433341 7.0398554913294795
      vertex -5.634426000623234 -7.494425560868075 7.807196531791908
      vertex -5.902840443608681 -7.28489159433341 7.78985549132948
    endloop
  endfacet
  facet normal -0.5863151499234033 -0.8100830481933917 -6.4276825417224174e-18
    outer loop
      vertex -5.634426000623234 -7.494425560868075 7.0571965317919085
      vertex -5.35858017761371 -7.69407494920457 7.074537572254336
      vertex -5.35858017761371 -7.69407494920457 7.824537572254336
    endloop
  endfacet
  facet normal -0.5565135667594944 -0.8308385222247617 0
    outer loop
      vertex -5.35858017761371 -7.69407494920457 7.074537572254336
      vertex -5.0756667942733 -7.8835764369607855 7.841878612716764
      vertex -5.35858017761371 -7.69407494920457 7.824537572254336
    endloop
  endfacet
  facet normal -0.18138601825546866 -0.4676855772453602 -0.8650834140232381
    outer loop
      vertex -4.91363751695039 -9.841553045735088 5.831401734104047
      vertex -4.425123727075035 -8.863105946199088 5.2
      vertex -4.305224224974052 -8.909607472726815 5.2
    endloop
  endfacet
  facet normal -0.1918889439574718 -0.46270704586788874 -0.865494553934973
    outer loop
      vertex -4.91363751695039 -9.841553045735088 5.831401734104047
      vertex -4.633593142935452 -8.776651727673295 5.2
      vertex -4.425123727075035 -8.863105946199088 5.2
    endloop
  endfacet
  facet normal -0.1749610420740644 -0.4693695887733453 -0.8654945539349731
    outer loop
      vertex -4.553040465925502 -10.013482037515466 5.848742774566475
      vertex -4.305224224974052 -8.909607472726815 5.2
      vertex -4.087945127917093 -8.990599889260121 5.2
    endloop
  endfacet
  facet normal -0.1642842671690625 -0.4739634651981342 -0.8650834140232381
    outer loop
      vertex -4.553040465925502 -10.013482037515466 5.848742774566475
      vertex -4.087945127917093 -8.990599889260121 5.2
      vertex -3.9733198875292906 -9.030331060539991 5.2
    endloop
  endfacet
  facet normal -0.27002941059651936 -0.42190436655929353 0.8654945539349728
    outer loop
      vertex -5.2677538532254555 -9.656643792841711 6.189060693641618
      vertex -4.188296338313913 -8.388762997388719 7.143901734104047
      vertex -4.490138741104443 -8.231149672404513 7.126560693641618
    endloop
  endfacet
  facet normal -0.25453156438360747 -0.4314311762510164 0.865494553934973
    outer loop
      vertex -4.91363751695039 -9.841553045735088 6.206401734104047
      vertex -3.8809298907067484 -8.535312181010768 7.161242774566475
      vertex -4.188296338313913 -8.388762997388719 7.143901734104047
    endloop
  endfacet
  facet normal -0.23869801036606467 -0.44038896098356534 0.8654945539349731
    outer loop
      vertex -4.553040465925502 -10.013482037515466 6.223742774566475
      vertex -3.5684447912863453 -8.670603936026213 7.178583815028903
      vertex -3.8809298907067484 -8.535312181010768 7.161242774566475
    endloop
  endfacet
  facet normal -0.4628668338932705 -0.886427827903445 0
    outer loop
      vertex -4.490138741104443 -8.231149672404513 7.126560693641618
      vertex -4.188296338313913 -8.388762997388719 7.8939017341040465
      vertex -4.490138741104443 -8.231149672404513 7.876560693641619
    endloop
  endfacet
  facet normal -0.49474867714489534 -0.8690361019332719 5.9137726048343446e-18
    outer loop
      vertex -4.786058991870563 -8.062680086064859 7.109219653179192
      vertex -4.490138741104443 -8.231149672404513 7.126560693641618
      vertex -4.490138741104443 -8.231149672404513 7.876560693641619
    endloop
  endfacet
  facet normal -0.49474867714489534 -0.8690361019332719 0
    outer loop
      vertex -4.786058991870563 -8.062680086064859 7.109219653179192
      vertex -4.490138741104443 -8.231149672404513 7.876560693641619
      vertex -4.786058991870563 -8.062680086064859 7.859219653179191
    endloop
  endfacet
  facet normal -0.4628668338932705 -0.8864278279034449 -1.2084287102311468e-17
    outer loop
      vertex -4.490138741104443 -8.231149672404513 7.126560693641618
      vertex -4.188296338313913 -8.388762997388719 7.143901734104047
      vertex -4.188296338313913 -8.388762997388719 7.8939017341040465
    endloop
  endfacet
  facet normal -0.4303745044372285 -0.9026504228827514 -7.149061611993402e-18
    outer loop
      vertex -4.188296338313913 -8.388762997388719 7.143901734104047
      vertex -3.8809298907067484 -8.535312181010768 7.161242774566475
      vertex -3.8809298907067484 -8.535312181010768 7.911242774566475
    endloop
  endfacet
  facet normal -0.43037450443722847 -0.9026504228827513 0
    outer loop
      vertex -4.188296338313913 -8.388762997388719 7.143901734104047
      vertex -3.8809298907067484 -8.535312181010768 7.911242774566475
      vertex -4.188296338313913 -8.388762997388719 7.8939017341040465
    endloop
  endfacet
  facet normal -0.22254963179925288 -0.4487659061191247 0.8654945539349731
    outer loop
      vertex -4.186438300277837 -10.172204006898742 6.241083815028903
      vertex -3.2512531841691423 -8.79445982288406 7.195924855491331
      vertex -3.5684447912863453 -8.670603936026213 7.178583815028903
    endloop
  endfacet
  facet normal -0.2061077271682147 -0.45655096310319476 0.865494553934973
    outer loop
      vertex -3.8143145404246104 -10.317509611660432 6.258424855491331
      vertex -2.9297734209978263 -8.906716485074991 7.213265895953757
      vertex -3.2512531841691423 -8.79445982288406 7.195924855491331
    endloop
  endfacet
  facet normal -0.3973145436918966 -0.9176824905003363 0
    outer loop
      vertex -3.5684447912863453 -8.670603936026213 7.178583815028903
      vertex -3.5684447912863453 -8.670603936026213 7.928583815028903
      vertex -3.8809298907067484 -8.535312181010768 7.161242774566475
    endloop
  endfacet
  facet normal -0.36373055523496595 -0.9315042046005286 -5.851741692219108e-19
    outer loop
      vertex -3.5684447912863453 -8.670603936026213 7.178583815028903
      vertex -3.2512531841691423 -8.79445982288406 7.195924855491331
      vertex -3.2512531841691423 -8.79445982288406 7.94592485549133
    endloop
  endfacet
  facet normal -0.36373055523496595 -0.9315042046005285 0
    outer loop
      vertex -3.5684447912863453 -8.670603936026213 7.178583815028903
      vertex -3.2512531841691423 -8.79445982288406 7.94592485549133
      vertex -3.5684447912863453 -8.670603936026213 7.928583815028903
    endloop
  endfacet
  facet normal -0.3296668337968908 -0.9440973353920311 0
    outer loop
      vertex -3.2512531841691423 -8.79445982288406 7.195924855491331
      vertex -2.9297734209978263 -8.906716485074991 7.963265895953758
      vertex -3.2512531841691423 -8.79445982288406 7.94592485549133
    endloop
  endfacet
  facet normal -0.3973145436918966 -0.9176824905003363 0
    outer loop
      vertex -3.8809298907067484 -8.535312181010768 7.161242774566475
      vertex -3.5684447912863453 -8.670603936026213 7.928583815028903
      vertex -3.8809298907067484 -8.535312181010768 7.911242774566475
    endloop
  endfacet
  facet normal -0.556513566759494 -0.830838522224762 -1.072668000463054e-17
    outer loop
      vertex -6.286594469795601 -9.026556927884261 8.762037572254336
      vertex -5.954685334877884 -9.24887682708502 8.779378612716764
      vertex -5.954685334877884 -9.24887682708502 9.154378612716764
    endloop
  endfacet
  facet normal -0.5565135667594939 -0.8308385222247618 0
    outer loop
      vertex -6.286594469795601 -9.026556927884261 8.762037572254336
      vertex -5.954685334877884 -9.24887682708502 9.154378612716764
      vertex -6.286594469795601 -9.026556927884261 9.137037572254336
    endloop
  endfacet
  facet normal -0.2471800281775536 -0.4365005388908965 -0.865083414023238
    outer loop
      vertex -6.286594469795601 -9.026556927884261 8.762037572254336
      vertex -5.35858017761371 -7.69407494920457 7.824537572254336
      vertex -5.954685334877884 -9.24887682708502 8.779378612716764
    endloop
  endfacet
  facet normal -0.5259779844619142 -0.8504981833380846 1.336808414514486e-17
    outer loop
      vertex -5.614922422194272 -9.45899816009814 9.171719653179192
      vertex -5.954685334877884 -9.24887682708502 9.154378612716764
      vertex -5.954685334877884 -9.24887682708502 8.779378612716764
    endloop
  endfacet
  facet normal -0.23116724856076068 -0.44518803889451797 -0.8650834140232377
    outer loop
      vertex -5.614922422194272 -9.45899816009814 8.796719653179192
      vertex -5.954685334877884 -9.24887682708502 8.779378612716764
      vertex -5.0756667942733 -7.8835764369607855 7.841878612716764
    endloop
  endfacet
  facet normal -0.27229790569589934 -0.4204438460276583 -0.865494553934973
    outer loop
      vertex -6.610212064003202 -8.792331685560237 8.744696531791908
      vertex -5.902840443608681 -7.28489159433341 7.78985549132948
      vertex -5.634426000623234 -7.494425560868075 7.807196531791908
    endloop
  endfacet
  facet normal -0.25685159646668115 -0.43005399021683244 -0.8654945539349731
    outer loop
      vertex -6.286594469795601 -9.026556927884261 8.762037572254336
      vertex -5.634426000623234 -7.494425560868075 7.807196531791908
      vertex -5.35858017761371 -7.69407494920457 7.824537572254336
    endloop
  endfacet
  facet normal -0.26286679610769687 -0.4272373278237449 -0.8650834140232377
    outer loop
      vertex -6.286594469795601 -9.026556927884261 8.762037572254336
      vertex -6.610212064003202 -8.792331685560237 8.744696531791908
      vertex -5.634426000623234 -7.494425560868075 7.807196531791908
    endloop
  endfacet
  facet normal -0.20856375889558484 -0.45543422750628487 -0.865494553934973
    outer loop
      vertex -5.2677538532254555 -9.656643792841711 8.814060693641618
      vertex -4.786058991870563 -8.062680086064859 7.859219653179191
      vertex -4.490138741104443 -8.231149672404513 7.876560693641619
    endloop
  endfacet
  facet normal -0.21484957689765175 -0.453288369681817 -0.8650834140232376
    outer loop
      vertex -5.614922422194272 -9.45899816009814 8.796719653179192
      vertex -4.786058991870563 -8.062680086064859 7.859219653179191
      vertex -5.2677538532254555 -9.656643792841711 8.814060693641618
    endloop
  endfacet
  facet normal -0.19824853495799638 -0.4607908475316186 -0.865083414023238
    outer loop
      vertex -5.2677538532254555 -9.656643792841711 8.814060693641618
      vertex -4.490138741104443 -8.231149672404513 7.876560693641619
      vertex -4.91363751695039 -9.841553045735088 8.831401734104046
    endloop
  endfacet
  facet normal -0.24106651948669358 -0.4390969258506298 -0.8654945539349732
    outer loop
      vertex -5.954685334877884 -9.24887682708502 8.779378612716764
      vertex -5.35858017761371 -7.69407494920457 7.824537572254336
      vertex -5.0756667942733 -7.8835764369607855 7.841878612716764
    endloop
  endfacet
  facet normal -0.22496349407376956 -0.44756072598366303 -0.8654945539349729
    outer loop
      vertex -5.614922422194272 -9.45899816009814 8.796719653179192
      vertex -5.0756667942733 -7.8835764369607855 7.841878612716764
      vertex -4.786058991870563 -8.062680086064859 7.859219653179191
    endloop
  endfacet
  facet normal -0.309578963063018 -0.39470438610525466 0.8650834140232377
    outer loop
      vertex -6.286594469795601 -9.026556927884261 9.137037572254336
      vertex -5.954685334877884 -9.24887682708502 9.154378612716764
      vertex -5.0756667942733 -7.8835764369607855 10.091878612716764
    endloop
  endfacet
  facet normal -0.32370692090195924 -0.3832029699024679 0.865083414023238
    outer loop
      vertex -6.286594469795601 -9.026556927884261 9.137037572254336
      vertex -5.35858017761371 -7.69407494920457 10.074537572254336
      vertex -6.610212064003202 -8.792331685560237 9.11969653179191
    endloop
  endfacet
  facet normal -0.3282621111297036 -0.37836908370739314 0.865494553934973
    outer loop
      vertex -6.610212064003202 -8.792331685560237 9.11969653179191
      vertex -5.35858017761371 -7.69407494920457 10.074537572254336
      vertex -5.634426000623234 -7.494425560868075 10.05719653179191
    endloop
  endfacet
  facet normal -0.31430667258735995 -0.3900390912151812 0.8654945539349729
    outer loop
      vertex -6.286594469795601 -9.026556927884261 9.137037572254336
      vertex -5.0756667942733 -7.8835764369607855 10.091878612716764
      vertex -5.35858017761371 -7.69407494920457 10.074537572254336
    endloop
  endfacet
  facet normal -0.28011728619023635 -0.41613098029264356 0.8650834140232379
    outer loop
      vertex -5.614922422194272 -9.45899816009814 9.171719653179192
      vertex -5.2677538532254555 -9.656643792841711 9.189060693641618
      vertex -4.490138741104443 -8.231149672404513 10.126560693641618
    endloop
  endfacet
  facet normal -0.29504269408080147 -0.4056852171960941 0.8650834140232379
    outer loop
      vertex -5.614922422194272 -9.45899816009814 9.171719653179192
      vertex -4.786058991870563 -8.062680086064859 10.109219653179192
      vertex -5.954685334877884 -9.24887682708502 9.154378612716764
    endloop
  endfacet
  facet normal -0.26482242487092744 -0.4260278982266088 0.8650834140232376
    outer loop
      vertex -5.2677538532254555 -9.656643792841711 9.189060693641618
      vertex -4.91363751695039 -9.841553045735088 9.206401734104048
      vertex -4.188296338313913 -8.388762997388719 10.143901734104048
    endloop
  endfacet
  facet normal -0.2999366874118932 -0.4011946667807068 0.8654945539349731
    outer loop
      vertex -5.954685334877884 -9.24887682708502 9.154378612716764
      vertex -4.786058991870563 -8.062680086064859 10.109219653179192
      vertex -5.0756667942733 -7.8835764369607855 10.091878612716764
    endloop
  endfacet
  facet normal -0.5565135667594944 -0.8308385222247617 0
    outer loop
      vertex -5.0756667942733 -7.8835764369607855 10.091878612716764
      vertex -5.0756667942733 -7.8835764369607855 10.841878612716764
      vertex -5.35858017761371 -7.69407494920457 10.074537572254336
    endloop
  endfacet
  facet normal -0.2851711085225168 -0.4118210970469348 0.8654945539349731
    outer loop
      vertex -5.614922422194272 -9.45899816009814 9.171719653179192
      vertex -4.490138741104443 -8.231149672404513 10.126560693641618
      vertex -4.786058991870563 -8.062680086064859 10.109219653179192
    endloop
  endfacet
  facet normal -0.5259779844619152 -0.8504981833380841 -6.358787528730718e-18
    outer loop
      vertex -5.0756667942733 -7.8835764369607855 10.091878612716764
      vertex -4.786058991870563 -8.062680086064859 10.109219653179192
      vertex -4.786058991870563 -8.062680086064859 10.859219653179192
    endloop
  endfacet
  facet normal -0.28738507466543844 -0.4102791683335167 -0.8654945539349732
    outer loop
      vertex -5.902840443608681 -7.28489159433341 7.78985549132948
      vertex -6.535055953035375 -7.788176409464659 8.238358113331351
      vertex -6.025916063803831 -7.181407117368729 7.781666613868615
    endloop
  endfacet
  facet normal -0.34178459687526486 -0.3662000361110241 0.8654945539349728
    outer loop
      vertex -6.92511129046901 -8.546510025420822 9.10235549132948
      vertex -5.634426000623234 -7.494425560868075 10.05719653179191
      vertex -5.902840443608681 -7.28489159433341 10.03985549132948
    endloop
  endfacet
  facet normal -0.35485629469219726 -0.3535479984757747 0.8654945539349732
    outer loop
      vertex -5.902840443608681 -7.28489159433341 10.03985549132948
      vertex -6.025916063803831 -7.181407117368729 10.031666613868614
      vertex -6.477452360679111 -7.719527121331005 9.626716928194256
    endloop
  endfacet
  facet normal -0.6435601146806196 -0.7653955701415235 0
    outer loop
      vertex -5.902840443608681 -7.28489159433341 10.03985549132948
      vertex -5.902840443608681 -7.28489159433341 10.78985549132948
      vertex -6.025916063803831 -7.181407117368729 10.031666613868614
    endloop
  endfacet
  facet normal -0.6153434279285549 -0.7882591361380693 1.0541835556265036e-17
    outer loop
      vertex -5.902840443608681 -7.28489159433341 10.03985549132948
      vertex -5.634426000623234 -7.494425560868075 10.05719653179191
      vertex -5.634426000623234 -7.494425560868075 10.80719653179191
    endloop
  endfacet
  facet normal -0.5863151499234033 -0.8100830481933917 -6.4276825417224174e-18
    outer loop
      vertex -5.634426000623234 -7.494425560868075 10.05719653179191
      vertex -5.35858017761371 -7.69407494920457 10.074537572254336
      vertex -5.35858017761371 -7.69407494920457 10.824537572254336
    endloop
  endfacet
  facet normal -0.1918889439574724 -0.4627070458678885 -0.8654945539349729
    outer loop
      vertex -4.91363751695039 -9.841553045735088 8.831401734104046
      vertex -4.490138741104443 -8.231149672404513 7.876560693641619
      vertex -4.188296338313913 -8.388762997388719 7.8939017341040465
    endloop
  endfacet
  facet normal -0.17496104207406563 -0.469369588773345 -0.8654945539349731
    outer loop
      vertex -4.553040465925502 -10.013482037515466 8.848742774566475
      vertex -4.188296338313913 -8.388762997388719 7.8939017341040465
      vertex -3.8809298907067484 -8.535312181010768 7.911242774566475
    endloop
  endfacet
  facet normal -0.15780237986247267 -0.4754130688345052 -0.865494553934973
    outer loop
      vertex -4.186438300277837 -10.172204006898742 8.866083815028903
      vertex -3.8809298907067484 -8.535312181010768 7.911242774566475
      vertex -3.5684447912863453 -8.670603936026213 7.928583815028903
    endloop
  endfacet
  facet normal -0.14043558829514272 -0.48082951516010286 -0.8654945539349729
    outer loop
      vertex -3.8143145404246104 -10.317509611660432 8.88342485549133
      vertex -3.5684447912863453 -8.670603936026213 7.928583815028903
      vertex -3.2512531841691423 -8.79445982288406 7.94592485549133
    endloop
  endfacet
  facet normal -0.27002941059652147 -0.4219043665592924 0.8654945539349728
    outer loop
      vertex -5.2677538532254555 -9.656643792841711 9.189060693641618
      vertex -4.188296338313913 -8.388762997388719 10.143901734104048
      vertex -4.490138741104443 -8.231149672404513 10.126560693641618
    endloop
  endfacet
  facet normal -0.2545315643836054 -0.4314311762510175 0.8654945539349731
    outer loop
      vertex -4.91363751695039 -9.841553045735088 9.206401734104048
      vertex -3.8809298907067484 -8.535312181010768 10.161242774566475
      vertex -4.188296338313913 -8.388762997388719 10.143901734104048
    endloop
  endfacet
  facet normal -0.23869801036606467 -0.44038896098356534 0.8654945539349731
    outer loop
      vertex -4.553040465925502 -10.013482037515466 9.223742774566475
      vertex -3.5684447912863453 -8.670603936026213 10.178583815028903
      vertex -3.8809298907067484 -8.535312181010768 10.161242774566475
    endloop
  endfacet
  facet normal -0.49474867714489534 -0.8690361019332719 5.913772604834351e-18
    outer loop
      vertex -4.786058991870563 -8.062680086064859 10.109219653179192
      vertex -4.490138741104443 -8.231149672404513 10.126560693641618
      vertex -4.490138741104443 -8.231149672404513 10.876560693641618
    endloop
  endfacet
  facet normal -0.46286683389327055 -0.886427827903445 -1.2084287102311455e-17
    outer loop
      vertex -4.490138741104443 -8.231149672404513 10.126560693641618
      vertex -4.188296338313913 -8.388762997388719 10.143901734104048
      vertex -4.188296338313913 -8.388762997388719 10.893901734104048
    endloop
  endfacet
  facet normal -0.4303745044372285 -0.9026504228827514 -7.149061611993402e-18
    outer loop
      vertex -4.188296338313913 -8.388762997388719 10.143901734104048
      vertex -3.8809298907067484 -8.535312181010768 10.161242774566475
      vertex -3.8809298907067484 -8.535312181010768 10.911242774566475
    endloop
  endfacet
  facet normal -0.22254963179925288 -0.4487659061191247 0.8654945539349731
    outer loop
      vertex -4.186438300277837 -10.172204006898742 9.241083815028903
      vertex -3.2512531841691423 -8.79445982288406 10.19592485549133
      vertex -3.5684447912863453 -8.670603936026213 10.178583815028903
    endloop
  endfacet
  facet normal -0.3973145436918966 -0.9176824905003363 0
    outer loop
      vertex -3.5684447912863453 -8.670603936026213 10.178583815028903
      vertex -3.5684447912863453 -8.670603936026213 10.928583815028903
      vertex -3.8809298907067484 -8.535312181010768 10.161242774566475
    endloop
  endfacet
  facet normal -0.2061077271682147 -0.45655096310319476 0.865494553934973
    outer loop
      vertex -3.8143145404246104 -10.317509611660432 9.25842485549133
      vertex -2.9297734209978263 -8.906716485074991 10.213265895953757
      vertex -3.2512531841691423 -8.79445982288406 10.19592485549133
    endloop
  endfacet
  facet normal -0.36373055523496595 -0.9315042046005285 -5.8517416922191e-19
    outer loop
      vertex -3.5684447912863453 -8.670603936026213 10.178583815028903
      vertex -3.2512531841691423 -8.79445982288406 10.19592485549133
      vertex -3.2512531841691423 -8.79445982288406 10.94592485549133
    endloop
  endfacet
  facet normal -0.26028047530006226 -0.9655330518307355 -1.7990718517756444e-17
    outer loop
      vertex -3.0554720852557375 -10.567123087019615 5.918106936416185
      vertex -2.669754245512978 -10.671101736398423 5.9354479768786135
      vertex -2.669754245512978 -10.671101736398423 6.3104479768786135
    endloop
  endfacet
  facet normal -0.26028047530006226 -0.9655330518307355 0
    outer loop
      vertex -3.0554720852557375 -10.567123087019615 5.918106936416185
      vertex -2.669754245512978 -10.671101736398423 6.3104479768786135
      vertex -3.0554720852557375 -10.567123087019615 6.293106936416185
    endloop
  endfacet
  facet normal -0.09394014284557486 -0.49275342347268586 -0.8650834140232379
    outer loop
      vertex -3.0554720852557375 -10.567123087019615 5.918106936416185
      vertex -2.619439121686385 -9.389533295321776 5.2
      vertex -2.669754245512978 -10.671101736398423 5.9354479768786135
    endloop
  endfacet
  facet normal -0.22504935357905764 -0.9743473653957546 0
    outer loop
      vertex -2.669754245512978 -10.671101736398423 5.9354479768786135
      vertex -2.280515202657934 -10.761006012936061 6.327789017341041
      vertex -2.669754245512978 -10.671101736398423 6.3104479768786135
    endloop
  endfacet
  facet normal -0.22504935357905764 -0.9743473653957546 -2.3016563559076677e-18
    outer loop
      vertex -2.669754245512978 -10.671101736398423 5.9354479768786135
      vertex -2.280515202657934 -10.761006012936061 5.952789017341041
      vertex -2.280515202657934 -10.761006012936061 6.327789017341041
    endloop
  endfacet
  facet normal -0.07598582027399424 -0.4958395324086085 -0.865083414023238
    outer loop
      vertex -2.669754245512978 -10.671101736398423 5.9354479768786135
      vertex -2.2766799515654372 -9.448214623959137 5.2
      vertex -2.280515202657934 -10.761006012936061 5.952789017341041
    endloop
  endfacet
  facet normal -0.0939401428455684 -0.4927534234726879 -0.8650834140232375
    outer loop
      vertex -3.0554720852557375 -10.567123087019615 5.918106936416185
      vertex -2.7099821625803733 -9.372271870458789 5.2
      vertex -2.619439121686385 -9.389533295321776 5.2
    endloop
  endfacet
  facet normal -0.10516948330655912 -0.4897535675111858 -0.8654945539349729
    outer loop
      vertex -3.0554720852557375 -10.567123087019615 5.918106936416185
      vertex -2.960937938861967 -9.3183817284054 5.2
      vertex -2.7099821625803733 -9.372271870458789 5.2
    endloop
  endfacet
  facet normal -0.08731668319972523 -0.4932494033893005 -0.8654945539349731
    outer loop
      vertex -2.669754245512978 -10.671101736398423 5.9354479768786135
      vertex -2.619439121686385 -9.389533295321776 5.2
      vertex -2.3605886309637962 -9.435355887582833 5.2
    endloop
  endfacet
  facet normal -0.07598582027399381 -0.4958395324086084 -0.8650834140232379
    outer loop
      vertex -2.669754245512978 -10.671101736398423 5.9354479768786135
      vertex -2.3605886309637962 -9.435355887582833 5.2
      vertex -2.2766799515654372 -9.448214623959137 5.2
    endloop
  endfacet
  facet normal -0.18952140885062596 -0.981876588776448 0
    outer loop
      vertex -2.280515202657934 -10.761006012936061 5.952789017341041
      vertex -1.8882683334298618 -10.83671733971898 6.34513005780347
      vertex -2.280515202657934 -10.761006012936061 6.327789017341041
    endloop
  endfacet
  facet normal -0.18952140885062596 -0.9818765887764479 -7.74142013308384e-18
    outer loop
      vertex -2.280515202657934 -10.761006012936061 5.952789017341041
      vertex -1.8882683334298618 -10.83671733971898 5.970130057803469
      vertex -1.8882683334298618 -10.83671733971898 6.34513005780347
    endloop
  endfacet
  facet normal -0.05793127817572658 -0.49827166665467393 -0.8650834140232375
    outer loop
      vertex -2.280515202657934 -10.761006012936061 5.952789017341041
      vertex -1.933114183077511 -9.494428058998087 5.2
      vertex -1.8882683334298618 -10.83671733971898 5.970130057803469
    endloop
  endfacet
  facet normal -0.15374349977592539 -0.9881107914989342 -1.9247275267226547e-19
    outer loop
      vertex -1.8882683334298618 -10.83671733971898 5.970130057803469
      vertex -1.4935309816625477 -10.898135859256577 5.987471098265897
      vertex -1.4935309816625477 -10.898135859256577 6.362471098265896
    endloop
  endfacet
  facet normal -0.15374349977592536 -0.9881107914989341 0
    outer loop
      vertex -1.8882683334298618 -10.83671733971898 5.970130057803469
      vertex -1.4935309816625477 -10.898135859256577 6.362471098265896
      vertex -1.8882683334298618 -10.83671733971898 6.34513005780347
    endloop
  endfacet
  facet normal -0.03980032912077464 -0.5000466184105011 -0.8650834140232377
    outer loop
      vertex -1.8882683334298618 -10.83671733971898 5.970130057803469
      vertex -1.5891937380620662 -9.528192397786293 5.2
      vertex -1.4935309816625477 -10.898135859256577 5.987471098265897
    endloop
  endfacet
  facet normal -0.06934871901846723 -0.4960946807610417 -0.865494553934973
    outer loop
      vertex -2.280515202657934 -10.761006012936061 5.952789017341041
      vertex -2.2766799515654372 -9.448214623959137 5.2
      vertex -2.010197686418881 -9.485465988357367 5.2
    endloop
  endfacet
  facet normal -0.057931278175728775 -0.4982716666546734 -0.8650834140232377
    outer loop
      vertex -2.280515202657934 -10.761006012936061 5.952789017341041
      vertex -2.010197686418881 -9.485465988357367 5.2
      vertex -1.933114183077511 -9.494428058998087 5.2
    endloop
  endfacet
  facet normal -0.051289289143060364 -0.4982856469216247 -0.8654945539349728
    outer loop
      vertex -1.8882683334298618 -10.83671733971898 5.970130057803469
      vertex -1.933114183077511 -9.494428058998087 5.2
      vertex -1.6592892955457672 -9.522613265451346 5.2
    endloop
  endfacet
  facet normal -0.0398003291207705 -0.500046618410502 -0.8650834140232375
    outer loop
      vertex -1.8882683334298618 -10.83671733971898 5.970130057803469
      vertex -1.6592892955457672 -9.522613265451346 5.2
      vertex -1.5891937380620662 -9.528192397786293 5.2
    endloop
  endfacet
  facet normal -0.18352791162016627 -0.46684921809749225 0.8650834140232377
    outer loop
      vertex -3.4371599893464935 -10.449207204742168 6.275765895953757
      vertex -3.0554720852557375 -10.567123087019615 6.293106936416185
      vertex -2.6044295091672693 -9.007225864586202 7.230606936416185
    endloop
  endfacet
  facet normal -0.18939398209659294 -0.463733864036796 0.8654945539349729
    outer loop
      vertex -3.4371599893464935 -10.449207204742168 6.275765895953757
      vertex -2.6044295091672693 -9.007225864586202 7.230606936416185
      vertex -2.9297734209978263 -8.906716485074991 7.213265895953757
    endloop
  endfacet
  facet normal -0.16645511707861999 -0.47320543190060943 0.8650834140232377
    outer loop
      vertex -3.0554720852557375 -10.567123087019615 6.293106936416185
      vertex -2.669754245512978 -10.671101736398423 6.3104479768786135
      vertex -2.2756505525910016 -9.095855397178662 7.2479479768786135
    endloop
  endfacet
  facet normal -0.1724304407449073 -0.47030513521906103 0.865494553934973
    outer loop
      vertex -3.0554720852557375 -10.567123087019615 6.293106936416185
      vertex -2.2756505525910016 -9.095855397178662 7.2479479768786135
      vertex -2.6044295091672693 -9.007225864586202 7.230606936416185
    endloop
  endfacet
  facet normal -0.14916278087802137 -0.4789375236736363 0.8650834140232376
    outer loop
      vertex -2.669754245512978 -10.671101736398423 6.3104479768786135
      vertex -2.280515202657934 -10.761006012936061 6.327789017341041
      vertex -1.9438701857457086 -9.172488187229291 7.265289017341041
    endloop
  endfacet
  facet normal -0.13167371029667252 -0.48403793322280797 0.8650834140232377
    outer loop
      vertex -2.280515202657934 -10.761006012936061 6.327789017341041
      vertex -1.8882683334298618 -10.83671733971898 6.34513005780347
      vertex -1.6095260017403223 -9.237023161907397 7.28263005780347
    endloop
  endfacet
  facet normal -0.15523947673601282 -0.4762561096423132 0.8654945539349729
    outer loop
      vertex -2.669754245512978 -10.671101736398423 6.3104479768786135
      vertex -1.9438701857457086 -9.172488187229291 7.265289017341041
      vertex -2.2756505525910016 -9.095855397178662 7.2479479768786135
    endloop
  endfacet
  facet normal -0.12026624509937053 -0.48626660115475756 0.8654945539349731
    outer loop
      vertex -1.8882683334298618 -10.83671733971898 6.34513005780347
      vertex -1.2730589751638755 -9.289375204482086 7.299971098265896
      vertex -1.6095260017403223 -9.237023161907397 7.28263005780347
    endloop
  endfacet
  facet normal -0.1378437636459849 -0.48157893842319577 0.8654945539349728
    outer loop
      vertex -2.280515202657934 -10.761006012936061 6.327789017341041
      vertex -1.6095260017403223 -9.237023161907397 7.28263005780347
      vertex -1.9438701857457086 -9.172488187229291 7.265289017341041
    endloop
  endfacet
  facet normal -0.08162680941442785 -0.9966629640880716 3.281594264217415e-18
    outer loop
      vertex -1.096823775947158 -10.94518056518562 6.004812138728324
      vertex -0.6986699429626189 -10.9777894091115 6.022153179190752
      vertex -0.6986699429626189 -10.9777894091115 6.397153179190752
    endloop
  endfacet
  facet normal -0.08162680941442785 -0.9966629640880716 0
    outer loop
      vertex -1.096823775947158 -10.94518056518562 6.004812138728324
      vertex -0.6986699429626189 -10.9777894091115 6.397153179190752
      vertex -1.096823775947158 -10.94518056518562 6.379812138728324
    endloop
  endfacet
  facet normal -0.04538314456576748 -0.9989696542885187 -1.3297832486767898e-18
    outer loop
      vertex -0.6986699429626189 -10.9777894091115 6.022153179190752
      vertex -0.2995946173793694 -10.995919382445349 6.03949421965318
      vertex -0.2995946173793694 -10.995919382445349 6.41449421965318
    endloop
  endfacet
  facet normal -0.04538314456576748 -0.9989696542885187 0
    outer loop
      vertex -0.6986699429626189 -10.9777894091115 6.022153179190752
      vertex -0.2995946173793694 -10.995919382445349 6.41449421965318
      vertex -0.6986699429626189 -10.9777894091115 6.397153179190752
    endloop
  endfacet
  facet normal -0.009079622795764096 -0.9999587793753735 0
    outer loop
      vertex -0.2995946173793694 -10.995919382445349 6.03949421965318
      vertex 0.09987585075339053 -10.999546573129107 6.431835260115608
      vertex -0.2995946173793694 -10.995919382445349 6.41449421965318
    endloop
  endfacet
  facet normal -0.009079622795764096 -0.9999587793753735 3.56350115954754e-20
    outer loop
      vertex -0.2995946173793694 -10.995919382445349 6.03949421965318
      vertex 0.09987585075339053 -10.999546573129107 6.056835260115608
      vertex 0.09987585075339053 -10.999546573129107 6.431835260115608
    endloop
  endfacet
  facet normal -0.1177628147000967 -0.9930417511232398 0
    outer loop
      vertex -1.096823775947158 -10.94518056518562 6.004812138728324
      vertex -1.096823775947158 -10.94518056518562 6.379812138728324
      vertex -1.4935309816625477 -10.898135859256577 5.987471098265897
    endloop
  endfacet
  facet normal -0.11776281470009671 -0.9930417511232398 -9.661202237447969e-18
    outer loop
      vertex -1.096823775947158 -10.94518056518562 6.379812138728324
      vertex -1.4935309816625477 -10.898135859256577 6.362471098265896
      vertex -1.4935309816625477 -10.898135859256577 5.987471098265897
    endloop
  endfacet
  facet normal -0.021616886454097796 -0.5011620466495141 -0.8650834140232379
    outer loop
      vertex -1.096823775947158 -10.94518056518562 6.004812138728324
      vertex -1.4935309816625477 -10.898135859256577 5.987471098265897
      vertex -1.2453681111719277 -9.549542760362888 5.2
    endloop
  endfacet
  facet normal -0.0034049327557410186 -0.5016164802065699 -0.865083414023238
    outer loop
      vertex -1.096823775947158 -10.94518056518562 6.004812138728324
      vertex -0.9020837824451906 -9.558530438081991 5.2
      vertex -0.6986699429626189 -10.9777894091115 6.022153179190752
    endloop
  endfacet
  facet normal -0.0331622125901268 -0.49981941215305903 -0.865494553934973
    outer loop
      vertex -1.5891937380620662 -9.528192397786293 5.2
      vertex -1.3083412930285259 -9.546826504950197 5.2
      vertex -1.4935309816625477 -10.898135859256577 5.987471098265897
    endloop
  endfacet
  facet normal -0.021616886454096082 -0.5011620466495144 -0.8650834140232377
    outer loop
      vertex -1.4935309816625477 -10.898135859256577 5.987471098265897
      vertex -1.3083412930285259 -9.546826504950197 5.2
      vertex -1.2453681111719277 -9.549542760362888 5.2
    endloop
  endfacet
  facet normal -0.014991397597076019 -0.5006939535354787 -0.8654945539349732
    outer loop
      vertex -1.096823775947158 -10.94518056518562 6.004812138728324
      vertex -1.2453681111719277 -9.549542760362888 5.2
      vertex -0.9578287316063462 -9.558152045802519 5.2
    endloop
  endfacet
  facet normal -0.003404932755747763 -0.501616480206569 -0.8650834140232384
    outer loop
      vertex -1.096823775947158 -10.94518056518562 6.004812138728324
      vertex -0.9578287316063462 -9.558152045802519 5.2
      vertex -0.9020837824451906 -9.558530438081991 5.2
    endloop
  endfacet
  facet normal 0.014811511790352783 -0.501409319718315 -0.865083414023238
    outer loop
      vertex -0.6986699429626189 -10.9777894091115 6.022153179190752
      vertex -0.5597836376642015 -9.555222721173676 5.2
      vertex -0.2995946173793694 -10.995919382445349 6.03949421965318
    endloop
  endfacet
  facet normal 0.03300842107716318 -0.5005408384137024 -0.8650834140232377
    outer loop
      vertex -0.2995946173793694 -10.995919382445349 6.03949421965318
      vertex -0.21890639725405447 -9.539702705607946 5.2
      vertex 0.09987585075339053 -10.999546573129107 6.056835260115608
    endloop
  endfacet
  facet normal 0.003199189910976032 -0.5009081176152125 -0.8654945539349731
    outer loop
      vertex -0.6986699429626189 -10.9777894091115 6.022153179190752
      vertex -0.9020837824451906 -9.558530438081991 5.2
      vertex -0.6082232394518634 -9.556653615464594 5.2
    endloop
  endfacet
  facet normal 0.014811511790352323 -0.5014093197183149 -0.865083414023238
    outer loop
      vertex -0.6986699429626189 -10.9777894091115 6.022153179190752
      vertex -0.6082232394518634 -9.556653615464594 5.2
      vertex -0.5597836376642015 -9.555222721173676 5.2
    endloop
  endfacet
  facet normal 0.021385557930478423 -0.5004616219261018 -0.865494553934973
    outer loop
      vertex -0.2995946173793694 -10.995919382445349 6.03949421965318
      vertex -0.5597836376642015 -9.555222721173676 5.2
      vertex -0.2599923858255494 -9.54241214209556 5.2
    endloop
  endfacet
  facet normal 0.033008421077166165 -0.5005408384137024 -0.8650834140232375
    outer loop
      vertex -0.2995946173793694 -10.995919382445349 6.03949421965318
      vertex -0.2599923858255494 -9.54241214209556 5.2
      vertex -0.21890639725405447 -9.539702705607946 5.2
    endloop
  endfacet
  facet normal 0.03954372002306646 -0.4993550553620535 -0.8654945539349729
    outer loop
      vertex -0.21890639725405447 -9.539702705607946 5.2
      vertex 0.08640094414101687 -9.515525543687836 5.2
      vertex 0.09987585075339053 -10.999546573129107 6.056835260115608
    endloop
  endfacet
  facet normal -0.11401097209055717 -0.4884999334952516 0.865083414023238
    outer loop
      vertex -1.8882683334298618 -10.83671733971898 6.34513005780347
      vertex -1.4935309816625477 -10.898135859256577 6.362471098265896
      vertex -1.2730589751638755 -9.289375204482086 7.299971098265896
    endloop
  endfacet
  facet normal -0.09619786207010561 -0.49231763945144214 0.8650834140232379
    outer loop
      vertex -1.096823775947158 -10.94518056518562 6.379812138728324
      vertex -0.9349128804735767 -9.329475266584744 7.317312138728324
      vertex -1.4935309816625477 -10.898135859256577 6.362471098265896
    endloop
  endfacet
  facet normal -0.07825787437471594 -0.4954860158271378 0.8650834140232377
    outer loop
      vertex -1.096823775947158 -10.94518056518562 6.379812138728324
      vertex -0.6986699429626189 -10.9777894091115 6.397153179190752
      vertex -0.5955337066899622 -9.357270459278604 7.334653179190752
    endloop
  endfacet
  facet normal -0.10253010450833729 -0.4903129151658271 0.8654945539349729
    outer loop
      vertex -1.4935309816625477 -10.898135859256577 6.362471098265896
      vertex -0.9349128804735767 -9.329475266584744 7.317312138728324
      vertex -1.2730589751638755 -9.289375204482086 7.299971098265896
    endloop
  endfacet
  facet normal -0.0846587344954551 -0.4937125436754977 0.865494553934973
    outer loop
      vertex -1.096823775947158 -10.94518056518562 6.379812138728324
      vertex -0.5955337066899622 -9.357270459278604 7.334653179190752
      vertex -0.9349128804735767 -9.329475266584744 7.317312138728324
    endloop
  endfacet
  facet normal -0.060214670485819896 -0.4980008837745004 0.8650834140232379
    outer loop
      vertex -0.6986699429626189 -10.9777894091115 6.397153179190752
      vertex -0.2995946173793694 -10.995919382445349 6.41449421965318
      vertex -0.25536906917125357 -9.37272412281523 7.35199421965318
    endloop
  endfacet
  facet normal -0.04209204801918019 -0.4998589263736827 0.8650834140232377
    outer loop
      vertex -0.2995946173793694 -10.995919382445349 6.41449421965318
      vertex 0.09987585075339053 -10.999546573129107 6.431835260115608
      vertex 0.08513238075730768 -9.375815874985948 7.369335260115608
    endloop
  endfacet
  facet normal -0.06667570604063654 -0.49646100283192907 0.865494553934973
    outer loop
      vertex -0.6986699429626189 -10.9777894091115 6.397153179190752
      vertex -0.25536906917125357 -9.37272412281523 7.35199421965318
      vertex -0.5955337066899622 -9.357270459278604 7.334653179190752
    endloop
  endfacet
  facet normal -0.048604737392821104 -0.49855466762620654 0.865494553934973
    outer loop
      vertex -0.2995946173793694 -10.995919382445349 6.41449421965318
      vertex 0.08513238075730768 -9.375815874985948 7.369335260115608
      vertex -0.25536906917125357 -9.37272412281523 7.35199421965318
    endloop
  endfacet
  facet normal -0.26028047530006226 -0.9655330518307355 -1.7990718517756444e-17
    outer loop
      vertex -3.0554720852557375 -10.567123087019615 8.918106936416185
      vertex -2.669754245512978 -10.671101736398423 8.935447976878613
      vertex -2.669754245512978 -10.671101736398423 9.310447976878613
    endloop
  endfacet
  facet normal -0.22504935357905764 -0.9743473653957547 -2.3016563559076785e-18
    outer loop
      vertex -2.669754245512978 -10.671101736398423 8.935447976878613
      vertex -2.280515202657934 -10.761006012936061 8.952789017341042
      vertex -2.280515202657934 -10.761006012936061 9.32778901734104
    endloop
  endfacet
  facet normal -0.07598582027399235 -0.49583953240860884 -0.8650834140232377
    outer loop
      vertex -2.669754245512978 -10.671101736398423 8.935447976878613
      vertex -2.2756505525910016 -9.095855397178662 7.9979479768786135
      vertex -2.280515202657934 -10.761006012936061 8.952789017341042
    endloop
  endfacet
  facet normal -0.1051694833065588 -0.48975356751118576 -0.8654945539349731
    outer loop
      vertex -3.0554720852557375 -10.567123087019615 8.918106936416185
      vertex -2.9297734209978263 -8.906716485074991 7.963265895953758
      vertex -2.6044295091672693 -9.007225864586202 7.980606936416185
    endloop
  endfacet
  facet normal -0.0873166831997243 -0.4932494033893008 -0.865494553934973
    outer loop
      vertex -2.669754245512978 -10.671101736398423 8.935447976878613
      vertex -2.6044295091672693 -9.007225864586202 7.980606936416185
      vertex -2.2756505525910016 -9.095855397178662 7.9979479768786135
    endloop
  endfacet
  facet normal -0.09394014284557492 -0.4927534234726861 -0.8650834140232377
    outer loop
      vertex -3.0554720852557375 -10.567123087019615 8.918106936416185
      vertex -2.6044295091672693 -9.007225864586202 7.980606936416185
      vertex -2.669754245512978 -10.671101736398423 8.935447976878613
    endloop
  endfacet
  facet normal -0.18952140885062596 -0.981876588776448 -7.741420133083858e-18
    outer loop
      vertex -2.280515202657934 -10.761006012936061 8.952789017341042
      vertex -1.8882683334298618 -10.83671733971898 8.97013005780347
      vertex -1.8882683334298618 -10.83671733971898 9.34513005780347
    endloop
  endfacet
  facet normal -0.05793127817572656 -0.4982716666546738 -0.8650834140232375
    outer loop
      vertex -2.280515202657934 -10.761006012936061 8.952789017341042
      vertex -1.9438701857457086 -9.172488187229291 8.015289017341042
      vertex -1.8882683334298618 -10.83671733971898 8.97013005780347
    endloop
  endfacet
  facet normal -0.039800329120778466 -0.5000466184105007 -0.8650834140232379
    outer loop
      vertex -1.8882683334298618 -10.83671733971898 8.97013005780347
      vertex -1.6095260017403223 -9.237023161907397 8.03263005780347
      vertex -1.4935309816625477 -10.898135859256577 8.987471098265896
    endloop
  endfacet
  facet normal -0.06934871901846472 -0.49609468076104213 -0.865494553934973
    outer loop
      vertex -2.280515202657934 -10.761006012936061 8.952789017341042
      vertex -2.2756505525910016 -9.095855397178662 7.9979479768786135
      vertex -1.9438701857457086 -9.172488187229291 8.015289017341042
    endloop
  endfacet
  facet normal -0.051289289143060614 -0.49828564692162464 -0.8654945539349728
    outer loop
      vertex -1.8882683334298618 -10.83671733971898 8.97013005780347
      vertex -1.9438701857457086 -9.172488187229291 8.015289017341042
      vertex -1.6095260017403223 -9.237023161907397 8.03263005780347
    endloop
  endfacet
  facet normal -0.26028047530006226 -0.9655330518307355 0
    outer loop
      vertex -3.0554720852557375 -10.567123087019615 8.918106936416185
      vertex -2.669754245512978 -10.671101736398423 9.310447976878613
      vertex -3.0554720852557375 -10.567123087019615 9.293106936416185
    endloop
  endfacet
  facet normal -0.22504935357905764 -0.9743473653957546 0
    outer loop
      vertex -2.669754245512978 -10.671101736398423 8.935447976878613
      vertex -2.280515202657934 -10.761006012936061 9.32778901734104
      vertex -2.669754245512978 -10.671101736398423 9.310447976878613
    endloop
  endfacet
  facet normal -0.18352791162016627 -0.46684921809749225 0.8650834140232377
    outer loop
      vertex -3.4371599893464935 -10.449207204742168 9.275765895953757
      vertex -3.0554720852557375 -10.567123087019615 9.293106936416185
      vertex -2.6044295091672693 -9.007225864586202 10.230606936416185
    endloop
  endfacet
  facet normal -0.16645511707861999 -0.47320543190060943 0.8650834140232377
    outer loop
      vertex -3.0554720852557375 -10.567123087019615 9.293106936416185
      vertex -2.669754245512978 -10.671101736398423 9.310447976878613
      vertex -2.2756505525910016 -9.095855397178662 10.247947976878613
    endloop
  endfacet
  facet normal -0.18939398209659294 -0.463733864036796 0.8654945539349729
    outer loop
      vertex -3.4371599893464935 -10.449207204742168 9.275765895953757
      vertex -2.6044295091672693 -9.007225864586202 10.230606936416185
      vertex -2.9297734209978263 -8.906716485074991 10.213265895953757
    endloop
  endfacet
  facet normal -0.1724304407449073 -0.47030513521906103 0.865494553934973
    outer loop
      vertex -3.0554720852557375 -10.567123087019615 9.293106936416185
      vertex -2.2756505525910016 -9.095855397178662 10.247947976878613
      vertex -2.6044295091672693 -9.007225864586202 10.230606936416185
    endloop
  endfacet
  facet normal -0.18952140885062593 -0.9818765887764479 0
    outer loop
      vertex -2.280515202657934 -10.761006012936061 8.952789017341042
      vertex -1.8882683334298618 -10.83671733971898 9.34513005780347
      vertex -2.280515202657934 -10.761006012936061 9.32778901734104
    endloop
  endfacet
  facet normal -0.1491627808780195 -0.4789375236736367 0.8650834140232377
    outer loop
      vertex -2.669754245512978 -10.671101736398423 9.310447976878613
      vertex -2.280515202657934 -10.761006012936061 9.32778901734104
      vertex -1.9438701857457086 -9.172488187229291 10.26528901734104
    endloop
  endfacet
  facet normal -0.15374349977592536 -0.988110791498934 0
    outer loop
      vertex -1.8882683334298618 -10.83671733971898 8.97013005780347
      vertex -1.4935309816625477 -10.898135859256577 9.362471098265896
      vertex -1.8882683334298618 -10.83671733971898 9.34513005780347
    endloop
  endfacet
  facet normal -0.15374349977592536 -0.988110791498934 -1.92472752672265e-19
    outer loop
      vertex -1.8882683334298618 -10.83671733971898 8.97013005780347
      vertex -1.4935309816625477 -10.898135859256577 8.987471098265896
      vertex -1.4935309816625477 -10.898135859256577 9.362471098265896
    endloop
  endfacet
  facet normal -0.1316737102966744 -0.4840379332228076 0.8650834140232376
    outer loop
      vertex -2.280515202657934 -10.761006012936061 9.32778901734104
      vertex -1.8882683334298618 -10.83671733971898 9.34513005780347
      vertex -1.6095260017403223 -9.237023161907397 10.28263005780347
    endloop
  endfacet
  facet normal -0.15523947673601077 -0.4762561096423138 0.865494553934973
    outer loop
      vertex -2.669754245512978 -10.671101736398423 9.310447976878613
      vertex -1.9438701857457086 -9.172488187229291 10.26528901734104
      vertex -2.2756505525910016 -9.095855397178662 10.247947976878613
    endloop
  endfacet
  facet normal -0.12026624509937053 -0.48626660115475756 0.8654945539349731
    outer loop
      vertex -1.8882683334298618 -10.83671733971898 9.34513005780347
      vertex -1.2730589751638755 -9.289375204482086 10.299971098265896
      vertex -1.6095260017403223 -9.237023161907397 10.28263005780347
    endloop
  endfacet
  facet normal -0.137843763645987 -0.4815789384231953 0.8654945539349728
    outer loop
      vertex -2.280515202657934 -10.761006012936061 9.32778901734104
      vertex -1.6095260017403223 -9.237023161907397 10.28263005780347
      vertex -1.9438701857457086 -9.172488187229291 10.26528901734104
    endloop
  endfacet
  facet normal -0.08162680941442785 -0.9966629640880716 0
    outer loop
      vertex -1.096823775947158 -10.94518056518562 9.004812138728324
      vertex -0.6986699429626189 -10.9777894091115 9.397153179190752
      vertex -1.096823775947158 -10.94518056518562 9.379812138728324
    endloop
  endfacet
  facet normal -0.08162680941442785 -0.9966629640880716 3.281594264217415e-18
    outer loop
      vertex -1.096823775947158 -10.94518056518562 9.004812138728324
      vertex -0.6986699429626189 -10.9777894091115 9.022153179190752
      vertex -0.6986699429626189 -10.9777894091115 9.397153179190752
    endloop
  endfacet
  facet normal -0.04538314456576748 -0.9989696542885187 -1.3297832486767898e-18
    outer loop
      vertex -0.6986699429626189 -10.9777894091115 9.022153179190752
      vertex -0.2995946173793694 -10.995919382445349 9.039494219653179
      vertex -0.2995946173793694 -10.995919382445349 9.414494219653179
    endloop
  endfacet
  facet normal -0.04538314456576748 -0.9989696542885187 0
    outer loop
      vertex -0.6986699429626189 -10.9777894091115 9.022153179190752
      vertex -0.2995946173793694 -10.995919382445349 9.414494219653179
      vertex -0.6986699429626189 -10.9777894091115 9.397153179190752
    endloop
  endfacet
  facet normal -0.009079622795764096 -0.9999587793753735 3.56350115954754e-20
    outer loop
      vertex -0.2995946173793694 -10.995919382445349 9.039494219653179
      vertex 0.09987585075339053 -10.999546573129107 9.056835260115609
      vertex 0.09987585075339053 -10.999546573129107 9.431835260115609
    endloop
  endfacet
  facet normal -0.009079622795764096 -0.9999587793753735 0
    outer loop
      vertex -0.2995946173793694 -10.995919382445349 9.039494219653179
      vertex 0.09987585075339053 -10.999546573129107 9.431835260115609
      vertex -0.2995946173793694 -10.995919382445349 9.414494219653179
    endloop
  endfacet
  facet normal -0.021616886454095898 -0.5011620466495146 -0.8650834140232377
    outer loop
      vertex -1.096823775947158 -10.94518056518562 9.004812138728324
      vertex -1.4935309816625477 -10.898135859256577 8.987471098265896
      vertex -1.2730589751638755 -9.289375204482086 8.049971098265896
    endloop
  endfacet
  facet normal -0.0034049327557410226 -0.5016164802065698 -0.865083414023238
    outer loop
      vertex -1.096823775947158 -10.94518056518562 9.004812138728324
      vertex -0.9349128804735767 -9.329475266584744 8.067312138728324
      vertex -0.6986699429626189 -10.9777894091115 9.022153179190752
    endloop
  endfacet
  facet normal -0.0331622125901305 -0.4998194121530586 -0.8654945539349731
    outer loop
      vertex -1.4935309816625477 -10.898135859256577 8.987471098265896
      vertex -1.6095260017403223 -9.237023161907397 8.03263005780347
      vertex -1.2730589751638755 -9.289375204482086 8.049971098265896
    endloop
  endfacet
  facet normal -0.014991397597074987 -0.5006939535354791 -0.865494553934973
    outer loop
      vertex -1.096823775947158 -10.94518056518562 9.004812138728324
      vertex -1.2730589751638755 -9.289375204482086 8.049971098265896
      vertex -0.9349128804735767 -9.329475266584744 8.067312138728324
    endloop
  endfacet
  facet normal 0.014811511790350857 -0.5014093197183149 -0.865083414023238
    outer loop
      vertex -0.6986699429626189 -10.9777894091115 9.022153179190752
      vertex -0.5955337066899622 -9.357270459278604 8.084653179190752
      vertex -0.2995946173793694 -10.995919382445349 9.039494219653179
    endloop
  endfacet
  facet normal 0.03300842107716705 -0.5005408384137018 -0.8650834140232381
    outer loop
      vertex -0.2995946173793694 -10.995919382445349 9.039494219653179
      vertex -0.25536906917125357 -9.37272412281523 8.10199421965318
      vertex 0.09987585075339053 -10.999546573129107 9.056835260115609
    endloop
  endfacet
  facet normal 0.0031991899109761147 -0.5009081176152125 -0.865494553934973
    outer loop
      vertex -0.6986699429626189 -10.9777894091115 9.022153179190752
      vertex -0.9349128804735767 -9.329475266584744 8.067312138728324
      vertex -0.5955337066899622 -9.357270459278604 8.084653179190752
    endloop
  endfacet
  facet normal 0.021385557930481823 -0.5004616219261009 -0.8654945539349732
    outer loop
      vertex -0.2995946173793694 -10.995919382445349 9.039494219653179
      vertex -0.5955337066899622 -9.357270459278604 8.084653179190752
      vertex -0.25536906917125357 -9.37272412281523 8.10199421965318
    endloop
  endfacet
  facet normal 0.03954372002306542 -0.49935505536205377 -0.8654945539349728
    outer loop
      vertex -0.25536906917125357 -9.37272412281523 8.10199421965318
      vertex 0.08513238075730768 -9.375815874985948 8.119335260115609
      vertex 0.09987585075339053 -10.999546573129107 9.056835260115609
    endloop
  endfacet
  facet normal -0.1177628147000967 -0.9930417511232398 -9.661202237447946e-18
    outer loop
      vertex -1.096823775947158 -10.94518056518562 9.379812138728324
      vertex -1.4935309816625477 -10.898135859256577 9.362471098265896
      vertex -1.4935309816625477 -10.898135859256577 8.987471098265896
    endloop
  endfacet
  facet normal -0.1177628147000967 -0.9930417511232398 0
    outer loop
      vertex -1.096823775947158 -10.94518056518562 9.004812138728324
      vertex -1.096823775947158 -10.94518056518562 9.379812138728324
      vertex -1.4935309816625477 -10.898135859256577 8.987471098265896
    endloop
  endfacet
  facet normal -0.11401097209055717 -0.4884999334952516 0.865083414023238
    outer loop
      vertex -1.8882683334298618 -10.83671733971898 9.34513005780347
      vertex -1.4935309816625477 -10.898135859256577 9.362471098265896
      vertex -1.2730589751638755 -9.289375204482086 10.299971098265896
    endloop
  endfacet
  facet normal -0.09619786207010561 -0.49231763945144214 0.8650834140232379
    outer loop
      vertex -1.096823775947158 -10.94518056518562 9.379812138728324
      vertex -0.9349128804735767 -9.329475266584744 10.317312138728324
      vertex -1.4935309816625477 -10.898135859256577 9.362471098265896
    endloop
  endfacet
  facet normal -0.07825787437471594 -0.4954860158271378 0.8650834140232377
    outer loop
      vertex -1.096823775947158 -10.94518056518562 9.379812138728324
      vertex -0.6986699429626189 -10.9777894091115 9.397153179190752
      vertex -0.5955337066899622 -9.357270459278604 10.334653179190752
    endloop
  endfacet
  facet normal -0.10253010450833729 -0.4903129151658271 0.8654945539349729
    outer loop
      vertex -1.4935309816625477 -10.898135859256577 9.362471098265896
      vertex -0.9349128804735767 -9.329475266584744 10.317312138728324
      vertex -1.2730589751638755 -9.289375204482086 10.299971098265896
    endloop
  endfacet
  facet normal -0.0846587344954551 -0.4937125436754977 0.865494553934973
    outer loop
      vertex -1.096823775947158 -10.94518056518562 9.379812138728324
      vertex -0.5955337066899622 -9.357270459278604 10.334653179190752
      vertex -0.9349128804735767 -9.329475266584744 10.317312138728324
    endloop
  endfacet
  facet normal -0.06021467048581797 -0.4980008837745005 0.8650834140232379
    outer loop
      vertex -0.6986699429626189 -10.9777894091115 9.397153179190752
      vertex -0.2995946173793694 -10.995919382445349 9.414494219653179
      vertex -0.25536906917125357 -9.37272412281523 10.351994219653179
    endloop
  endfacet
  facet normal -0.04209204801918403 -0.4998589263736825 0.8650834140232375
    outer loop
      vertex -0.2995946173793694 -10.995919382445349 9.414494219653179
      vertex 0.09987585075339053 -10.999546573129107 9.431835260115609
      vertex 0.08513238075730768 -9.375815874985948 10.369335260115609
    endloop
  endfacet
  facet normal -0.06667570604063447 -0.49646100283192934 0.8654945539349732
    outer loop
      vertex -0.6986699429626189 -10.9777894091115 9.397153179190752
      vertex -0.25536906917125357 -9.37272412281523 10.351994219653179
      vertex -0.5955337066899622 -9.357270459278604 10.334653179190752
    endloop
  endfacet
  facet normal -0.048604737392825614 -0.4985546676262063 0.8654945539349728
    outer loop
      vertex -0.2995946173793694 -10.995919382445349 9.414494219653179
      vertex 0.08513238075730768 -9.375815874985948 10.369335260115609
      vertex -0.25536906917125357 -9.37272412281523 10.351994219653179
    endloop
  endfacet
  facet normal -0.3296668337968908 -0.9440973353920311 -6.412607112959303e-18
    outer loop
      vertex -3.2512531841691423 -8.79445982288406 7.195924855491331
      vertex -2.9297734209978263 -8.906716485074991 7.213265895953757
      vertex -2.9297734209978263 -8.906716485074991 7.963265895953758
    endloop
  endfacet
  facet normal -0.2602804753000623 -0.9655330518307356 -3.015189478411601e-18
    outer loop
      vertex -2.6044295091672693 -9.007225864586202 7.230606936416185
      vertex -2.2756505525910016 -9.095855397178662 7.2479479768786135
      vertex -2.2756505525910016 -9.095855397178662 7.9979479768786135
    endloop
  endfacet
  facet normal -0.2951683068394943 -0.9554452734916354 -6.486070849338714e-19
    outer loop
      vertex -2.9297734209978263 -8.906716485074991 7.213265895953757
      vertex -2.6044295091672693 -9.007225864586202 7.230606936416185
      vertex -2.6044295091672693 -9.007225864586202 7.980606936416185
    endloop
  endfacet
  facet normal -0.2250493535790604 -0.9743473653957542 -1.791802110863971e-18
    outer loop
      vertex -2.2756505525910016 -9.095855397178662 7.2479479768786135
      vertex -1.9438701857457086 -9.172488187229291 7.265289017341041
      vertex -1.9438701857457086 -9.172488187229291 8.015289017341042
    endloop
  endfacet
  facet normal -0.18952140885062274 -0.9818765887764486 -2.0417202653927045e-18
    outer loop
      vertex -1.9438701857457086 -9.172488187229291 7.265289017341041
      vertex -1.6095260017403223 -9.237023161907397 7.28263005780347
      vertex -1.6095260017403223 -9.237023161907397 8.03263005780347
    endloop
  endfacet
  facet normal -0.15374349977592566 -0.988110791498934 -1.8748850242146324e-18
    outer loop
      vertex -1.6095260017403223 -9.237023161907397 7.28263005780347
      vertex -1.2730589751638755 -9.289375204482086 7.299971098265896
      vertex -1.2730589751638755 -9.289375204482086 8.049971098265896
    endloop
  endfacet
  facet normal -0.11776281470009405 -0.9930417511232402 9.49826420545516e-19
    outer loop
      vertex -1.2730589751638755 -9.289375204482086 7.299971098265896
      vertex -0.9349128804735767 -9.329475266584744 7.317312138728324
      vertex -0.9349128804735767 -9.329475266584744 8.067312138728324
    endloop
  endfacet
  facet normal -0.08162680941443003 -0.9966629640880714 -3.302006241208566e-18
    outer loop
      vertex -0.9349128804735767 -9.329475266584744 7.317312138728324
      vertex -0.5955337066899622 -9.357270459278604 7.334653179190752
      vertex -0.5955337066899622 -9.357270459278604 8.084653179190752
    endloop
  endfacet
  facet normal -0.04538314456576895 -0.9989696542885186 2.3940385486941018e-19
    outer loop
      vertex -0.5955337066899622 -9.357270459278604 7.334653179190752
      vertex -0.25536906917125357 -9.37272412281523 7.35199421965318
      vertex -0.25536906917125357 -9.37272412281523 8.10199421965318
    endloop
  endfacet
  facet normal -0.009079622795765123 -0.9999587793753734 -3.0949195921983163e-19
    outer loop
      vertex -0.25536906917125357 -9.37272412281523 7.35199421965318
      vertex 0.08513238075730768 -9.375815874985948 7.369335260115608
      vertex 0.08513238075730768 -9.375815874985948 8.119335260115609
    endloop
  endfacet
  facet normal -0.2951683068394943 -0.9554452734916354 0
    outer loop
      vertex -2.9297734209978263 -8.906716485074991 7.213265895953757
      vertex -2.6044295091672693 -9.007225864586202 7.980606936416185
      vertex -2.9297734209978263 -8.906716485074991 7.963265895953758
    endloop
  endfacet
  facet normal -0.2602804753000623 -0.9655330518307356 0
    outer loop
      vertex -2.6044295091672693 -9.007225864586202 7.230606936416185
      vertex -2.2756505525910016 -9.095855397178662 7.9979479768786135
      vertex -2.6044295091672693 -9.007225864586202 7.980606936416185
    endloop
  endfacet
  facet normal -0.22504935357906042 -0.9743473653957542 0
    outer loop
      vertex -2.2756505525910016 -9.095855397178662 7.2479479768786135
      vertex -1.9438701857457086 -9.172488187229291 8.015289017341042
      vertex -2.2756505525910016 -9.095855397178662 7.9979479768786135
    endloop
  endfacet
  facet normal -0.18952140885062274 -0.9818765887764486 0
    outer loop
      vertex -1.9438701857457086 -9.172488187229291 7.265289017341041
      vertex -1.6095260017403223 -9.237023161907397 8.03263005780347
      vertex -1.9438701857457086 -9.172488187229291 8.015289017341042
    endloop
  endfacet
  facet normal -0.3296668337968908 -0.944097335392031 -6.41260711295931e-18
    outer loop
      vertex -3.2512531841691423 -8.79445982288406 10.19592485549133
      vertex -2.9297734209978263 -8.906716485074991 10.213265895953757
      vertex -2.9297734209978263 -8.906716485074991 10.963265895953757
    endloop
  endfacet
  facet normal -0.2951683068394943 -0.9554452734916354 -6.486070849338714e-19
    outer loop
      vertex -2.9297734209978263 -8.906716485074991 10.213265895953757
      vertex -2.6044295091672693 -9.007225864586202 10.230606936416185
      vertex -2.6044295091672693 -9.007225864586202 10.980606936416185
    endloop
  endfacet
  facet normal -0.15374349977592566 -0.988110791498934 0
    outer loop
      vertex -1.6095260017403223 -9.237023161907397 7.28263005780347
      vertex -1.2730589751638755 -9.289375204482086 8.049971098265896
      vertex -1.6095260017403223 -9.237023161907397 8.03263005780347
    endloop
  endfacet
  facet normal -0.11776281470009405 -0.9930417511232402 0
    outer loop
      vertex -1.2730589751638755 -9.289375204482086 7.299971098265896
      vertex -0.9349128804735767 -9.329475266584744 8.067312138728324
      vertex -1.2730589751638755 -9.289375204482086 8.049971098265896
    endloop
  endfacet
  facet normal -0.08162680941443003 -0.9966629640880714 0
    outer loop
      vertex -0.9349128804735767 -9.329475266584744 7.317312138728324
      vertex -0.5955337066899622 -9.357270459278604 8.084653179190752
      vertex -0.9349128804735767 -9.329475266584744 8.067312138728324
    endloop
  endfacet
  facet normal -0.045383144565768946 -0.9989696542885186 0
    outer loop
      vertex -0.5955337066899622 -9.357270459278604 7.334653179190752
      vertex -0.25536906917125357 -9.37272412281523 8.10199421965318
      vertex -0.5955337066899622 -9.357270459278604 8.084653179190752
    endloop
  endfacet
  facet normal -0.009079622795765125 -0.9999587793753734 0
    outer loop
      vertex -0.25536906917125357 -9.37272412281523 7.35199421965318
      vertex 0.08513238075730768 -9.375815874985948 8.119335260115609
      vertex -0.25536906917125357 -9.37272412281523 8.10199421965318
    endloop
  endfacet
  facet normal -0.5259779844619142 -0.8504981833380847 0
    outer loop
      vertex -5.614922422194272 -9.45899816009814 11.796719653179192
      vertex -5.614922422194272 -9.45899816009814 12.17171965317919
      vertex -5.954685334877884 -9.24887682708502 11.779378612716764
    endloop
  endfacet
  facet normal -0.4947486771448941 -0.8690361019332726 0
    outer loop
      vertex -5.614922422194272 -9.45899816009814 11.796719653179192
      vertex -5.2677538532254555 -9.656643792841711 12.18906069364162
      vertex -5.614922422194272 -9.45899816009814 12.17171965317919
    endloop
  endfacet
  facet normal -0.49474867714489407 -0.8690361019332725 2.0042015685658358e-17
    outer loop
      vertex -5.614922422194272 -9.45899816009814 11.796719653179192
      vertex -5.2677538532254555 -9.656643792841711 11.814060693641618
      vertex -5.2677538532254555 -9.656643792841711 12.18906069364162
    endloop
  endfacet
  facet normal -0.462866833893271 -0.8864278279034447 0
    outer loop
      vertex -5.2677538532254555 -9.656643792841711 11.814060693641618
      vertex -4.91363751695039 -9.841553045735088 12.206401734104046
      vertex -5.2677538532254555 -9.656643792841711 12.18906069364162
    endloop
  endfacet
  facet normal -0.4628668338932711 -0.8864278279034449 -1.4151399470766324e-17
    outer loop
      vertex -5.2677538532254555 -9.656643792841711 11.814060693641618
      vertex -4.91363751695039 -9.841553045735088 11.831401734104046
      vertex -4.91363751695039 -9.841553045735088 12.206401734104046
    endloop
  endfacet
  facet normal -0.4303745044372315 -0.9026504228827499 0
    outer loop
      vertex -4.91363751695039 -9.841553045735088 11.831401734104046
      vertex -4.553040465925502 -10.013482037515466 12.223742774566475
      vertex -4.91363751695039 -9.841553045735088 12.206401734104046
    endloop
  endfacet
  facet normal -0.18138601825546402 -0.46768557724536175 -0.8650834140232382
    outer loop
      vertex -4.91363751695039 -9.841553045735088 11.831401734104046
      vertex -4.188296338313913 -8.388762997388719 10.893901734104048
      vertex -4.553040465925502 -10.013482037515466 11.848742774566475
    endloop
  endfacet
  facet normal -0.16428426716906083 -0.4739634651981351 -0.865083414023238
    outer loop
      vertex -4.553040465925502 -10.013482037515466 11.848742774566475
      vertex -3.8809298907067484 -8.535312181010768 10.911242774566475
      vertex -4.186438300277837 -10.172204006898742 11.866083815028903
    endloop
  endfacet
  facet normal -0.14696583760978893 -0.4796162313324607 -0.8650834140232377
    outer loop
      vertex -4.186438300277837 -10.172204006898742 11.866083815028903
      vertex -3.5684447912863453 -8.670603936026213 10.928583815028903
      vertex -3.8143145404246104 -10.317509611660432 11.88342485549133
    endloop
  endfacet
  facet normal -0.1294535712711022 -0.48463642007907 -0.8650834140232381
    outer loop
      vertex -3.8143145404246104 -10.317509611660432 11.88342485549133
      vertex -3.2512531841691423 -8.79445982288406 10.94592485549133
      vertex -3.4371599893464935 -10.449207204742168 11.900765895953757
    endloop
  endfacet
  facet normal -0.11177056550243186 -0.4890174101902365 -0.8650834140232377
    outer loop
      vertex -3.4371599893464935 -10.449207204742168 11.900765895953757
      vertex -2.9297734209978263 -8.906716485074991 10.963265895953757
      vertex -3.0554720852557375 -10.567123087019615 11.918106936416185
    endloop
  endfacet
  facet normal -0.12288357285134076 -0.4856117838687517 -0.8654945539349732
    outer loop
      vertex -3.4371599893464935 -10.449207204742168 11.900765895953757
      vertex -3.2512531841691423 -8.79445982288406 10.94592485549133
      vertex -2.9297734209978263 -8.906716485074991 10.963265895953757
    endloop
  endfacet
  facet normal -0.363730555234965 -0.931504204600529 3.432687372427983e-18
    outer loop
      vertex -4.186438300277837 -10.172204006898742 11.866083815028903
      vertex -3.8143145404246104 -10.317509611660432 11.88342485549133
      vertex -3.8143145404246104 -10.317509611660432 12.258424855491329
    endloop
  endfacet
  facet normal -0.363730555234965 -0.931504204600529 0
    outer loop
      vertex -4.186438300277837 -10.172204006898742 11.866083815028903
      vertex -3.8143145404246104 -10.317509611660432 12.258424855491329
      vertex -4.186438300277837 -10.172204006898742 12.241083815028903
    endloop
  endfacet
  facet normal -0.4303745044372315 -0.9026504228827499 9.168534154024682e-18
    outer loop
      vertex -4.91363751695039 -9.841553045735088 11.831401734104046
      vertex -4.553040465925502 -10.013482037515466 11.848742774566475
      vertex -4.553040465925502 -10.013482037515466 12.223742774566475
    endloop
  endfacet
  facet normal -0.3973145436918957 -0.9176824905003368 9.898347041296923e-18
    outer loop
      vertex -4.553040465925502 -10.013482037515466 11.848742774566475
      vertex -4.186438300277837 -10.172204006898742 11.866083815028903
      vertex -4.186438300277837 -10.172204006898742 12.241083815028903
    endloop
  endfacet
  facet normal -0.3973145436918957 -0.9176824905003368 0
    outer loop
      vertex -4.553040465925502 -10.013482037515466 11.848742774566475
      vertex -4.186438300277837 -10.172204006898742 12.241083815028903
      vertex -4.553040465925502 -10.013482037515466 12.223742774566475
    endloop
  endfacet
  facet normal -0.24917828288346427 -0.43536291771480434 0.8650834140232377
    outer loop
      vertex -4.91363751695039 -9.841553045735088 12.206401734104046
      vertex -4.553040465925502 -10.013482037515466 12.223742774566475
      vertex -3.8809298907067484 -8.535312181010768 13.161242774566475
    endloop
  endfacet
  facet normal -0.2332054936631428 -0.44412372657540955 0.8650834140232379
    outer loop
      vertex -4.186438300277837 -10.172204006898742 12.241083815028903
      vertex -3.5684447912863453 -8.670603936026213 13.178583815028903
      vertex -4.553040465925502 -10.013482037515466 12.223742774566475
    endloop
  endfacet
  facet normal -0.32966683379689105 -0.944097335392031 1.41769231304665e-17
    outer loop
      vertex -3.8143145404246104 -10.317509611660432 11.88342485549133
      vertex -3.4371599893464935 -10.449207204742168 11.900765895953757
      vertex -3.4371599893464935 -10.449207204742168 12.275765895953759
    endloop
  endfacet
  facet normal -0.32966683379689105 -0.944097335392031 0
    outer loop
      vertex -3.8143145404246104 -10.317509611660432 11.88342485549133
      vertex -3.4371599893464935 -10.449207204742168 12.275765895953759
      vertex -3.8143145404246104 -10.317509611660432 12.258424855491329
    endloop
  endfacet
  facet normal -0.2951683068394934 -0.9554452734916357 0
    outer loop
      vertex -3.4371599893464935 -10.449207204742168 11.900765895953757
      vertex -3.0554720852557375 -10.567123087019615 12.293106936416185
      vertex -3.4371599893464935 -10.449207204742168 12.275765895953759
    endloop
  endfacet
  facet normal -0.2951683068394934 -0.9554452734916357 2.90029615019214e-18
    outer loop
      vertex -3.4371599893464935 -10.449207204742168 11.900765895953757
      vertex -3.0554720852557375 -10.567123087019615 11.918106936416185
      vertex -3.0554720852557375 -10.567123087019615 12.293106936416185
    endloop
  endfacet
  facet normal -0.21692512410598946 -0.4522987699668229 0.8650834140232376
    outer loop
      vertex -4.186438300277837 -10.172204006898742 12.241083815028903
      vertex -3.8143145404246104 -10.317509611660432 12.258424855491329
      vertex -3.2512531841691423 -8.79445982288406 13.19592485549133
    endloop
  endfacet
  facet normal -0.20035864678315413 -0.4598772656276044 0.8650834140232381
    outer loop
      vertex -3.8143145404246104 -10.317509611660432 12.258424855491329
      vertex -3.4371599893464935 -10.449207204742168 12.275765895953759
      vertex -2.9297734209978263 -8.906716485074991 13.213265895953757
    endloop
  endfacet
  facet normal -0.2471800281775536 -0.4365005388908965 -0.865083414023238
    outer loop
      vertex -6.286594469795601 -9.026556927884261 11.762037572254336
      vertex -5.35858017761371 -7.69407494920457 10.824537572254336
      vertex -5.954685334877884 -9.24887682708502 11.779378612716764
    endloop
  endfacet
  facet normal -0.23116724856076068 -0.44518803889451797 -0.8650834140232377
    outer loop
      vertex -5.614922422194272 -9.45899816009814 11.796719653179192
      vertex -5.954685334877884 -9.24887682708502 11.779378612716764
      vertex -5.0756667942733 -7.8835764369607855 10.841878612716764
    endloop
  endfacet
  facet normal -0.2722979056958935 -0.42044384602766166 -0.8654945539349732
    outer loop
      vertex -6.610212064003202 -8.792331685560237 11.744696531791908
      vertex -5.902840443608681 -7.28489159433341 10.78985549132948
      vertex -5.634426000623234 -7.494425560868075 10.80719653179191
    endloop
  endfacet
  facet normal -0.256851596466685 -0.4300539902168299 -0.8654945539349732
    outer loop
      vertex -6.286594469795601 -9.026556927884261 11.762037572254336
      vertex -5.634426000623234 -7.494425560868075 10.80719653179191
      vertex -5.35858017761371 -7.69407494920457 10.824537572254336
    endloop
  endfacet
  facet normal -0.2628667961076965 -0.42723732782374435 -0.8650834140232382
    outer loop
      vertex -6.286594469795601 -9.026556927884261 11.762037572254336
      vertex -6.610212064003202 -8.792331685560237 11.744696531791908
      vertex -5.634426000623234 -7.494425560868075 10.80719653179191
    endloop
  endfacet
  facet normal -0.21484957689765155 -0.4532883696818167 -0.8650834140232377
    outer loop
      vertex -5.614922422194272 -9.45899816009814 11.796719653179192
      vertex -4.786058991870563 -8.062680086064859 10.859219653179192
      vertex -5.2677538532254555 -9.656643792841711 11.814060693641618
    endloop
  endfacet
  facet normal -0.19824853495799655 -0.46079084753161886 -0.8650834140232377
    outer loop
      vertex -5.2677538532254555 -9.656643792841711 11.814060693641618
      vertex -4.490138741104443 -8.231149672404513 10.876560693641618
      vertex -4.91363751695039 -9.841553045735088 11.831401734104046
    endloop
  endfacet
  facet normal -0.20856375889558915 -0.45543422750628304 -0.865494553934973
    outer loop
      vertex -5.2677538532254555 -9.656643792841711 11.814060693641618
      vertex -4.786058991870563 -8.062680086064859 10.859219653179192
      vertex -4.490138741104443 -8.231149672404513 10.876560693641618
    endloop
  endfacet
  facet normal -0.24106651948669358 -0.4390969258506298 -0.8654945539349732
    outer loop
      vertex -5.954685334877884 -9.24887682708502 11.779378612716764
      vertex -5.35858017761371 -7.69407494920457 10.824537572254336
      vertex -5.0756667942733 -7.8835764369607855 10.841878612716764
    endloop
  endfacet
  facet normal -0.22496349407376742 -0.4475607259836638 -0.865494553934973
    outer loop
      vertex -5.614922422194272 -9.45899816009814 11.796719653179192
      vertex -5.0756667942733 -7.8835764369607855 10.841878612716764
      vertex -4.786058991870563 -8.062680086064859 10.859219653179192
    endloop
  endfacet
  facet normal -0.5259779844619152 -0.8504981833380841 0
    outer loop
      vertex -5.0756667942733 -7.8835764369607855 10.091878612716764
      vertex -4.786058991870563 -8.062680086064859 10.859219653179192
      vertex -5.0756667942733 -7.8835764369607855 10.841878612716764
    endloop
  endfacet
  facet normal -0.5565135667594939 -0.8308385222247618 0
    outer loop
      vertex -6.286594469795601 -9.026556927884261 11.762037572254336
      vertex -5.954685334877884 -9.24887682708502 12.154378612716764
      vertex -6.286594469795601 -9.026556927884261 12.137037572254336
    endloop
  endfacet
  facet normal -0.556513566759494 -0.830838522224762 -1.072668000463054e-17
    outer loop
      vertex -6.286594469795601 -9.026556927884261 11.762037572254336
      vertex -5.954685334877884 -9.24887682708502 11.779378612716764
      vertex -5.954685334877884 -9.24887682708502 12.154378612716764
    endloop
  endfacet
  facet normal -0.5259779844619142 -0.8504981833380846 1.336808414514486e-17
    outer loop
      vertex -5.614922422194272 -9.45899816009814 12.17171965317919
      vertex -5.954685334877884 -9.24887682708502 12.154378612716764
      vertex -5.954685334877884 -9.24887682708502 11.779378612716764
    endloop
  endfacet
  facet normal -0.309578963063018 -0.39470438610525466 0.8650834140232377
    outer loop
      vertex -6.286594469795601 -9.026556927884261 12.137037572254336
      vertex -5.954685334877884 -9.24887682708502 12.154378612716764
      vertex -5.0756667942733 -7.8835764369607855 13.091878612716764
    endloop
  endfacet
  facet normal -0.32370692090196235 -0.3832029699024656 0.8650834140232379
    outer loop
      vertex -6.286594469795601 -9.026556927884261 12.137037572254336
      vertex -5.35858017761371 -7.69407494920457 13.074537572254336
      vertex -6.610212064003202 -8.792331685560237 12.119696531791908
    endloop
  endfacet
  facet normal -0.32826211112970705 -0.37836908370739036 0.8654945539349729
    outer loop
      vertex -6.610212064003202 -8.792331685560237 12.119696531791908
      vertex -5.35858017761371 -7.69407494920457 13.074537572254336
      vertex -5.634426000623234 -7.494425560868075 13.057196531791908
    endloop
  endfacet
  facet normal -0.31430667258735995 -0.3900390912151812 0.8654945539349729
    outer loop
      vertex -6.286594469795601 -9.026556927884261 12.137037572254336
      vertex -5.0756667942733 -7.8835764369607855 13.091878612716764
      vertex -5.35858017761371 -7.69407494920457 13.074537572254336
    endloop
  endfacet
  facet normal -0.2801172861902427 -0.4161309802926391 0.865083414023238
    outer loop
      vertex -5.614922422194272 -9.45899816009814 12.17171965317919
      vertex -5.2677538532254555 -9.656643792841711 12.18906069364162
      vertex -4.490138741104443 -8.231149672404513 13.126560693641618
    endloop
  endfacet
  facet normal -0.29504269408079853 -0.4056852171960967 0.8650834140232376
    outer loop
      vertex -5.614922422194272 -9.45899816009814 12.17171965317919
      vertex -4.786058991870563 -8.062680086064859 13.109219653179192
      vertex -5.954685334877884 -9.24887682708502 12.154378612716764
    endloop
  endfacet
  facet normal -0.2648224248709206 -0.4260278982266124 0.8650834140232379
    outer loop
      vertex -5.2677538532254555 -9.656643792841711 12.18906069364162
      vertex -4.91363751695039 -9.841553045735088 12.206401734104046
      vertex -4.188296338313913 -8.388762997388719 13.143901734104046
    endloop
  endfacet
  facet normal -0.2999366874118932 -0.4011946667807068 0.8654945539349731
    outer loop
      vertex -5.954685334877884 -9.24887682708502 12.154378612716764
      vertex -4.786058991870563 -8.062680086064859 13.109219653179192
      vertex -5.0756667942733 -7.8835764369607855 13.091878612716764
    endloop
  endfacet
  facet normal -0.2851711085225171 -0.4118210970469355 0.8654945539349727
    outer loop
      vertex -5.614922422194272 -9.45899816009814 12.17171965317919
      vertex -4.490138741104443 -8.231149672404513 13.126560693641618
      vertex -4.786058991870563 -8.062680086064859 13.109219653179192
    endloop
  endfacet
  facet normal -0.6435601146806196 -0.7653955701415235 4.156755227926885e-18
    outer loop
      vertex -5.902840443608681 -7.28489159433341 10.78985549132948
      vertex -6.025916063803831 -7.181407117368729 10.781666613868614
      vertex -6.025916063803831 -7.181407117368729 10.031666613868614
    endloop
  endfacet
  facet normal -0.28738507466543894 -0.41027916833351724 -0.8654945539349727
    outer loop
      vertex -5.902840443608681 -7.28489159433341 10.78985549132948
      vertex -6.535055953035375 -7.788176409464659 11.238358113331351
      vertex -6.025916063803831 -7.181407117368729 10.781666613868614
    endloop
  endfacet
  facet normal -0.5863151499234033 -0.8100830481933917 0
    outer loop
      vertex -5.634426000623234 -7.494425560868075 10.05719653179191
      vertex -5.35858017761371 -7.69407494920457 10.824537572254336
      vertex -5.634426000623234 -7.494425560868075 10.80719653179191
    endloop
  endfacet
  facet normal -0.6153434279285549 -0.7882591361380693 0
    outer loop
      vertex -5.902840443608681 -7.28489159433341 10.03985549132948
      vertex -5.634426000623234 -7.494425560868075 10.80719653179191
      vertex -5.902840443608681 -7.28489159433341 10.78985549132948
    endloop
  endfacet
  facet normal -0.5565135667594944 -0.8308385222247617 0
    outer loop
      vertex -5.35858017761371 -7.69407494920457 10.074537572254336
      vertex -5.0756667942733 -7.8835764369607855 10.841878612716764
      vertex -5.35858017761371 -7.69407494920457 10.824537572254336
    endloop
  endfacet
  facet normal -0.34178459687526097 -0.3662000361110265 0.8654945539349732
    outer loop
      vertex -6.92511129046901 -8.546510025420822 12.102355491329481
      vertex -5.634426000623234 -7.494425560868075 13.057196531791908
      vertex -5.902840443608681 -7.28489159433341 13.03985549132948
    endloop
  endfacet
  facet normal -0.35485629469219726 -0.3535479984757747 0.8654945539349732
    outer loop
      vertex -5.902840443608681 -7.28489159433341 13.03985549132948
      vertex -6.025916063803831 -7.181407117368729 13.031666613868614
      vertex -6.477452360679111 -7.719527121331005 12.626716928194256
    endloop
  endfacet
  facet normal -0.19188894395746592 -0.46270704586789085 -0.8654945539349732
    outer loop
      vertex -4.91363751695039 -9.841553045735088 11.831401734104046
      vertex -4.490138741104443 -8.231149672404513 10.876560693641618
      vertex -4.188296338313913 -8.388762997388719 10.893901734104048
    endloop
  endfacet
  facet normal -0.17496104207406984 -0.4693695887733433 -0.8654945539349732
    outer loop
      vertex -4.553040465925502 -10.013482037515466 11.848742774566475
      vertex -4.188296338313913 -8.388762997388719 10.893901734104048
      vertex -3.8809298907067484 -8.535312181010768 10.911242774566475
    endloop
  endfacet
  facet normal -0.46286683389327055 -0.886427827903445 0
    outer loop
      vertex -4.490138741104443 -8.231149672404513 10.126560693641618
      vertex -4.188296338313913 -8.388762997388719 10.893901734104048
      vertex -4.490138741104443 -8.231149672404513 10.876560693641618
    endloop
  endfacet
  facet normal -0.49474867714489534 -0.8690361019332719 0
    outer loop
      vertex -4.786058991870563 -8.062680086064859 10.109219653179192
      vertex -4.490138741104443 -8.231149672404513 10.876560693641618
      vertex -4.786058991870563 -8.062680086064859 10.859219653179192
    endloop
  endfacet
  facet normal -0.4303745044372285 -0.9026504228827514 0
    outer loop
      vertex -4.188296338313913 -8.388762997388719 10.143901734104048
      vertex -3.8809298907067484 -8.535312181010768 10.911242774566475
      vertex -4.188296338313913 -8.388762997388719 10.893901734104048
    endloop
  endfacet
  facet normal -0.36373055523496595 -0.9315042046005285 0
    outer loop
      vertex -3.5684447912863453 -8.670603936026213 10.178583815028903
      vertex -3.2512531841691423 -8.79445982288406 10.94592485549133
      vertex -3.5684447912863453 -8.670603936026213 10.928583815028903
    endloop
  endfacet
  facet normal -0.3296668337968908 -0.944097335392031 0
    outer loop
      vertex -3.2512531841691423 -8.79445982288406 10.19592485549133
      vertex -2.9297734209978263 -8.906716485074991 10.963265895953757
      vertex -3.2512531841691423 -8.79445982288406 10.94592485549133
    endloop
  endfacet
  facet normal -0.15780237986247267 -0.4754130688345052 -0.865494553934973
    outer loop
      vertex -4.186438300277837 -10.172204006898742 11.866083815028903
      vertex -3.8809298907067484 -8.535312181010768 10.911242774566475
      vertex -3.5684447912863453 -8.670603936026213 10.928583815028903
    endloop
  endfacet
  facet normal -0.14043558829514044 -0.4808295151601033 -0.865494553934973
    outer loop
      vertex -3.8143145404246104 -10.317509611660432 11.88342485549133
      vertex -3.5684447912863453 -8.670603936026213 10.928583815028903
      vertex -3.2512531841691423 -8.79445982288406 10.94592485549133
    endloop
  endfacet
  facet normal -0.3973145436918966 -0.9176824905003363 0
    outer loop
      vertex -3.8809298907067484 -8.535312181010768 10.161242774566475
      vertex -3.5684447912863453 -8.670603936026213 10.928583815028903
      vertex -3.8809298907067484 -8.535312181010768 10.911242774566475
    endloop
  endfacet
  facet normal -0.2700294105965172 -0.4219043665592939 0.8654945539349733
    outer loop
      vertex -5.2677538532254555 -9.656643792841711 12.18906069364162
      vertex -4.188296338313913 -8.388762997388719 13.143901734104046
      vertex -4.490138741104443 -8.231149672404513 13.126560693641618
    endloop
  endfacet
  facet normal -0.2545315643836096 -0.43143117625101546 0.865494553934973
    outer loop
      vertex -4.91363751695039 -9.841553045735088 12.206401734104046
      vertex -3.8809298907067484 -8.535312181010768 13.161242774566475
      vertex -4.188296338313913 -8.388762997388719 13.143901734104046
    endloop
  endfacet
  facet normal -0.23869801036606467 -0.44038896098356534 0.8654945539349731
    outer loop
      vertex -4.553040465925502 -10.013482037515466 12.223742774566475
      vertex -3.5684447912863453 -8.670603936026213 13.178583815028903
      vertex -3.8809298907067484 -8.535312181010768 13.161242774566475
    endloop
  endfacet
  facet normal -0.22254963179925288 -0.4487659061191247 0.8654945539349731
    outer loop
      vertex -4.186438300277837 -10.172204006898742 12.241083815028903
      vertex -3.2512531841691423 -8.79445982288406 13.19592485549133
      vertex -3.5684447912863453 -8.670603936026213 13.178583815028903
    endloop
  endfacet
  facet normal -0.20610772716821488 -0.4565509631031954 0.8654945539349725
    outer loop
      vertex -3.8143145404246104 -10.317509611660432 12.258424855491329
      vertex -2.9297734209978263 -8.906716485074991 13.213265895953757
      vertex -3.2512531841691423 -8.79445982288406 13.19592485549133
    endloop
  endfacet
  facet normal -0.5565135667594944 -0.8308385222247617 0
    outer loop
      vertex -5.0756667942733 -7.8835764369607855 13.091878612716764
      vertex -5.0756667942733 -7.8835764369607855 14.437299605349304
      vertex -5.35858017761371 -7.69407494920457 13.074537572254336
    endloop
  endfacet
  facet normal -0.5259779844619151 -0.850498183338084 -3.590966521823658e-18
    outer loop
      vertex -5.0756667942733 -7.8835764369607855 13.091878612716764
      vertex -4.786058991870563 -8.062680086064859 13.109219653179192
      vertex -4.786058991870563 -8.062680086064859 14.437299605349304
    endloop
  endfacet
  facet normal -0.5259779844619152 -0.8504981833380841 0
    outer loop
      vertex -5.0756667942733 -7.8835764369607855 13.091878612716764
      vertex -4.786058991870563 -8.062680086064859 14.437299605349304
      vertex -5.0756667942733 -7.8835764369607855 14.437299605349304
    endloop
  endfacet
  facet normal -0.6435601146806196 -0.7653955701415235 0
    outer loop
      vertex -5.902840443608681 -7.28489159433341 13.03985549132948
      vertex -5.902840443608681 -7.28489159433341 14.437299605349304
      vertex -6.025916063803831 -7.181407117368729 13.031666613868614
    endloop
  endfacet
  facet normal -0.6153434279285548 -0.7882591361380694 5.728830562502157e-18
    outer loop
      vertex -5.902840443608681 -7.28489159433341 13.03985549132948
      vertex -5.634426000623234 -7.494425560868075 13.057196531791908
      vertex -5.634426000623234 -7.494425560868075 14.437299605349304
    endloop
  endfacet
  facet normal -0.6435601146806196 -0.7653955701415235 2.2179092550048414e-18
    outer loop
      vertex -5.902840443608681 -7.28489159433341 14.437299605349304
      vertex -6.025916063803831 -7.181407117368729 14.437299605349304
      vertex -6.025916063803831 -7.181407117368729 13.031666613868614
    endloop
  endfacet
  facet normal -0.5863151499234033 -0.8100830481933917 0
    outer loop
      vertex -5.634426000623234 -7.494425560868075 13.057196531791908
      vertex -5.35858017761371 -7.69407494920457 14.437299605349304
      vertex -5.634426000623234 -7.494425560868075 14.437299605349304
    endloop
  endfacet
  facet normal -0.6153434279285549 -0.7882591361380694 0
    outer loop
      vertex -5.902840443608681 -7.28489159433341 13.03985549132948
      vertex -5.634426000623234 -7.494425560868075 14.437299605349304
      vertex -5.902840443608681 -7.28489159433341 14.437299605349304
    endloop
  endfacet
  facet normal -0.5863151499234034 -0.8100830481933917 -3.53749355295978e-18
    outer loop
      vertex -5.634426000623234 -7.494425560868075 13.057196531791908
      vertex -5.35858017761371 -7.69407494920457 13.074537572254336
      vertex -5.35858017761371 -7.69407494920457 14.437299605349304
    endloop
  endfacet
  facet normal -0.5565135667594944 -0.8308385222247616 0
    outer loop
      vertex -5.35858017761371 -7.69407494920457 13.074537572254336
      vertex -5.0756667942733 -7.8835764369607855 14.437299605349304
      vertex -5.35858017761371 -7.69407494920457 14.437299605349304
    endloop
  endfacet
  facet normal -0.4551032381514343 -0.5412610174125517 0.7070484804124878
    outer loop
      vertex -5.902840443608681 -7.28489159433341 14.437299605349304
      vertex -4.9190337030072335 -6.070742995277842 15.999999999999998
      vertex -6.025916063803831 -7.181407117368729 14.437299605349304
    endloop
  endfacet
  facet normal -0.4146215982322129 -0.5728624412769244 0.7070484804124875
    outer loop
      vertex -5.634426000623234 -7.494425560868075 14.437299605349304
      vertex -5.35858017761371 -7.69407494920457 14.437299605349304
      vertex -4.4654834813447595 -6.411729124337143 15.999999999999998
    endloop
  endfacet
  facet normal -0.37195326196337875 -0.6014426134397151 0.7070484804124876
    outer loop
      vertex -5.0756667942733 -7.8835764369607855 14.437299605349304
      vertex -4.786058991870563 -8.062680086064859 14.437299605349304
      vertex -4.229722328561083 -6.569647030800656 15.999999999999998
    endloop
  endfacet
  facet normal -0.3935469593747923 -0.5875399876716886 0.7070484804124876
    outer loop
      vertex -5.0756667942733 -7.8835764369607855 14.437299605349304
      vertex -4.229722328561083 -6.569647030800656 15.999999999999998
      vertex -5.35858017761371 -7.69407494920457 14.437299605349304
    endloop
  endfacet
  facet normal -0.4351493826873771 -0.5574293328245176 0.7070484804124875
    outer loop
      vertex -5.902840443608681 -7.28489159433341 14.437299605349304
      vertex -5.634426000623234 -7.494425560868075 14.437299605349304
      vertex -4.6953550005193625 -6.24535463405673 15.999999999999998
    endloop
  endfacet
  facet normal -0.45510323815143194 -0.541261017412554 0.7070484804124877
    outer loop
      vertex -4.9190337030072335 -6.070742995277842 15.999999999999998
      vertex -5.021596719836526 -5.984505931140608 15.999999999999998
      vertex -6.025916063803831 -7.181407117368729 14.437299605349304
    endloop
  endfacet
  facet normal -0.4351493826873787 -0.557429332824516 0.7070484804124878
    outer loop
      vertex -5.902840443608681 -7.28489159433341 14.437299605349304
      vertex -4.6953550005193625 -6.24535463405673 15.999999999999998
      vertex -4.9190337030072335 -6.070742995277842 15.999999999999998
    endloop
  endfacet
  facet normal -0.4146215982322147 -0.572862441276923 0.7070484804124876
    outer loop
      vertex -5.634426000623234 -7.494425560868075 14.437299605349304
      vertex -4.4654834813447595 -6.411729124337143 15.999999999999998
      vertex -4.6953550005193625 -6.24535463405673 15.999999999999998
    endloop
  endfacet
  facet normal -0.49474867714489534 -0.8690361019332717 3.383839004098252e-18
    outer loop
      vertex -4.786058991870563 -8.062680086064859 13.109219653179192
      vertex -4.490138741104443 -8.231149672404513 13.126560693641618
      vertex -4.490138741104443 -8.231149672404513 14.437299605349304
    endloop
  endfacet
  facet normal -0.46286683389327055 -0.8864278279034451 -7.007291049588405e-18
    outer loop
      vertex -4.490138741104443 -8.231149672404513 13.126560693641618
      vertex -4.188296338313913 -8.388762997388719 13.143901734104046
      vertex -4.188296338313913 -8.388762997388719 14.437299605349304
    endloop
  endfacet
  facet normal -0.4303745044372285 -0.9026504228827514 -4.201847503692857e-18
    outer loop
      vertex -4.188296338313913 -8.388762997388719 13.143901734104046
      vertex -3.8809298907067484 -8.535312181010768 13.161242774566475
      vertex -3.8809298907067484 -8.535312181010768 14.437299605349304
    endloop
  endfacet
  facet normal -0.4628668338932705 -0.886427827903445 0
    outer loop
      vertex -4.490138741104443 -8.231149672404513 13.126560693641618
      vertex -4.188296338313913 -8.388762997388719 14.437299605349304
      vertex -4.490138741104443 -8.231149672404513 14.437299605349304
    endloop
  endfacet
  facet normal -0.49474867714489534 -0.8690361019332719 0
    outer loop
      vertex -4.786058991870563 -8.062680086064859 13.109219653179192
      vertex -4.490138741104443 -8.231149672404513 14.437299605349304
      vertex -4.786058991870563 -8.062680086064859 14.437299605349304
    endloop
  endfacet
  facet normal -0.4303745044372285 -0.9026504228827514 0
    outer loop
      vertex -4.188296338313913 -8.388762997388719 13.143901734104046
      vertex -3.8809298907067484 -8.535312181010768 14.437299605349304
      vertex -4.188296338313913 -8.388762997388719 14.437299605349304
    endloop
  endfacet
  facet normal -0.39731454369189667 -0.9176824905003363 0
    outer loop
      vertex -3.5684447912863453 -8.670603936026213 13.178583815028903
      vertex -3.5684447912863453 -8.670603936026213 14.437299605349304
      vertex -3.8809298907067484 -8.535312181010768 13.161242774566475
    endloop
  endfacet
  facet normal -0.36373055523496595 -0.9315042046005286 -3.5354402606194876e-19
    outer loop
      vertex -3.5684447912863453 -8.670603936026213 13.178583815028903
      vertex -3.2512531841691423 -8.79445982288406 13.19592485549133
      vertex -3.2512531841691423 -8.79445982288406 14.437299605349304
    endloop
  endfacet
  facet normal -0.36373055523496595 -0.9315042046005285 0
    outer loop
      vertex -3.5684447912863453 -8.670603936026213 13.178583815028903
      vertex -3.2512531841691423 -8.79445982288406 14.437299605349304
      vertex -3.5684447912863453 -8.670603936026213 14.437299605349304
    endloop
  endfacet
  facet normal -0.32966683379689077 -0.944097335392031 0
    outer loop
      vertex -3.2512531841691423 -8.79445982288406 13.19592485549133
      vertex -2.9297734209978263 -8.906716485074991 14.437299605349304
      vertex -3.2512531841691423 -8.79445982288406 14.437299605349304
    endloop
  endfacet
  facet normal -0.39731454369189667 -0.9176824905003365 0
    outer loop
      vertex -3.8809298907067484 -8.535312181010768 13.161242774566475
      vertex -3.5684447912863453 -8.670603936026213 14.437299605349304
      vertex -3.8809298907067484 -8.535312181010768 14.437299605349304
    endloop
  endfacet
  facet normal -0.3273232603022177 -0.6268508033108983 0.707048480412488
    outer loop
      vertex -4.490138741104443 -8.231149672404513 14.437299605349304
      vertex -4.188296338313913 -8.388762997388719 14.437299605349304
      vertex -3.490246948594928 -6.990635831157265 15.999999999999998
    endloop
  endfacet
  facet normal -0.30434581963551877 -0.6383228559410797 0.7070484804124878
    outer loop
      vertex -4.188296338313913 -8.388762997388719 14.437299605349304
      vertex -3.8809298907067484 -8.535312181010768 14.437299605349304
      vertex -3.2341082422556235 -7.112760150842307 15.999999999999998
    endloop
  endfacet
  facet normal -0.25721754615604553 -0.6587272427157198 0.7070484804124874
    outer loop
      vertex -3.5684447912863453 -8.670603936026213 14.437299605349304
      vertex -3.2512531841691423 -8.79445982288406 14.437299605349304
      vertex -2.9737039927386215 -7.2255032800218455 15.999999999999998
    endloop
  endfacet
  facet normal -0.280966969944334 -0.6489530091976552 0.7070484804124874
    outer loop
      vertex -3.5684447912863453 -8.670603936026213 14.437299605349304
      vertex -2.9737039927386215 -7.2255032800218455 15.999999999999998
      vertex -3.8809298907067484 -8.535312181010768 14.437299605349304
    endloop
  endfacet
  facet normal -0.3498689864450685 -0.6145519820733575 0.7070484804124878
    outer loop
      vertex -4.786058991870563 -8.062680086064859 14.437299605349304
      vertex -4.490138741104443 -8.231149672404513 14.437299605349304
      vertex -3.741782284253703 -6.859291393670427 15.999999999999998
    endloop
  endfacet
  facet normal -0.3719532619633773 -0.6014426134397157 0.7070484804124875
    outer loop
      vertex -4.786058991870563 -8.062680086064859 14.437299605349304
      vertex -3.9883824932254694 -6.718900071720716 15.999999999999998
      vertex -4.229722328561083 -6.569647030800656 15.999999999999998
    endloop
  endfacet
  facet normal -0.3498689864450671 -0.6145519820733587 0.7070484804124876
    outer loop
      vertex -4.786058991870563 -8.062680086064859 14.437299605349304
      vertex -3.741782284253703 -6.859291393670427 15.999999999999998
      vertex -3.9883824932254694 -6.718900071720716 15.999999999999998
    endloop
  endfacet
  facet normal -0.3273232603022164 -0.626850803310899 0.7070484804124877
    outer loop
      vertex -4.490138741104443 -8.231149672404513 14.437299605349304
      vertex -3.490246948594928 -6.990635831157265 15.999999999999998
      vertex -3.741782284253703 -6.859291393670427 15.999999999999998
    endloop
  endfacet
  facet normal -0.3935469593747917 -0.5875399876716891 0.7070484804124875
    outer loop
      vertex -5.35858017761371 -7.69407494920457 14.437299605349304
      vertex -4.229722328561083 -6.569647030800656 15.999999999999998
      vertex -4.4654834813447595 -6.411729124337143 15.999999999999998
    endloop
  endfacet
  facet normal 0 0 1
    outer loop
      vertex -3.9883824932254694 -6.718900071720716 15.999999999999998
      vertex -3.93981366769005 -5.761793840800162 15.999999999999998
      vertex -4.229722328561083 -6.569647030800656 15.999999999999998
    endloop
  endfacet
  facet normal -0.3043458196355207 -0.6383228559410784 0.7070484804124879
    outer loop
      vertex -4.188296338313913 -8.388762997388719 14.437299605349304
      vertex -3.2341082422556235 -7.112760150842307 15.999999999999998
      vertex -3.490246948594928 -6.990635831157265 15.999999999999998
    endloop
  endfacet
  facet normal -0.2809669699443372 -0.6489530091976536 0.7070484804124877
    outer loop
      vertex -3.8809298907067484 -8.535312181010768 14.437299605349304
      vertex -2.9737039927386215 -7.2255032800218455 15.999999999999998
      vertex -3.2341082422556235 -7.112760150842307 15.999999999999998
    endloop
  endfacet
  facet normal 0 0 1
    outer loop
      vertex -3.9883824932254694 -6.718900071720716 15.999999999999998
      vertex -3.741782284253703 -6.859291393670427 15.999999999999998
      vertex -3.6044542822399546 -5.977316231156091 15.999999999999998
    endloop
  endfacet
  facet normal 0 0 1
    outer loop
      vertex -3.741782284253703 -6.859291393670427 15.999999999999998
      vertex -3.257337916115202 -6.173341858364745 15.999999999999998
      vertex -3.6044542822399546 -5.977316231156091 15.999999999999998
    endloop
  endfacet
  facet normal 0 0 1
    outer loop
      vertex -3.741782284253703 -6.859291393670427 15.999999999999998
      vertex -3.490246948594928 -6.990635831157265 15.999999999999998
      vertex -3.257337916115202 -6.173341858364745 15.999999999999998
    endloop
  endfacet
  facet normal 0 0 1
    outer loop
      vertex -3.2341082422556235 -7.112760150842307 15.999999999999998
      vertex -3.257337916115202 -6.173341858364745 15.999999999999998
      vertex -3.490246948594928 -6.990635831157265 15.999999999999998
    endloop
  endfacet
  facet normal 0 0 1
    outer loop
      vertex -3.2341082422556235 -7.112760150842307 15.999999999999998
      vertex -2.899596790753166 -6.349231327574539 15.999999999999998
      vertex -3.257337916115202 -6.173341858364745 15.999999999999998
    endloop
  endfacet
  facet normal -0.07598582027399235 -0.49583953240860884 -0.8650834140232377
    outer loop
      vertex -2.669754245512978 -10.671101736398423 11.935447976878613
      vertex -2.2756505525910016 -9.095855397178662 10.997947976878613
      vertex -2.280515202657934 -10.761006012936061 11.952789017341042
    endloop
  endfacet
  facet normal -0.09394014284557492 -0.4927534234726861 -0.8650834140232377
    outer loop
      vertex -3.0554720852557375 -10.567123087019615 11.918106936416185
      vertex -2.6044295091672693 -9.007225864586202 10.980606936416185
      vertex -2.669754245512978 -10.671101736398423 11.935447976878613
    endloop
  endfacet
  facet normal -0.10516948330655669 -0.48975356751118637 -0.8654945539349729
    outer loop
      vertex -3.0554720852557375 -10.567123087019615 11.918106936416185
      vertex -2.9297734209978263 -8.906716485074991 10.963265895953757
      vertex -2.6044295091672693 -9.007225864586202 10.980606936416185
    endloop
  endfacet
  facet normal -0.0873166831997243 -0.4932494033893008 -0.865494553934973
    outer loop
      vertex -2.669754245512978 -10.671101736398423 11.935447976878613
      vertex -2.6044295091672693 -9.007225864586202 10.980606936416185
      vertex -2.2756505525910016 -9.095855397178662 10.997947976878613
    endloop
  endfacet
  facet normal -0.05793127817572656 -0.4982716666546738 -0.8650834140232375
    outer loop
      vertex -2.280515202657934 -10.761006012936061 11.952789017341042
      vertex -1.9438701857457086 -9.172488187229291 11.015289017341042
      vertex -1.8882683334298618 -10.83671733971898 11.97013005780347
    endloop
  endfacet
  facet normal -0.039800329120778466 -0.5000466184105007 -0.8650834140232379
    outer loop
      vertex -1.8882683334298618 -10.83671733971898 11.97013005780347
      vertex -1.6095260017403223 -9.237023161907397 11.03263005780347
      vertex -1.4935309816625477 -10.898135859256577 11.987471098265896
    endloop
  endfacet
  facet normal -0.06934871901846472 -0.49609468076104213 -0.865494553934973
    outer loop
      vertex -2.280515202657934 -10.761006012936061 11.952789017341042
      vertex -2.2756505525910016 -9.095855397178662 10.997947976878613
      vertex -1.9438701857457086 -9.172488187229291 11.015289017341042
    endloop
  endfacet
  facet normal -0.051289289143060614 -0.49828564692162464 -0.8654945539349728
    outer loop
      vertex -1.8882683334298618 -10.83671733971898 11.97013005780347
      vertex -1.9438701857457086 -9.172488187229291 11.015289017341042
      vertex -1.6095260017403223 -9.237023161907397 11.03263005780347
    endloop
  endfacet
  facet normal -0.26028047530006226 -0.9655330518307355 0
    outer loop
      vertex -3.0554720852557375 -10.567123087019615 11.918106936416185
      vertex -2.669754245512978 -10.671101736398423 12.310447976878613
      vertex -3.0554720852557375 -10.567123087019615 12.293106936416185
    endloop
  endfacet
  facet normal -0.26028047530006226 -0.9655330518307355 -1.7990718517756444e-17
    outer loop
      vertex -3.0554720852557375 -10.567123087019615 11.918106936416185
      vertex -2.669754245512978 -10.671101736398423 11.935447976878613
      vertex -2.669754245512978 -10.671101736398423 12.310447976878613
    endloop
  endfacet
  facet normal -0.22504935357905764 -0.9743473653957546 0
    outer loop
      vertex -2.669754245512978 -10.671101736398423 11.935447976878613
      vertex -2.280515202657934 -10.761006012936061 12.327789017341042
      vertex -2.669754245512978 -10.671101736398423 12.310447976878613
    endloop
  endfacet
  facet normal -0.22504935357905764 -0.9743473653957546 -2.3016563559076677e-18
    outer loop
      vertex -2.669754245512978 -10.671101736398423 11.935447976878613
      vertex -2.280515202657934 -10.761006012936061 11.952789017341042
      vertex -2.280515202657934 -10.761006012936061 12.327789017341042
    endloop
  endfacet
  facet normal -0.18352791162016263 -0.46684921809749336 0.8650834140232379
    outer loop
      vertex -3.4371599893464935 -10.449207204742168 12.275765895953759
      vertex -3.0554720852557375 -10.567123087019615 12.293106936416185
      vertex -2.6044295091672693 -9.007225864586202 13.230606936416185
    endloop
  endfacet
  facet normal -0.1893939820965929 -0.4637338640367954 0.8654945539349734
    outer loop
      vertex -3.4371599893464935 -10.449207204742168 12.275765895953759
      vertex -2.6044295091672693 -9.007225864586202 13.230606936416185
      vertex -2.9297734209978263 -8.906716485074991 13.213265895953757
    endloop
  endfacet
  facet normal -0.16645511707861999 -0.47320543190060943 0.8650834140232377
    outer loop
      vertex -3.0554720852557375 -10.567123087019615 12.293106936416185
      vertex -2.669754245512978 -10.671101736398423 12.310447976878613
      vertex -2.2756505525910016 -9.095855397178662 13.247947976878613
    endloop
  endfacet
  facet normal -0.1724304407449073 -0.47030513521906103 0.865494553934973
    outer loop
      vertex -3.0554720852557375 -10.567123087019615 12.293106936416185
      vertex -2.2756505525910016 -9.095855397178662 13.247947976878613
      vertex -2.6044295091672693 -9.007225864586202 13.230606936416185
    endloop
  endfacet
  facet normal -0.189521408850626 -0.9818765887764479 -7.741420133083895e-18
    outer loop
      vertex -2.280515202657934 -10.761006012936061 11.952789017341042
      vertex -1.8882683334298618 -10.83671733971898 11.97013005780347
      vertex -1.8882683334298618 -10.83671733971898 12.345130057803468
    endloop
  endfacet
  facet normal -0.18952140885062596 -0.981876588776448 0
    outer loop
      vertex -2.280515202657934 -10.761006012936061 11.952789017341042
      vertex -1.8882683334298618 -10.83671733971898 12.345130057803468
      vertex -2.280515202657934 -10.761006012936061 12.327789017341042
    endloop
  endfacet
  facet normal -0.15374349977592536 -0.988110791498934 -1.92472752672265e-19
    outer loop
      vertex -1.8882683334298618 -10.83671733971898 11.97013005780347
      vertex -1.4935309816625477 -10.898135859256577 11.987471098265896
      vertex -1.4935309816625477 -10.898135859256577 12.362471098265896
    endloop
  endfacet
  facet normal -0.15374349977592536 -0.9881107914989341 0
    outer loop
      vertex -1.8882683334298618 -10.83671733971898 11.97013005780347
      vertex -1.4935309816625477 -10.898135859256577 12.362471098265896
      vertex -1.8882683334298618 -10.83671733971898 12.345130057803468
    endloop
  endfacet
  facet normal -0.14916278087802326 -0.47893752367363585 0.8650834140232376
    outer loop
      vertex -2.669754245512978 -10.671101736398423 12.310447976878613
      vertex -2.280515202657934 -10.761006012936061 12.327789017341042
      vertex -1.9438701857457086 -9.172488187229291 13.265289017341042
    endloop
  endfacet
  facet normal -0.13167371029666697 -0.48403793322280975 0.8650834140232375
    outer loop
      vertex -2.280515202657934 -10.761006012936061 12.327789017341042
      vertex -1.8882683334298618 -10.83671733971898 12.345130057803468
      vertex -1.6095260017403223 -9.237023161907397 13.28263005780347
    endloop
  endfacet
  facet normal -0.15523947673601524 -0.47625610964231263 0.8654945539349729
    outer loop
      vertex -2.669754245512978 -10.671101736398423 12.310447976878613
      vertex -1.9438701857457086 -9.172488187229291 13.265289017341042
      vertex -2.2756505525910016 -9.095855397178662 13.247947976878613
    endloop
  endfacet
  facet normal -0.12026624509937069 -0.4862666011547583 0.8654945539349727
    outer loop
      vertex -1.8882683334298618 -10.83671733971898 12.345130057803468
      vertex -1.2730589751638755 -9.289375204482086 13.299971098265896
      vertex -1.6095260017403223 -9.237023161907397 13.28263005780347
    endloop
  endfacet
  facet normal -0.13784376364598283 -0.4815789384231964 0.8654945539349729
    outer loop
      vertex -2.280515202657934 -10.761006012936061 12.327789017341042
      vertex -1.6095260017403223 -9.237023161907397 13.28263005780347
      vertex -1.9438701857457086 -9.172488187229291 13.265289017341042
    endloop
  endfacet
  facet normal -0.08162680941442785 -0.9966629640880716 3.281594264217415e-18
    outer loop
      vertex -1.096823775947158 -10.94518056518562 12.004812138728324
      vertex -0.6986699429626189 -10.9777894091115 12.022153179190752
      vertex -0.6986699429626189 -10.9777894091115 12.397153179190752
    endloop
  endfacet
  facet normal -0.08162680941442785 -0.9966629640880716 0
    outer loop
      vertex -1.096823775947158 -10.94518056518562 12.004812138728324
      vertex -0.6986699429626189 -10.9777894091115 12.397153179190752
      vertex -1.096823775947158 -10.94518056518562 12.379812138728324
    endloop
  endfacet
  facet normal -0.04538314456576748 -0.9989696542885187 -1.3297832486767898e-18
    outer loop
      vertex -0.6986699429626189 -10.9777894091115 12.022153179190752
      vertex -0.2995946173793694 -10.995919382445349 12.03949421965318
      vertex -0.2995946173793694 -10.995919382445349 12.41449421965318
    endloop
  endfacet
  facet normal -0.04538314456576748 -0.9989696542885187 0
    outer loop
      vertex -0.6986699429626189 -10.9777894091115 12.022153179190752
      vertex -0.2995946173793694 -10.995919382445349 12.41449421965318
      vertex -0.6986699429626189 -10.9777894091115 12.397153179190752
    endloop
  endfacet
  facet normal -0.009079622795764096 -0.9999587793753735 3.56350115954754e-20
    outer loop
      vertex -0.2995946173793694 -10.995919382445349 12.03949421965318
      vertex 0.09987585075339053 -10.999546573129107 12.056835260115607
      vertex 0.09987585075339053 -10.999546573129107 12.431835260115607
    endloop
  endfacet
  facet normal -0.009079622795764096 -0.9999587793753735 0
    outer loop
      vertex -0.2995946173793694 -10.995919382445349 12.03949421965318
      vertex 0.09987585075339053 -10.999546573129107 12.431835260115607
      vertex -0.2995946173793694 -10.995919382445349 12.41449421965318
    endloop
  endfacet
  facet normal -0.021616886454095898 -0.5011620466495146 -0.8650834140232377
    outer loop
      vertex -1.096823775947158 -10.94518056518562 12.004812138728324
      vertex -1.4935309816625477 -10.898135859256577 11.987471098265896
      vertex -1.2730589751638755 -9.289375204482086 11.049971098265896
    endloop
  endfacet
  facet normal -0.0034049327557410226 -0.5016164802065698 -0.865083414023238
    outer loop
      vertex -1.096823775947158 -10.94518056518562 12.004812138728324
      vertex -0.9349128804735767 -9.329475266584744 11.067312138728324
      vertex -0.6986699429626189 -10.9777894091115 12.022153179190752
    endloop
  endfacet
  facet normal -0.0331622125901305 -0.4998194121530586 -0.8654945539349731
    outer loop
      vertex -1.4935309816625477 -10.898135859256577 11.987471098265896
      vertex -1.6095260017403223 -9.237023161907397 11.03263005780347
      vertex -1.2730589751638755 -9.289375204482086 11.049971098265896
    endloop
  endfacet
  facet normal -0.014991397597074987 -0.5006939535354791 -0.865494553934973
    outer loop
      vertex -1.096823775947158 -10.94518056518562 12.004812138728324
      vertex -1.2730589751638755 -9.289375204482086 11.049971098265896
      vertex -0.9349128804735767 -9.329475266584744 11.067312138728324
    endloop
  endfacet
  facet normal 0.014811511790354696 -0.5014093197183151 -0.8650834140232379
    outer loop
      vertex -0.6986699429626189 -10.9777894091115 12.022153179190752
      vertex -0.5955337066899622 -9.357270459278604 11.084653179190752
      vertex -0.2995946173793694 -10.995919382445349 12.03949421965318
    endloop
  endfacet
  facet normal 0.033008421077159344 -0.5005408384137024 -0.8650834140232379
    outer loop
      vertex -0.2995946173793694 -10.995919382445349 12.03949421965318
      vertex -0.25536906917125357 -9.37272412281523 11.10199421965318
      vertex 0.09987585075339053 -10.999546573129107 12.056835260115607
    endloop
  endfacet
  facet normal 0.0031991899109761147 -0.5009081176152125 -0.865494553934973
    outer loop
      vertex -0.6986699429626189 -10.9777894091115 12.022153179190752
      vertex -0.9349128804735767 -9.329475266584744 11.067312138728324
      vertex -0.5955337066899622 -9.357270459278604 11.084653179190752
    endloop
  endfacet
  facet normal 0.021385557930481774 -0.5004616219261017 -0.8654945539349728
    outer loop
      vertex -0.2995946173793694 -10.995919382445349 12.03949421965318
      vertex -0.5955337066899622 -9.357270459278604 11.084653179190752
      vertex -0.25536906917125357 -9.37272412281523 11.10199421965318
    endloop
  endfacet
  facet normal 0.03954372002306545 -0.49935505536205305 -0.8654945539349732
    outer loop
      vertex -0.25536906917125357 -9.37272412281523 11.10199421965318
      vertex 0.08513238075730768 -9.375815874985948 11.119335260115609
      vertex 0.09987585075339053 -10.999546573129107 12.056835260115607
    endloop
  endfacet
  facet normal -0.1177628147000967 -0.9930417511232398 0
    outer loop
      vertex -1.096823775947158 -10.94518056518562 12.004812138728324
      vertex -1.096823775947158 -10.94518056518562 12.379812138728324
      vertex -1.4935309816625477 -10.898135859256577 11.987471098265896
    endloop
  endfacet
  facet normal -0.1177628147000967 -0.9930417511232398 -9.661202237447946e-18
    outer loop
      vertex -1.096823775947158 -10.94518056518562 12.379812138728324
      vertex -1.4935309816625477 -10.898135859256577 12.362471098265896
      vertex -1.4935309816625477 -10.898135859256577 11.987471098265896
    endloop
  endfacet
  facet normal -0.11401097209056098 -0.488499933495251 0.8650834140232379
    outer loop
      vertex -1.8882683334298618 -10.83671733971898 12.345130057803468
      vertex -1.4935309816625477 -10.898135859256577 12.362471098265896
      vertex -1.2730589751638755 -9.289375204482086 13.299971098265896
    endloop
  endfacet
  facet normal -0.09619786207010561 -0.49231763945144214 0.8650834140232379
    outer loop
      vertex -1.096823775947158 -10.94518056518562 12.379812138728324
      vertex -0.9349128804735767 -9.329475266584744 13.317312138728324
      vertex -1.4935309816625477 -10.898135859256577 12.362471098265896
    endloop
  endfacet
  facet normal -0.07825787437471594 -0.4954860158271378 0.8650834140232377
    outer loop
      vertex -1.096823775947158 -10.94518056518562 12.379812138728324
      vertex -0.6986699429626189 -10.9777894091115 12.397153179190752
      vertex -0.5955337066899622 -9.357270459278604 13.334653179190752
    endloop
  endfacet
  facet normal -0.10253010450833729 -0.4903129151658271 0.8654945539349729
    outer loop
      vertex -1.4935309816625477 -10.898135859256577 12.362471098265896
      vertex -0.9349128804735767 -9.329475266584744 13.317312138728324
      vertex -1.2730589751638755 -9.289375204482086 13.299971098265896
    endloop
  endfacet
  facet normal -0.0846587344954551 -0.4937125436754977 0.865494553934973
    outer loop
      vertex -1.096823775947158 -10.94518056518562 12.379812138728324
      vertex -0.5955337066899622 -9.357270459278604 13.334653179190752
      vertex -0.9349128804735767 -9.329475266584744 13.317312138728324
    endloop
  endfacet
  facet normal -0.06021467048582181 -0.4980008837745003 0.8650834140232377
    outer loop
      vertex -0.6986699429626189 -10.9777894091115 12.397153179190752
      vertex -0.2995946173793694 -10.995919382445349 12.41449421965318
      vertex -0.25536906917125357 -9.37272412281523 13.35199421965318
    endloop
  endfacet
  facet normal -0.04209204801917635 -0.4998589263736827 0.8650834140232379
    outer loop
      vertex -0.2995946173793694 -10.995919382445349 12.41449421965318
      vertex 0.09987585075339053 -10.999546573129107 12.431835260115607
      vertex 0.08513238075730768 -9.375815874985948 13.369335260115607
    endloop
  endfacet
  facet normal -0.06667570604063898 -0.4964610028319289 0.865494553934973
    outer loop
      vertex -0.6986699429626189 -10.9777894091115 12.397153179190752
      vertex -0.25536906917125357 -9.37272412281523 13.35199421965318
      vertex -0.5955337066899622 -9.357270459278604 13.334653179190752
    endloop
  endfacet
  facet normal -0.04860473739281659 -0.4985546676262067 0.865494553934973
    outer loop
      vertex -0.2995946173793694 -10.995919382445349 12.41449421965318
      vertex 0.08513238075730768 -9.375815874985948 13.369335260115607
      vertex -0.25536906917125357 -9.37272412281523 13.35199421965318
    endloop
  endfacet
  facet normal -0.2951683068394943 -0.9554452734916354 0
    outer loop
      vertex -2.9297734209978263 -8.906716485074991 10.213265895953757
      vertex -2.6044295091672693 -9.007225864586202 10.980606936416185
      vertex -2.9297734209978263 -8.906716485074991 10.963265895953757
    endloop
  endfacet
  facet normal -0.2602804753000623 -0.9655330518307356 -3.015189478411601e-18
    outer loop
      vertex -2.6044295091672693 -9.007225864586202 10.230606936416185
      vertex -2.2756505525910016 -9.095855397178662 10.247947976878613
      vertex -2.2756505525910016 -9.095855397178662 10.997947976878613
    endloop
  endfacet
  facet normal -0.2602804753000623 -0.9655330518307356 0
    outer loop
      vertex -2.6044295091672693 -9.007225864586202 10.230606936416185
      vertex -2.2756505525910016 -9.095855397178662 10.997947976878613
      vertex -2.6044295091672693 -9.007225864586202 10.980606936416185
    endloop
  endfacet
  facet normal -0.22504935357906042 -0.9743473653957542 0
    outer loop
      vertex -2.2756505525910016 -9.095855397178662 10.247947976878613
      vertex -1.9438701857457086 -9.172488187229291 11.015289017341042
      vertex -2.2756505525910016 -9.095855397178662 10.997947976878613
    endloop
  endfacet
  facet normal -0.22504935357906036 -0.974347365395754 -1.7918021108639688e-18
    outer loop
      vertex -2.2756505525910016 -9.095855397178662 10.247947976878613
      vertex -1.9438701857457086 -9.172488187229291 10.26528901734104
      vertex -1.9438701857457086 -9.172488187229291 11.015289017341042
    endloop
  endfacet
  facet normal -0.18952140885062274 -0.9818765887764487 0
    outer loop
      vertex -1.9438701857457086 -9.172488187229291 10.26528901734104
      vertex -1.6095260017403223 -9.237023161907397 11.03263005780347
      vertex -1.9438701857457086 -9.172488187229291 11.015289017341042
    endloop
  endfacet
  facet normal -0.18952140885062274 -0.9818765887764486 -2.0417202653927045e-18
    outer loop
      vertex -1.9438701857457086 -9.172488187229291 10.26528901734104
      vertex -1.6095260017403223 -9.237023161907397 10.28263005780347
      vertex -1.6095260017403223 -9.237023161907397 11.03263005780347
    endloop
  endfacet
  facet normal -0.15374349977592566 -0.988110791498934 -1.8748850242146324e-18
    outer loop
      vertex -1.6095260017403223 -9.237023161907397 10.28263005780347
      vertex -1.2730589751638755 -9.289375204482086 10.299971098265896
      vertex -1.2730589751638755 -9.289375204482086 11.049971098265896
    endloop
  endfacet
  facet normal -0.15374349977592566 -0.988110791498934 0
    outer loop
      vertex -1.6095260017403223 -9.237023161907397 10.28263005780347
      vertex -1.2730589751638755 -9.289375204482086 11.049971098265896
      vertex -1.6095260017403223 -9.237023161907397 11.03263005780347
    endloop
  endfacet
  facet normal -0.11776281470009405 -0.9930417511232402 9.49826420545516e-19
    outer loop
      vertex -1.2730589751638755 -9.289375204482086 10.299971098265896
      vertex -0.9349128804735767 -9.329475266584744 10.317312138728324
      vertex -0.9349128804735767 -9.329475266584744 11.067312138728324
    endloop
  endfacet
  facet normal -0.11776281470009405 -0.9930417511232402 0
    outer loop
      vertex -1.2730589751638755 -9.289375204482086 10.299971098265896
      vertex -0.9349128804735767 -9.329475266584744 11.067312138728324
      vertex -1.2730589751638755 -9.289375204482086 11.049971098265896
    endloop
  endfacet
  facet normal -0.08162680941443003 -0.9966629640880714 0
    outer loop
      vertex -0.9349128804735767 -9.329475266584744 10.317312138728324
      vertex -0.5955337066899622 -9.357270459278604 11.084653179190752
      vertex -0.9349128804735767 -9.329475266584744 11.067312138728324
    endloop
  endfacet
  facet normal -0.08162680941443003 -0.9966629640880714 -3.302006241208566e-18
    outer loop
      vertex -0.9349128804735767 -9.329475266584744 10.317312138728324
      vertex -0.5955337066899622 -9.357270459278604 10.334653179190752
      vertex -0.5955337066899622 -9.357270459278604 11.084653179190752
    endloop
  endfacet
  facet normal -0.045383144565768946 -0.9989696542885186 0
    outer loop
      vertex -0.5955337066899622 -9.357270459278604 10.334653179190752
      vertex -0.25536906917125357 -9.37272412281523 11.10199421965318
      vertex -0.5955337066899622 -9.357270459278604 11.084653179190752
    endloop
  endfacet
  facet normal -0.045383144565768946 -0.9989696542885186 2.394038548694099e-19
    outer loop
      vertex -0.5955337066899622 -9.357270459278604 10.334653179190752
      vertex -0.25536906917125357 -9.37272412281523 10.351994219653179
      vertex -0.25536906917125357 -9.37272412281523 11.10199421965318
    endloop
  endfacet
  facet normal -0.009079622795765125 -0.9999587793753734 -3.09491959219832e-19
    outer loop
      vertex -0.25536906917125357 -9.37272412281523 10.351994219653179
      vertex 0.08513238075730768 -9.375815874985948 10.369335260115609
      vertex 0.08513238075730768 -9.375815874985948 11.119335260115609
    endloop
  endfacet
  facet normal -0.009079622795765125 -0.9999587793753734 0
    outer loop
      vertex -0.25536906917125357 -9.37272412281523 10.351994219653179
      vertex 0.08513238075730768 -9.375815874985948 11.119335260115609
      vertex -0.25536906917125357 -9.37272412281523 11.10199421965318
    endloop
  endfacet
  facet normal -0.3296668337968908 -0.9440973353920311 -3.929185362954171e-18
    outer loop
      vertex -3.2512531841691423 -8.79445982288406 13.19592485549133
      vertex -2.9297734209978263 -8.906716485074991 13.213265895953757
      vertex -2.9297734209978263 -8.906716485074991 14.437299605349304
    endloop
  endfacet
  facet normal -0.2602804753000623 -0.9655330518307355 -1.9013654622195088e-18
    outer loop
      vertex -2.6044295091672693 -9.007225864586202 13.230606936416185
      vertex -2.2756505525910016 -9.095855397178662 13.247947976878613
      vertex -2.2756505525910016 -9.095855397178662 14.437299605349304
    endloop
  endfacet
  facet normal -0.29516830683949435 -0.9554452734916355 -4.031310757282519e-19
    outer loop
      vertex -2.9297734209978263 -8.906716485074991 13.213265895953757
      vertex -2.6044295091672693 -9.007225864586202 13.230606936416185
      vertex -2.6044295091672693 -9.007225864586202 14.437299605349304
    endloop
  endfacet
  facet normal -0.29516830683949435 -0.9554452734916355 0
    outer loop
      vertex -2.9297734209978263 -8.906716485074991 13.213265895953757
      vertex -2.6044295091672693 -9.007225864586202 14.437299605349304
      vertex -2.9297734209978263 -8.906716485074991 14.437299605349304
    endloop
  endfacet
  facet normal -0.2602804753000623 -0.9655330518307356 0
    outer loop
      vertex -2.6044295091672693 -9.007225864586202 13.230606936416185
      vertex -2.2756505525910016 -9.095855397178662 14.437299605349304
      vertex -2.6044295091672693 -9.007225864586202 14.437299605349304
    endloop
  endfacet
  facet normal -0.22504935357906042 -0.9743473653957541 -1.1466206849135613e-18
    outer loop
      vertex -2.2756505525910016 -9.095855397178662 13.247947976878613
      vertex -1.9438701857457086 -9.172488187229291 13.265289017341042
      vertex -1.9438701857457086 -9.172488187229291 14.437299605349304
    endloop
  endfacet
  facet normal -0.18952140885062277 -0.9818765887764487 -1.3261718058635681e-18
    outer loop
      vertex -1.9438701857457086 -9.172488187229291 13.265289017341042
      vertex -1.6095260017403223 -9.237023161907397 13.28263005780347
      vertex -1.6095260017403223 -9.237023161907397 14.437299605349304
    endloop
  endfacet
  facet normal -0.2250493535790604 -0.9743473653957541 0
    outer loop
      vertex -2.2756505525910016 -9.095855397178662 13.247947976878613
      vertex -1.9438701857457086 -9.172488187229291 14.437299605349304
      vertex -2.2756505525910016 -9.095855397178662 14.437299605349304
    endloop
  endfacet
  facet normal -0.18952140885062274 -0.9818765887764486 0
    outer loop
      vertex -1.9438701857457086 -9.172488187229291 13.265289017341042
      vertex -1.6095260017403223 -9.237023161907397 14.437299605349304
      vertex -1.9438701857457086 -9.172488187229291 14.437299605349304
    endloop
  endfacet
  facet normal -0.2331288719571327 -0.6676326650235046 0.7070484804124875
    outer loop
      vertex -3.2512531841691423 -8.79445982288406 14.437299605349304
      vertex -2.9297734209978263 -8.906716485074991 14.437299605349304
      vertex -2.441477850831522 -7.422263737562494 15.999999999999998
    endloop
  endfacet
  facet normal -0.2087327184796019 -0.6756575305452515 0.7070484804124874
    outer loop
      vertex -2.9297734209978263 -8.906716485074991 14.437299605349304
      vertex -2.6044295091672693 -9.007225864586202 14.437299605349304
      vertex -2.441477850831522 -7.422263737562494 15.999999999999998
    endloop
  endfacet
  facet normal -0.23312887195713422 -0.6676326650235039 0.7070484804124877
    outer loop
      vertex -3.2512531841691423 -8.79445982288406 14.437299605349304
      vertex -2.441477850831522 -7.422263737562494 15.999999999999998
      vertex -2.7093776534742853 -7.32871651907005 15.999999999999998
    endloop
  endfacet
  facet normal -0.20873271847959976 -0.6756575305452519 0.7070484804124876
    outer loop
      vertex -2.6044295091672693 -9.007225864586202 14.437299605349304
      vertex -2.170357924306058 -7.506021553821835 15.999999999999998
      vertex -2.441477850831522 -7.422263737562494 15.999999999999998
    endloop
  endfacet
  facet normal -0.159147043487221 -0.6890244298250017 0.7070484804124876
    outer loop
      vertex -2.2756505525910016 -9.095855397178662 14.437299605349304
      vertex -1.9438701857457086 -9.172488187229291 14.437299605349304
      vertex -1.8963754604925014 -7.579879497648886 15.999999999999998
    endloop
  endfacet
  facet normal -0.13402292171220812 -0.6943488336579212 0.7070484804124877
    outer loop
      vertex -1.9438701857457086 -9.172488187229291 14.437299605349304
      vertex -1.6095260017403223 -9.237023161907397 14.437299605349304
      vertex -1.3412716681169354 -7.697519301589498 15.999999999999998
    endloop
  endfacet
  facet normal -0.18406126239727955 -0.6827912550927348 0.7070484804124876
    outer loop
      vertex -2.6044295091672693 -9.007225864586202 14.437299605349304
      vertex -2.2756505525910016 -9.095855397178662 14.437299605349304
      vertex -1.8963754604925014 -7.579879497648886 15.999999999999998
    endloop
  endfacet
  facet normal -0.18406126239728052 -0.6827912550927344 0.7070484804124877
    outer loop
      vertex -2.6044295091672693 -9.007225864586202 14.437299605349304
      vertex -1.8963754604925014 -7.579879497648886 15.999999999999998
      vertex -2.170357924306058 -7.506021553821835 15.999999999999998
    endloop
  endfacet
  facet normal -0.15914704348721767 -0.6890244298250022 0.707048480412488
    outer loop
      vertex -1.9438701857457086 -9.172488187229291 14.437299605349304
      vertex -1.6198918214547575 -7.643740156024409 15.999999999999998
      vertex -1.8963754604925014 -7.579879497648886 15.999999999999998
    endloop
  endfacet
  facet normal -0.1340229217122114 -0.6943488336579202 0.707048480412488
    outer loop
      vertex -1.9438701857457086 -9.172488187229291 14.437299605349304
      vertex -1.3412716681169354 -7.697519301589498 15.999999999999998
      vertex -1.6198918214547575 -7.643740156024409 15.999999999999998
    endloop
  endfacet
  facet normal -0.25721754615604325 -0.6587272427157206 0.7070484804124878
    outer loop
      vertex -3.2512531841691423 -8.79445982288406 14.437299605349304
      vertex -2.7093776534742853 -7.32871651907005 15.999999999999998
      vertex -2.9737039927386215 -7.2255032800218455 15.999999999999998
    endloop
  endfacet
  facet normal 0 0 1
    outer loop
      vertex -2.441477850831522 -7.422263737562494 15.999999999999998
      vertex -2.5323977833474753 -6.504410923895938 15.999999999999998
      vertex -2.7093776534742853 -7.32871651907005 15.999999999999998
    endloop
  endfacet
  facet normal 0 0 1
    outer loop
      vertex -3.2341082422556235 -7.112760150842307 15.999999999999998
      vertex -2.9737039927386215 -7.2255032800218455 15.999999999999998
      vertex -2.899596790753166 -6.349231327574539 15.999999999999998
    endloop
  endfacet
  facet normal 0 0 1
    outer loop
      vertex -2.9737039927386215 -7.2255032800218455 15.999999999999998
      vertex -2.7093776534742853 -7.32871651907005 15.999999999999998
      vertex -2.5323977833474753 -6.504410923895938 15.999999999999998
    endloop
  endfacet
  facet normal 0 0 1
    outer loop
      vertex -2.9737039927386215 -7.2255032800218455 15.999999999999998
      vertex -2.5323977833474753 -6.504410923895938 15.999999999999998
      vertex -2.899596790753166 -6.349231327574539 15.999999999999998
    endloop
  endfacet
  facet normal 0 0 1
    outer loop
      vertex -2.441477850831522 -7.422263737562494 15.999999999999998
      vertex -2.156938620737133 -6.638374483740172 15.999999999999998
      vertex -2.5323977833474753 -6.504410923895938 15.999999999999998
    endloop
  endfacet
  facet normal 0 0 1
    outer loop
      vertex -2.441477850831522 -7.422263737562494 15.999999999999998
      vertex -2.170357924306058 -7.506021553821835 15.999999999999998
      vertex -2.156938620737133 -6.638374483740172 15.999999999999998
    endloop
  endfacet
  facet normal 0 0 1
    outer loop
      vertex -2.170357924306058 -7.506021553821835 15.999999999999998
      vertex -1.8963754604925014 -7.579879497648886 15.999999999999998
      vertex -2.156938620737133 -6.638374483740172 15.999999999999998
    endloop
  endfacet
  facet normal 0 0 1
    outer loop
      vertex -1.8963754604925014 -7.579879497648886 15.999999999999998
      vertex -1.6198918214547575 -7.643740156024409 15.999999999999998
      vertex -1.7744439726705379 -6.750685045819662 15.999999999999998
    endloop
  endfacet
  facet normal 0 0 1
    outer loop
      vertex -1.6198918214547575 -7.643740156024409 15.999999999999998
      vertex -1.3861614571873015 -6.8409762764249065 15.999999999999998
      vertex -1.7744439726705379 -6.750685045819662 15.999999999999998
    endloop
  endfacet
  facet normal 0 0 1
    outer loop
      vertex -1.8963754604925014 -7.579879497648886 15.999999999999998
      vertex -1.7744439726705379 -6.750685045819662 15.999999999999998
      vertex -2.156938620737133 -6.638374483740172 15.999999999999998
    endloop
  endfacet
  facet normal -0.1537434997759257 -0.9881107914989341 -1.2363743275607975e-18
    outer loop
      vertex -1.6095260017403223 -9.237023161907397 13.28263005780347
      vertex -1.2730589751638755 -9.289375204482086 13.299971098265896
      vertex -1.2730589751638755 -9.289375204482086 14.437299605349304
    endloop
  endfacet
  facet normal -0.11776281470009405 -0.9930417511232402 6.360515957900564e-19
    outer loop
      vertex -1.2730589751638755 -9.289375204482086 13.299971098265896
      vertex -0.9349128804735767 -9.329475266584744 13.317312138728324
      vertex -0.9349128804735767 -9.329475266584744 14.437299605349304
    endloop
  endfacet
  facet normal -0.1537434997759257 -0.9881107914989341 0
    outer loop
      vertex -1.6095260017403223 -9.237023161907397 13.28263005780347
      vertex -1.2730589751638755 -9.289375204482086 14.437299605349304
      vertex -1.6095260017403223 -9.237023161907397 14.437299605349304
    endloop
  endfacet
  facet normal -0.11776281470009403 -0.9930417511232401 0
    outer loop
      vertex -1.2730589751638755 -9.289375204482086 13.299971098265896
      vertex -0.9349128804735767 -9.329475266584744 14.437299605349304
      vertex -1.2730589751638755 -9.289375204482086 14.437299605349304
    endloop
  endfacet
  facet normal -0.08162680941443003 -0.9966629640880714 0
    outer loop
      vertex -0.9349128804735767 -9.329475266584744 13.317312138728324
      vertex -0.5955337066899622 -9.357270459278604 14.437299605349304
      vertex -0.9349128804735767 -9.329475266584744 14.437299605349304
    endloop
  endfacet
  facet normal -0.08162680941443003 -0.9966629640880714 -2.2459644561985116e-18
    outer loop
      vertex -0.9349128804735767 -9.329475266584744 13.317312138728324
      vertex -0.5955337066899622 -9.357270459278604 13.334653179190752
      vertex -0.5955337066899622 -9.357270459278604 14.437299605349304
    endloop
  endfacet
  facet normal -0.04538314456576896 -0.9989696542885187 1.6543997064650254e-19
    outer loop
      vertex -0.5955337066899622 -9.357270459278604 13.334653179190752
      vertex -0.25536906917125357 -9.37272412281523 13.35199421965318
      vertex -0.25536906917125357 -9.37272412281523 14.437299605349304
    endloop
  endfacet
  facet normal -0.009079622795765123 -0.9999587793753734 -2.1734711505193604e-19
    outer loop
      vertex -0.25536906917125357 -9.37272412281523 13.35199421965318
      vertex 0.08513238075730768 -9.375815874985948 13.369335260115607
      vertex 0.08513238075730768 -9.375815874985948 14.437299605349304
    endloop
  endfacet
  facet normal -0.04538314456576896 -0.9989696542885187 0
    outer loop
      vertex -0.5955337066899622 -9.357270459278604 13.334653179190752
      vertex -0.25536906917125357 -9.37272412281523 14.437299605349304
      vertex -0.5955337066899622 -9.357270459278604 14.437299605349304
    endloop
  endfacet
  facet normal -0.009079622795765123 -0.9999587793753734 0
    outer loop
      vertex -0.25536906917125357 -9.37272412281523 13.35199421965318
      vertex 0.08513238075730768 -9.375815874985948 14.437299605349304
      vertex -0.25536906917125357 -9.37272412281523 14.437299605349304
    endloop
  endfacet
  facet normal -0.10872203388098688 -0.6987574441071621 0.7070484804124875
    outer loop
      vertex -1.6095260017403223 -9.237023161907397 14.437299605349304
      vertex -1.2730589751638755 -9.289375204482086 14.437299605349304
      vertex -1.3412716681169354 -7.697519301589498 15.999999999999998
    endloop
  endfacet
  facet normal -0.08327774994327833 -0.7022444465503285 0.7070484804124872
    outer loop
      vertex -1.2730589751638755 -9.289375204482086 14.437299605349304
      vertex -0.9349128804735767 -9.329475266584744 14.437299605349304
      vertex -0.779094067061314 -7.774562722153955 15.999999999999998
    endloop
  endfacet
  facet normal -0.10872203388098378 -0.6987574441071622 0.7070484804124879
    outer loop
      vertex -1.2730589751638755 -9.289375204482086 14.437299605349304
      vertex -1.0608824793032297 -7.7411460037350714 15.999999999999998
      vertex -1.3412716681169354 -7.697519301589498 15.999999999999998
    endloop
  endfacet
  facet normal -0.0832777499432826 -0.7022444465503276 0.7070484804124878
    outer loop
      vertex -1.2730589751638755 -9.289375204482086 14.437299605349304
      vertex -0.779094067061314 -7.774562722153955 15.999999999999998
      vertex -1.0608824793032297 -7.7411460037350714 15.999999999999998
    endloop
  endfacet
  facet normal -0.05772362897740005 -0.7048052418959949 0.7070484804124876
    outer loop
      vertex -0.9349128804735767 -9.329475266584744 14.437299605349304
      vertex -0.5955337066899622 -9.357270459278604 14.437299605349304
      vertex -0.49627808890830183 -7.797725382732171 15.999999999999998
    endloop
  endfacet
  facet normal -0.032093374928348566 -0.7064364526495646 0.7070484804124875
    outer loop
      vertex -0.5955337066899622 -9.357270459278604 14.437299605349304
      vertex -0.25536906917125357 -9.37272412281523 14.437299605349304
      vertex -0.49627808890830183 -7.797725382732171 15.999999999999998
    endloop
  endfacet
  facet normal -0.006420792154897547 -0.7071359273679251 0.7070484804124878
    outer loop
      vertex -0.25536906917125357 -9.37272412281523 14.437299605349304
      vertex 0.08513238075730768 -9.375815874985948 14.437299605349304
      vertex 0.07094365063108975 -7.813179895821623 15.999999999999998
    endloop
  endfacet
  facet normal -0.057723628977398224 -0.704805241895995 0.7070484804124875
    outer loop
      vertex -0.9349128804735767 -9.329475266584744 14.437299605349304
      vertex -0.49627808890830183 -7.797725382732171 15.999999999999998
      vertex -0.779094067061314 -7.774562722153955 15.999999999999998
    endloop
  endfacet
  facet normal -0.032093374928345506 -0.7064364526495645 0.7070484804124879
    outer loop
      vertex -0.25536906917125357 -9.37272412281523 14.437299605349304
      vertex -0.2128075576427113 -7.810603435679358 15.999999999999998
      vertex -0.49627808890830183 -7.797725382732171 15.999999999999998
    endloop
  endfacet
  facet normal -0.006420792154897347 -0.7071359273679251 0.7070484804124879
    outer loop
      vertex -0.25536906917125357 -9.37272412281523 14.437299605349304
      vertex 0.07094365063108975 -7.813179895821623 15.999999999999998
      vertex -0.2128075576427113 -7.810603435679358 15.999999999999998
    endloop
  endfacet
  facet normal 0 0 1
    outer loop
      vertex -1.3412716681169354 -7.697519301589498 15.999999999999998
      vertex -1.0608824793032297 -7.7411460037350714 15.999999999999998
      vertex -1.3861614571873015 -6.8409762764249065 15.999999999999998
    endloop
  endfacet
  facet normal 0 0 1
    outer loop
      vertex -1.6198918214547575 -7.643740156024409 15.999999999999998
      vertex -1.3412716681169354 -7.697519301589498 15.999999999999998
      vertex -1.3861614571873015 -6.8409762764249065 15.999999999999998
    endloop
  endfacet
  facet normal 0 0 1
    outer loop
      vertex -1.0608824793032297 -7.7411460037350714 15.999999999999998
      vertex -0.779094067061314 -7.774562722153955 15.999999999999998
      vertex -0.993357571147531 -6.9089536643289104 15.999999999999998
    endloop
  endfacet
  facet normal 0 0 1
    outer loop
      vertex -1.0608824793032297 -7.7411460037350714 15.999999999999998
      vertex -0.993357571147531 -6.9089536643289104 15.999999999999998
      vertex -1.3861614571873015 -6.8409762764249065 15.999999999999998
    endloop
  endfacet
  facet normal 0 0 1
    outer loop
      vertex -0.779094067061314 -7.774562722153955 15.999999999999998
      vertex -0.5973135591823047 -6.954395481421586 15.999999999999998
      vertex -0.993357571147531 -6.9089536643289104 15.999999999999998
    endloop
  endfacet
  facet normal 0 0 1
    outer loop
      vertex -0.779094067061314 -7.774562722153955 15.999999999999998
      vertex -0.49627808890830183 -7.797725382732171 15.999999999999998
      vertex -0.5973135591823047 -6.954395481421586 15.999999999999998
    endloop
  endfacet
  facet normal 0 0 1
    outer loop
      vertex -0.49627808890830183 -7.797725382732171 15.999999999999998
      vertex -0.2128075576427113 -7.810603435679358 15.999999999999998
      vertex -0.5973135591823047 -6.954395481421586 15.999999999999998
    endloop
  endfacet
  facet normal 0 0 1
    outer loop
      vertex -0.2128075576427113 -7.810603435679358 15.999999999999998
      vertex 0.07094365063108975 -7.813179895821623 15.999999999999998
      vertex -0.19932123453999862 -6.977153505940762 15.999999999999998
    endloop
  endfacet
  facet normal 0 0 1
    outer loop
      vertex -0.2128075576427113 -7.810603435679358 15.999999999999998
      vertex -0.19932123453999862 -6.977153505940762 15.999999999999998
      vertex -0.5973135591823047 -6.954395481421586 15.999999999999998
    endloop
  endfacet
  facet normal 0 0 1
    outer loop
      vertex -4.9190337030072335 -6.070742995277842 15.999999999999998
      vertex -4.485189146516999 -5.345240278572643 15.999999999999998
      vertex -5.021596719836526 -5.984505931140608 15.999999999999998
    endloop
  endfacet
  facet normal 0 0 1
    outer loop
      vertex -4.9190337030072335 -6.070742995277842 15.999999999999998
      vertex -4.6953550005193625 -6.24535463405673 15.999999999999998
      vertex -4.262322199855357 -5.527477676537481 15.999999999999998
    endloop
  endfacet
  facet normal 0 0 1
    outer loop
      vertex -4.4654834813447595 -6.411729124337143 15.999999999999998
      vertex -4.262322199855357 -5.527477676537481 15.999999999999998
      vertex -4.6953550005193625 -6.24535463405673 15.999999999999998
    endloop
  endfacet
  facet normal 0 0 1
    outer loop
      vertex -4.9190337030072335 -6.070742995277842 15.999999999999998
      vertex -4.262322199855357 -5.527477676537481 15.999999999999998
      vertex -4.485189146516999 -5.345240278572643 15.999999999999998
    endloop
  endfacet
  facet normal 0 0 1
    outer loop
      vertex -4.4654834813447595 -6.411729124337143 15.999999999999998
      vertex -4.229722328561083 -6.569647030800656 15.999999999999998
      vertex -3.93981366769005 -5.761793840800162 15.999999999999998
    endloop
  endfacet
  facet normal 0 0 1
    outer loop
      vertex -4.4654834813447595 -6.411729124337143 15.999999999999998
      vertex -3.93981366769005 -5.761793840800162 15.999999999999998
      vertex -4.262322199855357 -5.527477676537481 15.999999999999998
    endloop
  endfacet
  facet normal 0 0 1
    outer loop
      vertex -3.9883824932254694 -6.718900071720716 15.999999999999998
      vertex -3.6044542822399546 -5.977316231156091 15.999999999999998
      vertex -3.93981366769005 -5.761793840800162 15.999999999999998
    endloop
  endfacet
  facet normal -0.35066393144375313 0.35869972674412653 -0.8650834140232372
    outer loop
      vertex -6.92511129046901 8.546510025420822 7.877644508670521
      vertex -6.477452360679111 7.719527121331005 7.353283071805745
      vertex -7.0695014997482994 8.42510380977555 7.885833386131387
    endloop
  endfacet
  facet normal -0.3506639314437488 0.3586997267441294 -0.8650834140232379
    outer loop
      vertex -6.92511129046901 8.546510025420822 7.877644508670521
      vertex -5.902840443608681 7.28489159433341 6.940144508670521
      vertex -6.477452360679111 7.719527121331005 7.353283071805745
    endloop
  endfacet
  facet normal -0.3374079338941085 0.3711961380822926 -0.8650834140232376
    outer loop
      vertex -6.92511129046901 8.546510025420822 7.877644508670521
      vertex -6.610212064003199 8.79233168556024 7.860303468208093
      vertex -5.6344260006232325 7.494425560868078 6.922803468208093
    endloop
  endfacet
  facet normal -0.6435601146806197 0.7653955701415235 1.0474831711176918e-17
    outer loop
      vertex -6.92511129046901 8.546510025420822 7.877644508670521
      vertex -7.0695014997482994 8.42510380977555 7.885833386131387
      vertex -7.0695014997482994 8.42510380977555 8.260833386131386
    endloop
  endfacet
  facet normal -0.6435601146806197 0.7653955701415234 0
    outer loop
      vertex -6.92511129046901 8.546510025420822 7.877644508670521
      vertex -7.0695014997482994 8.42510380977555 8.260833386131386
      vertex -6.92511129046901 8.546510025420822 8.252644508670521
    endloop
  endfacet
  facet normal -0.2931799955581185 0.4070333855919464 0.8650834140232372
    outer loop
      vertex -6.92511129046901 8.546510025420822 8.252644508670521
      vertex -7.0695014997482994 8.42510380977555 8.260833386131386
      vertex -6.535055953035375 7.788176409464659 8.741641886668651
    endloop
  endfacet
  facet normal -0.2873850746654334 0.4102791683335213 0.8654945539349728
    outer loop
      vertex -6.92511129046901 8.546510025420822 8.252644508670521
      vertex -6.535055953035375 7.788176409464659 8.741641886668651
      vertex -5.902840443608681 7.28489159433341 9.190144508670521
    endloop
  endfacet
  facet normal -0.27820686269552836 0.41741062316502064 0.8650834140232379
    outer loop
      vertex -6.92511129046901 8.546510025420822 8.252644508670521
      vertex -5.902840443608681 7.28489159433341 9.190144508670521
      vertex -6.610212064003199 8.79233168556024 8.235303468208093
    endloop
  endfacet
  facet normal -0.6153434279285576 0.7882591361380674 0
    outer loop
      vertex -6.92511129046901 8.546510025420822 7.877644508670521
      vertex -6.92511129046901 8.546510025420822 8.252644508670521
      vertex -6.610212064003199 8.79233168556024 7.860303468208093
    endloop
  endfacet
  facet normal -0.6153434279285576 0.7882591361380674 -1.3705438489991803e-17
    outer loop
      vertex -6.92511129046901 8.546510025420822 8.252644508670521
      vertex -6.610212064003199 8.79233168556024 8.235303468208093
      vertex -6.610212064003199 8.79233168556024 7.860303468208093
    endloop
  endfacet
  facet normal -0.5863151499234023 0.8100830481933925 0
    outer loop
      vertex -6.610212064003199 8.79233168556024 7.860303468208093
      vertex -6.610212064003199 8.79233168556024 8.235303468208093
      vertex -6.286594469795601 9.026556927884261 7.8429624277456655
    endloop
  endfacet
  facet normal -0.5863151499234023 0.8100830481933925 -2.822633658909215e-17
    outer loop
      vertex -6.610212064003199 8.79233168556024 8.235303468208093
      vertex -6.286594469795601 9.026556927884261 8.217962427745665
      vertex -6.286594469795601 9.026556927884261 7.8429624277456655
    endloop
  endfacet
  facet normal -0.3506639314437488 0.3586997267441294 -0.8650834140232379
    outer loop
      vertex -6.92511129046901 8.546510025420822 10.877644508670521
      vertex -5.902840443608681 7.28489159433341 9.940144508670521
      vertex -6.477452360679111 7.719527121331005 10.353283071805745
    endloop
  endfacet
  facet normal -0.3506639314437497 0.35869972674412876 -0.8650834140232377
    outer loop
      vertex -6.92511129046901 8.546510025420822 10.877644508670521
      vertex -6.477452360679111 7.719527121331005 10.353283071805745
      vertex -7.0695014997482994 8.42510380977555 10.885833386131386
    endloop
  endfacet
  facet normal -0.6435601146806197 0.7653955701415234 1.0474831711176892e-17
    outer loop
      vertex -6.92511129046901 8.546510025420822 10.877644508670521
      vertex -7.0695014997482994 8.42510380977555 10.885833386131386
      vertex -7.0695014997482994 8.42510380977555 11.260833386131386
    endloop
  endfacet
  facet normal -0.6435601146806197 0.7653955701415234 0
    outer loop
      vertex -6.92511129046901 8.546510025420822 10.877644508670521
      vertex -7.0695014997482994 8.42510380977555 11.260833386131386
      vertex -6.92511129046901 8.546510025420822 11.252644508670521
    endloop
  endfacet
  facet normal -0.3374079338941085 0.3711961380822926 -0.8650834140232376
    outer loop
      vertex -6.92511129046901 8.546510025420822 10.877644508670521
      vertex -6.610212064003199 8.79233168556024 10.860303468208093
      vertex -5.6344260006232325 7.494425560868078 9.922803468208093
    endloop
  endfacet
  facet normal -0.2931799955581185 0.4070333855919464 0.8650834140232372
    outer loop
      vertex -6.92511129046901 8.546510025420822 11.252644508670521
      vertex -7.0695014997482994 8.42510380977555 11.260833386131386
      vertex -6.535055953035375 7.788176409464659 11.741641886668651
    endloop
  endfacet
  facet normal -0.2873850746654334 0.4102791683335213 0.8654945539349728
    outer loop
      vertex -6.92511129046901 8.546510025420822 11.252644508670521
      vertex -6.535055953035375 7.788176409464659 11.741641886668651
      vertex -5.902840443608681 7.28489159433341 12.190144508670521
    endloop
  endfacet
  facet normal -0.27820686269552836 0.41741062316502064 0.8650834140232379
    outer loop
      vertex -6.92511129046901 8.546510025420822 11.252644508670521
      vertex -5.902840443608681 7.28489159433341 12.190144508670521
      vertex -6.610212064003199 8.79233168556024 11.235303468208093
    endloop
  endfacet
  facet normal -0.6153434279285576 0.7882591361380674 0
    outer loop
      vertex -6.92511129046901 8.546510025420822 10.877644508670521
      vertex -6.92511129046901 8.546510025420822 11.252644508670521
      vertex -6.610212064003199 8.79233168556024 10.860303468208093
    endloop
  endfacet
  facet normal -0.6153434279285576 0.7882591361380674 -1.3705438489991803e-17
    outer loop
      vertex -6.92511129046901 8.546510025420822 11.252644508670521
      vertex -6.610212064003199 8.79233168556024 11.235303468208093
      vertex -6.610212064003199 8.79233168556024 10.860303468208093
    endloop
  endfacet
  facet normal -0.5863151499234023 0.8100830481933925 0
    outer loop
      vertex -6.610212064003199 8.79233168556024 10.860303468208093
      vertex -6.610212064003199 8.79233168556024 11.235303468208093
      vertex -6.286594469795601 9.026556927884261 10.842962427745665
    endloop
  endfacet
  facet normal -0.5863151499234023 0.8100830481933925 0
    outer loop
      vertex -6.286594469795601 9.026556927884261 10.842962427745665
      vertex -6.610212064003199 8.79233168556024 11.235303468208093
      vertex -6.286594469795601 9.026556927884261 11.217962427745665
    endloop
  endfacet
  facet normal 0 0 1
    outer loop
      vertex -4.9190337030072335 6.070742995277842 15.999999999999998
      vertex -5.021596719836526 5.984505931140608 15.999999999999998
      vertex -4.262322199855359 5.5274776765374805 15.999999999999998
    endloop
  endfacet
  facet normal 0 0 1
    outer loop
      vertex -4.262322199855359 5.5274776765374805 15.999999999999998
      vertex -5.021596719836526 5.984505931140608 15.999999999999998
      vertex -4.485189146516999 5.345240278572643 15.999999999999998
    endloop
  endfacet
  facet normal 0 0 1
    outer loop
      vertex -4.69535500051936 6.245354634056732 15.999999999999998
      vertex -4.262322199855359 5.5274776765374805 15.999999999999998
      vertex -3.939813667690048 5.761793840800163 15.999999999999998
    endloop
  endfacet
  facet normal 0 0 1
    outer loop
      vertex -4.9190337030072335 6.070742995277842 15.999999999999998
      vertex -4.262322199855359 5.5274776765374805 15.999999999999998
      vertex -4.69535500051936 6.245354634056732 15.999999999999998
    endloop
  endfacet
  facet normal 0 0 1
    outer loop
      vertex -4.69535500051936 6.245354634056732 15.999999999999998
      vertex -3.939813667690048 5.761793840800163 15.999999999999998
      vertex -4.4654834813447595 6.411729124337143 15.999999999999998
    endloop
  endfacet
  facet normal 0 0 1
    outer loop
      vertex -4.4654834813447595 6.411729124337143 15.999999999999998
      vertex -3.939813667690048 5.761793840800163 15.999999999999998
      vertex -3.6044542822399546 5.977316231156091 15.999999999999998
    endloop
  endfacet
  facet normal -0.6153434279285572 0.7882591361380675 0
    outer loop
      vertex -5.902840443608681 7.28489159433341 5.2
      vertex -5.902840443608681 7.28489159433341 5.388582008670521
      vertex -5.6344260006232325 7.494425560868078 5.371240968208093
    endloop
  endfacet
  facet normal -0.6153434279285572 0.7882591361380675 3.8537840088592587e-17
    outer loop
      vertex -5.902840443608681 7.28489159433341 5.2
      vertex -5.6344260006232325 7.494425560868078 5.371240968208093
      vertex -5.6344260006232325 7.494425560868078 5.2
    endloop
  endfacet
  facet normal -0.5863151499234007 0.8100830481933937 0
    outer loop
      vertex -5.6344260006232325 7.494425560868078 5.2
      vertex -5.6344260006232325 7.494425560868078 5.371240968208093
      vertex -5.35858017761371 7.69407494920457 5.353899927745666
    endloop
  endfacet
  facet normal -0.6435601146806196 0.7653955701415235 -1.7831647245743776e-18
    outer loop
      vertex -5.902840443608681 7.28489159433341 5.2
      vertex -6.025916063803831 7.181407117368729 5.2
      vertex -6.025916063803831 7.181407117368729 6.948333386131387
    endloop
  endfacet
  facet normal -0.6435601146806196 0.7653955701415235 0
    outer loop
      vertex -5.902840443608681 7.28489159433341 5.2
      vertex -6.025916063803831 7.181407117368729 6.948333386131387
      vertex -5.902840443608681 7.28489159433341 5.388582008670521
    endloop
  endfacet
  facet normal -0.6153434279285572 0.7882591361380675 0
    outer loop
      vertex -5.902840443608681 7.28489159433341 5.388582008670521
      vertex -5.902840443608681 7.28489159433341 6.940144508670521
      vertex -5.6344260006232325 7.494425560868078 5.371240968208093
    endloop
  endfacet
  facet normal -0.5863151499234007 0.8100830481933937 0
    outer loop
      vertex -5.6344260006232325 7.494425560868078 5.371240968208093
      vertex -5.6344260006232325 7.494425560868078 6.922803468208093
      vertex -5.35858017761371 7.69407494920457 5.353899927745666
    endloop
  endfacet
  facet normal -0.5863151499234007 0.8100830481933937 2.6684492351083077e-17
    outer loop
      vertex -5.6344260006232325 7.494425560868078 5.2
      vertex -5.35858017761371 7.69407494920457 5.353899927745666
      vertex -5.35858017761371 7.69407494920457 5.2
    endloop
  endfacet
  facet normal -0.5565135667594944 0.8308385222247617 0
    outer loop
      vertex -5.35858017761371 7.69407494920457 5.2
      vertex -5.35858017761371 7.69407494920457 5.353899927745666
      vertex -5.0756667942733 7.8835764369607855 5.336558887283238
    endloop
  endfacet
  facet normal -0.5565135667594944 0.8308385222247616 0
    outer loop
      vertex -5.35858017761371 7.69407494920457 5.353899927745666
      vertex -5.35858017761371 7.69407494920457 6.9054624277456655
      vertex -5.0756667942733 7.8835764369607855 5.336558887283238
    endloop
  endfacet
  facet normal -0.6435601146806196 0.7653955701415235 0
    outer loop
      vertex -5.902840443608681 7.28489159433341 5.388582008670521
      vertex -6.025916063803831 7.181407117368729 6.948333386131387
      vertex -5.902840443608681 7.28489159433341 6.940144508670521
    endloop
  endfacet
  facet normal -0.6153434279285572 0.7882591361380675 0
    outer loop
      vertex -5.6344260006232325 7.494425560868078 5.371240968208093
      vertex -5.902840443608681 7.28489159433341 6.940144508670521
      vertex -5.6344260006232325 7.494425560868078 6.922803468208093
    endloop
  endfacet
  facet normal -0.35485629469220026 0.35354799847577095 -0.8654945539349734
    outer loop
      vertex -5.902840443608681 7.28489159433341 6.940144508670521
      vertex -6.025916063803831 7.181407117368729 6.948333386131387
      vertex -6.477452360679111 7.719527121331005 7.353283071805745
    endloop
  endfacet
  facet normal -0.34178459687526225 0.3662000361110264 -0.8654945539349728
    outer loop
      vertex -6.92511129046901 8.546510025420822 7.877644508670521
      vertex -5.6344260006232325 7.494425560868078 6.922803468208093
      vertex -5.902840443608681 7.28489159433341 6.940144508670521
    endloop
  endfacet
  facet normal -0.5863151499234007 0.8100830481933936 0
    outer loop
      vertex -5.35858017761371 7.69407494920457 5.353899927745666
      vertex -5.6344260006232325 7.494425560868078 6.922803468208093
      vertex -5.35858017761371 7.69407494920457 6.9054624277456655
    endloop
  endfacet
  facet normal -0.5565135667594944 0.8308385222247616 2.8908016544247876e-17
    outer loop
      vertex -5.35858017761371 7.69407494920457 5.2
      vertex -5.0756667942733 7.8835764369607855 5.336558887283238
      vertex -5.0756667942733 7.8835764369607855 5.2
    endloop
  endfacet
  facet normal -0.5259779844619151 0.8504981833380841 0
    outer loop
      vertex -5.0756667942733 7.8835764369607855 5.2
      vertex -5.0756667942733 7.8835764369607855 5.336558887283238
      vertex -4.786058991870563 8.062680086064859 5.31921784682081
    endloop
  endfacet
  facet normal -0.5259779844619152 0.850498183338084 4.000316038014184e-17
    outer loop
      vertex -5.0756667942733 7.8835764369607855 5.2
      vertex -4.786058991870563 8.062680086064859 5.31921784682081
      vertex -4.786058991870563 8.062680086064859 5.2
    endloop
  endfacet
  facet normal -0.5259779844619152 0.8504981833380841 0
    outer loop
      vertex -5.0756667942733 7.8835764369607855 5.336558887283238
      vertex -5.0756667942733 7.8835764369607855 6.888121387283237
      vertex -4.786058991870563 8.062680086064859 5.31921784682081
    endloop
  endfacet
  facet normal -0.3282621111297044 0.37836908370739225 -0.865494553934973
    outer loop
      vertex -6.610212064003199 8.79233168556024 7.860303468208093
      vertex -5.35858017761371 7.69407494920457 6.9054624277456655
      vertex -5.6344260006232325 7.494425560868078 6.922803468208093
    endloop
  endfacet
  facet normal -0.3237069209019598 0.38320296990246755 -0.865083414023238
    outer loop
      vertex -6.610212064003199 8.79233168556024 7.860303468208093
      vertex -6.286594469795601 9.026556927884261 7.8429624277456655
      vertex -5.35858017761371 7.69407494920457 6.9054624277456655
    endloop
  endfacet
  facet normal -0.31430667258735995 0.3900390912151812 -0.8654945539349729
    outer loop
      vertex -6.286594469795601 9.026556927884261 7.8429624277456655
      vertex -5.0756667942733 7.8835764369607855 6.888121387283237
      vertex -5.35858017761371 7.69407494920457 6.9054624277456655
    endloop
  endfacet
  facet normal -0.309578963063018 0.39470438610525466 -0.8650834140232377
    outer loop
      vertex -6.286594469795601 9.026556927884261 7.8429624277456655
      vertex -5.954685334877884 9.24887682708502 7.825621387283237
      vertex -5.0756667942733 7.8835764369607855 6.888121387283237
    endloop
  endfacet
  facet normal -0.5565135667594944 0.8308385222247616 2.5443039341618048e-18
    outer loop
      vertex -5.35858017761371 7.69407494920457 6.9054624277456655
      vertex -5.0756667942733 7.8835764369607855 6.888121387283237
      vertex -5.0756667942733 7.8835764369607855 5.336558887283238
    endloop
  endfacet
  facet normal -0.5259779844619152 0.850498183338084 0
    outer loop
      vertex -4.786058991870563 8.062680086064859 5.31921784682081
      vertex -5.0756667942733 7.8835764369607855 6.888121387283237
      vertex -4.786058991870563 8.062680086064859 6.87078034682081
    endloop
  endfacet
  facet normal -0.29993668741189117 0.40119466678070814 -0.8654945539349731
    outer loop
      vertex -5.0756667942733 7.8835764369607855 6.888121387283237
      vertex -5.954685334877884 9.24887682708502 7.825621387283237
      vertex -4.786058991870563 8.062680086064859 6.87078034682081
    endloop
  endfacet
  facet normal -0.28517110852252053 0.41182109704693254 -0.8654945539349729
    outer loop
      vertex -4.786058991870563 8.062680086064859 6.87078034682081
      vertex -5.614922422194272 9.45899816009814 7.80828034682081
      vertex -4.490138741104443 8.231149672404513 6.853439306358382
    endloop
  endfacet
  facet normal -0.29504269408079975 0.40568521719609496 -0.8650834140232379
    outer loop
      vertex -4.786058991870563 8.062680086064859 6.87078034682081
      vertex -5.954685334877884 9.24887682708502 7.825621387283237
      vertex -5.614922422194272 9.45899816009814 7.80828034682081
    endloop
  endfacet
  facet normal -0.2801172861902395 0.41613098029264156 -0.8650834140232377
    outer loop
      vertex -4.490138741104443 8.231149672404513 6.853439306358382
      vertex -5.614922422194272 9.45899816009814 7.80828034682081
      vertex -5.2677538532254555 9.656643792841711 7.790939306358382
    endloop
  endfacet
  facet normal -0.26482242487092233 0.42602789822661147 -0.8650834140232379
    outer loop
      vertex -4.188296338313913 8.388762997388719 6.836098265895955
      vertex -5.2677538532254555 9.656643792841711 7.790939306358382
      vertex -4.91363751695039 9.841553045735088 7.773598265895955
    endloop
  endfacet
  facet normal -0.4947486771448954 0.869036101933272 0
    outer loop
      vertex -4.786058991870563 8.062680086064859 5.2
      vertex -4.786058991870563 8.062680086064859 5.31921784682081
      vertex -4.490138741104443 8.231149672404513 5.301876806358383
    endloop
  endfacet
  facet normal -0.49474867714489534 0.8690361019332719 -4.353620428601919e-17
    outer loop
      vertex -4.786058991870563 8.062680086064859 5.2
      vertex -4.490138741104443 8.231149672404513 5.301876806358383
      vertex -4.490138741104443 8.231149672404513 5.2
    endloop
  endfacet
  facet normal -0.4628668338932706 0.886427827903445 0
    outer loop
      vertex -4.490138741104443 8.231149672404513 5.2
      vertex -4.490138741104443 8.231149672404513 5.301876806358383
      vertex -4.188296338313913 8.388762997388719 5.284535765895955
    endloop
  endfacet
  facet normal -0.46286683389327055 0.886427827903445 1.0721160718989026e-16
    outer loop
      vertex -4.490138741104443 8.231149672404513 5.2
      vertex -4.188296338313913 8.388762997388719 5.284535765895955
      vertex -4.188296338313913 8.388762997388719 5.2
    endloop
  endfacet
  facet normal -0.4303745044372343 0.9026504228827487 0
    outer loop
      vertex -4.188296338313913 8.388762997388719 5.2
      vertex -4.188296338313913 8.388762997388719 5.284535765895955
      vertex -3.8809298907067498 8.53531218101077 5.267194725433527
    endloop
  endfacet
  facet normal -0.4303745044372343 0.9026504228827485 -5.716819228829275e-17
    outer loop
      vertex -4.188296338313913 8.388762997388719 5.2
      vertex -3.8809298907067498 8.53531218101077 5.267194725433527
      vertex -3.8809298907067498 8.53531218101077 5.2
    endloop
  endfacet
  facet normal -0.4947486771448953 0.8690361019332717 0
    outer loop
      vertex -4.786058991870563 8.062680086064859 5.31921784682081
      vertex -4.786058991870563 8.062680086064859 6.87078034682081
      vertex -4.490138741104443 8.231149672404513 5.301876806358383
    endloop
  endfacet
  facet normal -0.4628668338932706 0.8864278279034451 0
    outer loop
      vertex -4.490138741104443 8.231149672404513 5.301876806358383
      vertex -4.490138741104443 8.231149672404513 6.853439306358382
      vertex -4.188296338313913 8.388762997388719 5.284535765895955
    endloop
  endfacet
  facet normal -0.43037450443723424 0.9026504228827487 0
    outer loop
      vertex -4.188296338313913 8.388762997388719 5.284535765895955
      vertex -4.188296338313913 8.388762997388719 6.836098265895955
      vertex -3.8809298907067498 8.53531218101077 5.267194725433527
    endloop
  endfacet
  facet normal -0.46286683389327055 0.8864278279034451 0
    outer loop
      vertex -4.188296338313913 8.388762997388719 5.284535765895955
      vertex -4.490138741104443 8.231149672404513 6.853439306358382
      vertex -4.188296338313913 8.388762997388719 6.836098265895955
    endloop
  endfacet
  facet normal -0.4303745044372343 0.9026504228827487 0
    outer loop
      vertex -3.8809298907067498 8.53531218101077 5.267194725433527
      vertex -4.188296338313913 8.388762997388719 6.836098265895955
      vertex -3.8809298907067498 8.53531218101077 6.818757225433527
    endloop
  endfacet
  facet normal -0.39731454369188884 0.9176824905003398 0
    outer loop
      vertex -3.8809298907067498 8.53531218101077 5.2
      vertex -3.8809298907067498 8.53531218101077 5.267194725433527
      vertex -3.5684447912863475 8.670603936026211 5.249853684971099
    endloop
  endfacet
  facet normal -0.3973145436918888 0.9176824905003398 0
    outer loop
      vertex -3.8809298907067498 8.53531218101077 5.267194725433527
      vertex -3.8809298907067498 8.53531218101077 6.818757225433527
      vertex -3.5684447912863475 8.670603936026211 5.249853684971099
    endloop
  endfacet
  facet normal -0.39731454369188884 0.9176824905003398 1.716039382221585e-16
    outer loop
      vertex -3.8809298907067498 8.53531218101077 5.2
      vertex -3.5684447912863475 8.670603936026211 5.249853684971099
      vertex -3.5684447912863475 8.670603936026211 5.2
    endloop
  endfacet
  facet normal -0.36373055523496634 0.9315042046005284 0
    outer loop
      vertex -3.5684447912863475 8.670603936026211 5.2
      vertex -3.5684447912863475 8.670603936026211 5.249853684971099
      vertex -3.251253184169145 8.794459822884058 5.232512644508671
    endloop
  endfacet
  facet normal -0.36373055523496634 0.9315042046005284 5.939214615077028e-17
    outer loop
      vertex -3.5684447912863475 8.670603936026211 5.2
      vertex -3.251253184169145 8.794459822884058 5.232512644508671
      vertex -3.251253184169145 8.794459822884058 5.2
    endloop
  endfacet
  facet normal -0.32966683379689526 0.9440973353920296 0
    outer loop
      vertex -3.251253184169145 8.794459822884058 5.2
      vertex -3.251253184169145 8.794459822884058 5.232512644508671
      vertex -2.9297734209978237 8.906716485074993 5.215171604046244
    endloop
  endfacet
  facet normal -0.3973145436918888 0.9176824905003398 0
    outer loop
      vertex -3.5684447912863475 8.670603936026211 5.249853684971099
      vertex -3.8809298907067498 8.53531218101077 6.818757225433527
      vertex -3.5684447912863475 8.670603936026211 6.801416184971099
    endloop
  endfacet
  facet normal -0.3637305552349664 0.9315042046005283 0
    outer loop
      vertex -3.5684447912863475 8.670603936026211 5.249853684971099
      vertex -3.5684447912863475 8.670603936026211 6.801416184971099
      vertex -3.251253184169145 8.794459822884058 5.232512644508671
    endloop
  endfacet
  facet normal -0.3296668337968952 0.9440973353920294 0
    outer loop
      vertex -3.251253184169145 8.794459822884058 5.232512644508671
      vertex -3.251253184169145 8.794459822884058 6.784075144508671
      vertex -2.9297734209978237 8.906716485074993 5.215171604046244
    endloop
  endfacet
  facet normal -0.36373055523496634 0.9315042046005283 0
    outer loop
      vertex -3.251253184169145 8.794459822884058 5.232512644508671
      vertex -3.5684447912863475 8.670603936026211 6.801416184971099
      vertex -3.251253184169145 8.794459822884058 6.784075144508671
    endloop
  endfacet
  facet normal -0.4947486771448953 0.8690361019332719 -2.8586211987114702e-18
    outer loop
      vertex -4.786058991870563 8.062680086064859 6.87078034682081
      vertex -4.490138741104443 8.231149672404513 6.853439306358382
      vertex -4.490138741104443 8.231149672404513 5.301876806358383
    endloop
  endfacet
  facet normal -0.2700294105965156 0.4219043665592958 -0.8654945539349731
    outer loop
      vertex -4.490138741104443 8.231149672404513 6.853439306358382
      vertex -5.2677538532254555 9.656643792841711 7.790939306358382
      vertex -4.188296338313913 8.388762997388719 6.836098265895955
    endloop
  endfacet
  facet normal -0.25453156438361235 0.43143117625101396 -0.8654945539349728
    outer loop
      vertex -4.188296338313913 8.388762997388719 6.836098265895955
      vertex -4.91363751695039 9.841553045735088 7.773598265895955
      vertex -3.8809298907067498 8.53531218101077 6.818757225433527
    endloop
  endfacet
  facet normal -0.23869801036606128 0.4403889609835672 -0.8654945539349729
    outer loop
      vertex -3.8809298907067498 8.53531218101077 6.818757225433527
      vertex -4.553040465925504 10.013482037515466 7.756257225433527
      vertex -3.5684447912863475 8.670603936026211 6.801416184971099
    endloop
  endfacet
  facet normal -0.22254963179925116 0.44876590611912537 -0.8654945539349731
    outer loop
      vertex -3.5684447912863475 8.670603936026211 6.801416184971099
      vertex -4.18643830027784 10.17220400689874 7.738916184971099
      vertex -3.251253184169145 8.794459822884058 6.784075144508671
    endloop
  endfacet
  facet normal -0.20610772716822043 0.45655096310319254 -0.8654945539349729
    outer loop
      vertex -3.251253184169145 8.794459822884058 6.784075144508671
      vertex -3.814314540424613 10.31750961166043 7.721575144508671
      vertex -2.9297734209978237 8.906716485074993 6.766734104046243
    endloop
  endfacet
  facet normal -0.287385074665438 0.41027916833351624 0.8654945539349737
    outer loop
      vertex -5.902840443608681 7.28489159433341 9.190144508670521
      vertex -6.535055953035375 7.788176409464659 8.741641886668651
      vertex -6.025916063803831 7.181407117368729 9.198333386131386
    endloop
  endfacet
  facet normal -0.6435601146806196 0.7653955701415235 -4.156755227926885e-18
    outer loop
      vertex -5.902840443608681 7.28489159433341 9.190144508670521
      vertex -6.025916063803831 7.181407117368729 9.198333386131386
      vertex -6.025916063803831 7.181407117368729 9.948333386131386
    endloop
  endfacet
  facet normal -0.6435601146806196 0.7653955701415235 0
    outer loop
      vertex -5.902840443608681 7.28489159433341 9.190144508670521
      vertex -6.025916063803831 7.181407117368729 9.948333386131386
      vertex -5.902840443608681 7.28489159433341 9.940144508670521
    endloop
  endfacet
  facet normal -0.6153434279285572 0.7882591361380675 0
    outer loop
      vertex -5.902840443608681 7.28489159433341 9.190144508670521
      vertex -5.902840443608681 7.28489159433341 9.940144508670521
      vertex -5.6344260006232325 7.494425560868078 9.172803468208093
    endloop
  endfacet
  facet normal -0.5863151499234007 0.8100830481933937 0
    outer loop
      vertex -5.6344260006232325 7.494425560868078 9.172803468208093
      vertex -5.6344260006232325 7.494425560868078 9.922803468208093
      vertex -5.35858017761371 7.69407494920457 9.155462427745665
    endloop
  endfacet
  facet normal -0.6153434279285572 0.7882591361380675 0
    outer loop
      vertex -5.6344260006232325 7.494425560868078 9.172803468208093
      vertex -5.902840443608681 7.28489159433341 9.940144508670521
      vertex -5.6344260006232325 7.494425560868078 9.922803468208093
    endloop
  endfacet
  facet normal -0.35485629469219726 0.3535479984757747 -0.8654945539349732
    outer loop
      vertex -5.902840443608681 7.28489159433341 9.940144508670521
      vertex -6.025916063803831 7.181407117368729 9.948333386131386
      vertex -6.477452360679111 7.719527121331005 10.353283071805745
    endloop
  endfacet
  facet normal -0.34178459687526225 0.3662000361110264 -0.8654945539349728
    outer loop
      vertex -6.92511129046901 8.546510025420822 10.877644508670521
      vertex -5.6344260006232325 7.494425560868078 9.922803468208093
      vertex -5.902840443608681 7.28489159433341 9.940144508670521
    endloop
  endfacet
  facet normal -0.5565135667594944 0.8308385222247617 0
    outer loop
      vertex -5.35858017761371 7.69407494920457 9.155462427745665
      vertex -5.35858017761371 7.69407494920457 9.905462427745665
      vertex -5.0756667942733 7.8835764369607855 9.138121387283238
    endloop
  endfacet
  facet normal -0.5863151499234007 0.8100830481933937 5.4756552596819525e-18
    outer loop
      vertex -5.6344260006232325 7.494425560868078 9.922803468208093
      vertex -5.35858017761371 7.69407494920457 9.905462427745665
      vertex -5.35858017761371 7.69407494920457 9.155462427745665
    endloop
  endfacet
  facet normal -0.27229790569589907 0.42044384602765844 0.865494553934973
    outer loop
      vertex -6.610212064003199 8.79233168556024 8.235303468208093
      vertex -5.902840443608681 7.28489159433341 9.190144508670521
      vertex -5.6344260006232325 7.494425560868078 9.172803468208093
    endloop
  endfacet
  facet normal -0.26286679610769514 0.4272373278237459 0.8650834140232377
    outer loop
      vertex -6.610212064003199 8.79233168556024 8.235303468208093
      vertex -5.6344260006232325 7.494425560868078 9.172803468208093
      vertex -6.286594469795601 9.026556927884261 8.217962427745665
    endloop
  endfacet
  facet normal -0.2568515964666795 0.43005399021683355 0.8654945539349729
    outer loop
      vertex -6.286594469795601 9.026556927884261 8.217962427745665
      vertex -5.6344260006232325 7.494425560868078 9.172803468208093
      vertex -5.35858017761371 7.69407494920457 9.155462427745665
    endloop
  endfacet
  facet normal -0.556513566759494 0.830838522224762 0
    outer loop
      vertex -6.286594469795601 9.026556927884261 7.8429624277456655
      vertex -6.286594469795601 9.026556927884261 8.217962427745665
      vertex -5.954685334877884 9.24887682708502 7.825621387283237
    endloop
  endfacet
  facet normal -0.5565135667594939 0.830838522224762 1.0726680004630512e-17
    outer loop
      vertex -6.286594469795601 9.026556927884261 8.217962427745665
      vertex -5.954685334877884 9.24887682708502 8.200621387283238
      vertex -5.954685334877884 9.24887682708502 7.825621387283237
    endloop
  endfacet
  facet normal -0.5259779844619141 0.8504981833380846 0
    outer loop
      vertex -5.954685334877884 9.24887682708502 7.825621387283237
      vertex -5.954685334877884 9.24887682708502 8.200621387283238
      vertex -5.614922422194272 9.45899816009814 7.80828034682081
    endloop
  endfacet
  facet normal -0.2471800281775568 0.43650053889089435 0.8650834140232381
    outer loop
      vertex -6.286594469795601 9.026556927884261 8.217962427745665
      vertex -5.35858017761371 7.69407494920457 9.155462427745665
      vertex -5.954685334877884 9.24887682708502 8.200621387283238
    endloop
  endfacet
  facet normal -0.23116724856076068 0.44518803889451797 0.8650834140232377
    outer loop
      vertex -5.954685334877884 9.24887682708502 8.200621387283238
      vertex -5.0756667942733 7.8835764369607855 9.138121387283238
      vertex -5.614922422194272 9.45899816009814 8.18328034682081
    endloop
  endfacet
  facet normal -0.24106651948669758 0.4390969258506275 0.8654945539349732
    outer loop
      vertex -5.35858017761371 7.69407494920457 9.155462427745665
      vertex -5.0756667942733 7.8835764369607855 9.138121387283238
      vertex -5.954685334877884 9.24887682708502 8.200621387283238
    endloop
  endfacet
  facet normal -0.22496349407376742 0.4475607259836638 0.8654945539349729
    outer loop
      vertex -5.0756667942733 7.8835764369607855 9.138121387283238
      vertex -4.786058991870563 8.062680086064859 9.12078034682081
      vertex -5.614922422194272 9.45899816009814 8.18328034682081
    endloop
  endfacet
  facet normal -0.21484957689764816 0.4532883696818186 0.8650834140232377
    outer loop
      vertex -4.786058991870563 8.062680086064859 9.12078034682081
      vertex -5.2677538532254555 9.656643792841711 8.165939306358382
      vertex -5.614922422194272 9.45899816009814 8.18328034682081
    endloop
  endfacet
  facet normal -0.20856375889558507 0.45543422750628504 0.8654945539349729
    outer loop
      vertex -4.786058991870563 8.062680086064859 9.12078034682081
      vertex -4.490138741104443 8.231149672404513 9.103439306358382
      vertex -5.2677538532254555 9.656643792841711 8.165939306358382
    endloop
  endfacet
  facet normal -0.19824853495799996 0.4607908475316171 0.8650834140232379
    outer loop
      vertex -4.490138741104443 8.231149672404513 9.103439306358382
      vertex -4.91363751695039 9.841553045735088 8.148598265895956
      vertex -5.2677538532254555 9.656643792841711 8.165939306358382
    endloop
  endfacet
  facet normal -0.32826211112970616 0.37836908370739086 -0.865494553934973
    outer loop
      vertex -6.610212064003199 8.79233168556024 10.860303468208093
      vertex -5.35858017761371 7.69407494920457 9.905462427745665
      vertex -5.6344260006232325 7.494425560868078 9.922803468208093
    endloop
  endfacet
  facet normal -0.3143066725873562 0.3900390912151839 -0.8654945539349731
    outer loop
      vertex -6.286594469795601 9.026556927884261 10.842962427745665
      vertex -5.0756667942733 7.8835764369607855 9.888121387283238
      vertex -5.35858017761371 7.69407494920457 9.905462427745665
    endloop
  endfacet
  facet normal -0.5565135667594944 0.8308385222247617 5.263528763797232e-18
    outer loop
      vertex -5.35858017761371 7.69407494920457 9.905462427745665
      vertex -5.0756667942733 7.8835764369607855 9.888121387283238
      vertex -5.0756667942733 7.8835764369607855 9.138121387283238
    endloop
  endfacet
  facet normal -0.5259779844619152 0.8504981833380841 0
    outer loop
      vertex -5.0756667942733 7.8835764369607855 9.138121387283238
      vertex -5.0756667942733 7.8835764369607855 9.888121387283238
      vertex -4.786058991870563 8.062680086064859 9.12078034682081
    endloop
  endfacet
  facet normal -0.5259779844619152 0.8504981833380841 0
    outer loop
      vertex -4.786058991870563 8.062680086064859 9.12078034682081
      vertex -5.0756667942733 7.8835764369607855 9.888121387283238
      vertex -4.786058991870563 8.062680086064859 9.87078034682081
    endloop
  endfacet
  facet normal -0.29993668741189305 0.4011946667807069 -0.8654945539349731
    outer loop
      vertex -5.0756667942733 7.8835764369607855 9.888121387283238
      vertex -5.954685334877884 9.24887682708502 10.825621387283238
      vertex -4.786058991870563 8.062680086064859 9.87078034682081
    endloop
  endfacet
  facet normal -0.28517110852252053 0.41182109704693254 -0.8654945539349729
    outer loop
      vertex -4.786058991870563 8.062680086064859 9.87078034682081
      vertex -5.614922422194272 9.45899816009814 10.80828034682081
      vertex -4.490138741104443 8.231149672404513 9.853439306358382
    endloop
  endfacet
  facet normal -0.26482242487092367 0.4260278982266099 -0.8650834140232383
    outer loop
      vertex -4.188296338313913 8.388762997388719 9.836098265895956
      vertex -5.2677538532254555 9.656643792841711 10.790939306358382
      vertex -4.91363751695039 9.841553045735088 10.773598265895954
    endloop
  endfacet
  facet normal -0.19188894395747444 0.46270704586788747 0.8654945539349729
    outer loop
      vertex -4.188296338313913 8.388762997388719 9.086098265895956
      vertex -4.91363751695039 9.841553045735088 8.148598265895956
      vertex -4.490138741104443 8.231149672404513 9.103439306358382
    endloop
  endfacet
  facet normal -0.17496104207406443 0.4693695887733459 0.8654945539349728
    outer loop
      vertex -4.188296338313913 8.388762997388719 9.086098265895956
      vertex -3.8809298907067498 8.53531218101077 9.068757225433526
      vertex -4.553040465925504 10.013482037515466 8.131257225433526
    endloop
  endfacet
  facet normal -0.15780237986247247 0.4754130688345051 0.8654945539349731
    outer loop
      vertex -3.8809298907067498 8.53531218101077 9.068757225433526
      vertex -3.5684447912863475 8.670603936026211 9.0514161849711
      vertex -4.18643830027784 10.17220400689874 8.1139161849711
    endloop
  endfacet
  facet normal -0.1404355882951405 0.4808295151601032 0.8654945539349731
    outer loop
      vertex -3.5684447912863475 8.670603936026211 9.0514161849711
      vertex -3.251253184169145 8.794459822884058 9.034075144508671
      vertex -3.814314540424613 10.31750961166043 8.096575144508671
    endloop
  endfacet
  facet normal -0.49474867714489534 0.8690361019332719 0
    outer loop
      vertex -4.786058991870563 8.062680086064859 9.12078034682081
      vertex -4.786058991870563 8.062680086064859 9.87078034682081
      vertex -4.490138741104443 8.231149672404513 9.103439306358382
    endloop
  endfacet
  facet normal -0.49474867714489534 0.8690361019332719 -5.913772604834351e-18
    outer loop
      vertex -4.786058991870563 8.062680086064859 9.87078034682081
      vertex -4.490138741104443 8.231149672404513 9.853439306358382
      vertex -4.490138741104443 8.231149672404513 9.103439306358382
    endloop
  endfacet
  facet normal -0.46286683389327055 0.886427827903445 1.2084287102311455e-17
    outer loop
      vertex -4.188296338313913 8.388762997388719 9.086098265895956
      vertex -4.490138741104443 8.231149672404513 9.103439306358382
      vertex -4.490138741104443 8.231149672404513 9.853439306358382
    endloop
  endfacet
  facet normal -0.4303745044372343 0.9026504228827487 0
    outer loop
      vertex -4.188296338313913 8.388762997388719 9.086098265895956
      vertex -4.188296338313913 8.388762997388719 9.836098265895956
      vertex -3.8809298907067498 8.53531218101077 9.068757225433526
    endloop
  endfacet
  facet normal -0.46286683389327055 0.886427827903445 0
    outer loop
      vertex -4.188296338313913 8.388762997388719 9.086098265895956
      vertex -4.490138741104443 8.231149672404513 9.853439306358382
      vertex -4.188296338313913 8.388762997388719 9.836098265895956
    endloop
  endfacet
  facet normal -0.4303745044372343 0.9026504228827487 0
    outer loop
      vertex -3.8809298907067498 8.53531218101077 9.068757225433526
      vertex -4.188296338313913 8.388762997388719 9.836098265895956
      vertex -3.8809298907067498 8.53531218101077 9.818757225433526
    endloop
  endfacet
  facet normal -0.2700294105965136 0.4219043665592969 -0.8654945539349731
    outer loop
      vertex -4.490138741104443 8.231149672404513 9.853439306358382
      vertex -5.2677538532254555 9.656643792841711 10.790939306358382
      vertex -4.188296338313913 8.388762997388719 9.836098265895956
    endloop
  endfacet
  facet normal -0.254531564383616 0.4314311762510112 -0.865494553934973
    outer loop
      vertex -4.188296338313913 8.388762997388719 9.836098265895956
      vertex -4.91363751695039 9.841553045735088 10.773598265895954
      vertex -3.8809298907067498 8.53531218101077 9.818757225433526
    endloop
  endfacet
  facet normal -0.23869801036605726 0.4403889609835691 -0.8654945539349731
    outer loop
      vertex -3.8809298907067498 8.53531218101077 9.818757225433526
      vertex -4.553040465925504 10.013482037515466 10.756257225433526
      vertex -3.5684447912863475 8.670603936026211 9.8014161849711
    endloop
  endfacet
  facet normal -0.3973145436918888 0.9176824905003397 0
    outer loop
      vertex -3.8809298907067498 8.53531218101077 9.068757225433526
      vertex -3.8809298907067498 8.53531218101077 9.818757225433526
      vertex -3.5684447912863475 8.670603936026211 9.0514161849711
    endloop
  endfacet
  facet normal -0.3973145436918888 0.9176824905003397 0
    outer loop
      vertex -3.5684447912863475 8.670603936026211 9.0514161849711
      vertex -3.8809298907067498 8.53531218101077 9.818757225433526
      vertex -3.5684447912863475 8.670603936026211 9.8014161849711
    endloop
  endfacet
  facet normal -0.3637305552349664 0.9315042046005284 0
    outer loop
      vertex -3.5684447912863475 8.670603936026211 9.0514161849711
      vertex -3.5684447912863475 8.670603936026211 9.8014161849711
      vertex -3.251253184169145 8.794459822884058 9.034075144508671
    endloop
  endfacet
  facet normal -0.32966683379689526 0.9440973353920297 0
    outer loop
      vertex -3.251253184169145 8.794459822884058 9.034075144508671
      vertex -3.251253184169145 8.794459822884058 9.784075144508671
      vertex -2.9297734209978237 8.906716485074993 9.016734104046243
    endloop
  endfacet
  facet normal -0.3637305552349664 0.9315042046005284 0
    outer loop
      vertex -3.251253184169145 8.794459822884058 9.034075144508671
      vertex -3.5684447912863475 8.670603936026211 9.8014161849711
      vertex -3.251253184169145 8.794459822884058 9.784075144508671
    endloop
  endfacet
  facet normal -0.22254963179925324 0.4487659061191245 -0.8654945539349731
    outer loop
      vertex -3.251253184169145 8.794459822884058 9.784075144508671
      vertex -3.5684447912863475 8.670603936026211 9.8014161849711
      vertex -4.18643830027784 10.17220400689874 10.7389161849711
    endloop
  endfacet
  facet normal -0.20610772716822043 0.45655096310319254 -0.8654945539349729
    outer loop
      vertex -3.251253184169145 8.794459822884058 9.784075144508671
      vertex -3.814314540424613 10.31750961166043 10.721575144508671
      vertex -2.9297734209978237 8.906716485074993 9.766734104046243
    endloop
  endfacet
  facet normal -0.24917828288346555 0.4353629177148042 -0.8650834140232375
    outer loop
      vertex -3.8809298907067498 8.53531218101077 6.818757225433527
      vertex -4.91363751695039 9.841553045735088 7.773598265895955
      vertex -4.553040465925504 10.013482037515466 7.756257225433527
    endloop
  endfacet
  facet normal -0.23320549366314133 0.44412372657541016 -0.865083414023238
    outer loop
      vertex -3.5684447912863475 8.670603936026211 6.801416184971099
      vertex -4.553040465925504 10.013482037515466 7.756257225433527
      vertex -4.18643830027784 10.17220400689874 7.738916184971099
    endloop
  endfacet
  facet normal -0.2169251241059909 0.45229876996682145 -0.8650834140232379
    outer loop
      vertex -3.251253184169145 8.794459822884058 6.784075144508671
      vertex -4.18643830027784 10.17220400689874 7.738916184971099
      vertex -3.814314540424613 10.31750961166043 7.721575144508671
    endloop
  endfacet
  facet normal -0.20035864678315185 0.45987726562760606 -0.8650834140232377
    outer loop
      vertex -3.4371599893464904 10.44920720474217 7.704234104046243
      vertex -2.9297734209978237 8.906716485074993 6.766734104046243
      vertex -3.814314540424613 10.31750961166043 7.721575144508671
    endloop
  endfacet
  facet normal -0.49474867714489407 0.8690361019332725 0
    outer loop
      vertex -5.614922422194272 9.45899816009814 7.80828034682081
      vertex -5.614922422194272 9.45899816009814 8.18328034682081
      vertex -5.2677538532254555 9.656643792841711 7.790939306358382
    endloop
  endfacet
  facet normal -0.5259779844619142 0.8504981833380846 -1.336808414514486e-17
    outer loop
      vertex -5.954685334877884 9.24887682708502 8.200621387283238
      vertex -5.614922422194272 9.45899816009814 8.18328034682081
      vertex -5.614922422194272 9.45899816009814 7.80828034682081
    endloop
  endfacet
  facet normal -0.49474867714489407 0.8690361019332725 -2.004201568565845e-17
    outer loop
      vertex -5.614922422194272 9.45899816009814 8.18328034682081
      vertex -5.2677538532254555 9.656643792841711 8.165939306358382
      vertex -5.2677538532254555 9.656643792841711 7.790939306358382
    endloop
  endfacet
  facet normal -0.4628668338932711 0.8864278279034449 0
    outer loop
      vertex -5.2677538532254555 9.656643792841711 7.790939306358382
      vertex -5.2677538532254555 9.656643792841711 8.165939306358382
      vertex -4.91363751695039 9.841553045735088 7.773598265895955
    endloop
  endfacet
  facet normal -0.4628668338932711 0.8864278279034448 1.415139947076629e-17
    outer loop
      vertex -5.2677538532254555 9.656643792841711 8.165939306358382
      vertex -4.91363751695039 9.841553045735088 8.148598265895956
      vertex -4.91363751695039 9.841553045735088 7.773598265895955
    endloop
  endfacet
  facet normal -0.4303745044372333 0.9026504228827491 0
    outer loop
      vertex -4.91363751695039 9.841553045735088 7.773598265895955
      vertex -4.91363751695039 9.841553045735088 8.148598265895956
      vertex -4.553040465925504 10.013482037515466 7.756257225433527
    endloop
  endfacet
  facet normal -0.4303745044372333 0.9026504228827491 -9.808746452264804e-18
    outer loop
      vertex -4.91363751695039 9.841553045735088 8.148598265895956
      vertex -4.553040465925504 10.013482037515466 8.131257225433526
      vertex -4.553040465925504 10.013482037515466 7.756257225433527
    endloop
  endfacet
  facet normal -0.3973145436918928 0.917682490500338 0
    outer loop
      vertex -4.553040465925504 10.013482037515466 7.756257225433527
      vertex -4.553040465925504 10.013482037515466 8.131257225433526
      vertex -4.18643830027784 10.17220400689874 7.738916184971099
    endloop
  endfacet
  facet normal -0.39731454369189273 0.917682490500338 -1.7613490830921365e-17
    outer loop
      vertex -4.553040465925504 10.013482037515466 8.131257225433526
      vertex -4.18643830027784 10.17220400689874 8.1139161849711
      vertex -4.18643830027784 10.17220400689874 7.738916184971099
    endloop
  endfacet
  facet normal -0.18138601825546166 0.4676855772453636 0.8650834140232376
    outer loop
      vertex -4.188296338313913 8.388762997388719 9.086098265895956
      vertex -4.553040465925504 10.013482037515466 8.131257225433526
      vertex -4.91363751695039 9.841553045735088 8.148598265895956
    endloop
  endfacet
  facet normal -0.16428426716906286 0.47396346519813454 0.8650834140232379
    outer loop
      vertex -3.8809298907067498 8.53531218101077 9.068757225433526
      vertex -4.18643830027784 10.17220400689874 8.1139161849711
      vertex -4.553040465925504 10.013482037515466 8.131257225433526
    endloop
  endfacet
  facet normal -0.363730555234965 0.931504204600529 0
    outer loop
      vertex -4.18643830027784 10.17220400689874 7.738916184971099
      vertex -4.18643830027784 10.17220400689874 8.1139161849711
      vertex -3.814314540424613 10.31750961166043 7.721575144508671
    endloop
  endfacet
  facet normal -0.363730555234965 0.931504204600529 -3.4326873724279664e-18
    outer loop
      vertex -4.18643830027784 10.17220400689874 8.1139161849711
      vertex -3.814314540424613 10.31750961166043 8.096575144508671
      vertex -3.814314540424613 10.31750961166043 7.721575144508671
    endloop
  endfacet
  facet normal -0.129453571271101 0.4846364200790704 0.865083414023238
    outer loop
      vertex -3.251253184169145 8.794459822884058 9.034075144508671
      vertex -3.4371599893464904 10.44920720474217 8.079234104046243
      vertex -3.814314540424613 10.31750961166043 8.096575144508671
    endloop
  endfacet
  facet normal -0.11177056550243371 0.48901741019023587 0.8650834140232379
    outer loop
      vertex -3.4371599893464904 10.44920720474217 8.079234104046243
      vertex -2.9297734209978237 8.906716485074993 9.016734104046243
      vertex -3.0554720852557353 10.567123087019615 8.061893063583817
    endloop
  endfacet
  facet normal -0.14696583760978907 0.4796162313324607 0.8650834140232379
    outer loop
      vertex -3.5684447912863475 8.670603936026211 9.0514161849711
      vertex -3.814314540424613 10.31750961166043 8.096575144508671
      vertex -4.18643830027784 10.17220400689874 8.1139161849711
    endloop
  endfacet
  facet normal -0.12288357285133954 0.485611783868752 0.865494553934973
    outer loop
      vertex -3.251253184169145 8.794459822884058 9.034075144508671
      vertex -2.9297734209978237 8.906716485074993 9.016734104046243
      vertex -3.4371599893464904 10.44920720474217 8.079234104046243
    endloop
  endfacet
  facet normal -0.3296668337968945 0.9440973353920298 1.711263958548898e-17
    outer loop
      vertex -3.4371599893464904 10.44920720474217 7.704234104046243
      vertex -3.814314540424613 10.31750961166043 7.721575144508671
      vertex -3.814314540424613 10.31750961166043 8.096575144508671
    endloop
  endfacet
  facet normal -0.3296668337968945 0.9440973353920298 0
    outer loop
      vertex -3.4371599893464904 10.44920720474217 7.704234104046243
      vertex -3.814314540424613 10.31750961166043 8.096575144508671
      vertex -3.4371599893464904 10.44920720474217 8.079234104046243
    endloop
  endfacet
  facet normal -0.29516830683948997 0.9554452734916368 0
    outer loop
      vertex -3.4371599893464904 10.44920720474217 7.704234104046243
      vertex -3.4371599893464904 10.44920720474217 8.079234104046243
      vertex -3.0554720852557353 10.567123087019615 7.686893063583816
    endloop
  endfacet
  facet normal -0.29516830683949 0.9554452734916369 6.116270488630951e-18
    outer loop
      vertex -3.4371599893464904 10.44920720474217 8.079234104046243
      vertex -3.0554720852557353 10.567123087019615 8.061893063583817
      vertex -3.0554720852557353 10.567123087019615 7.686893063583816
    endloop
  endfacet
  facet normal -0.24917828288346555 0.4353629177148042 -0.8650834140232375
    outer loop
      vertex -3.8809298907067498 8.53531218101077 9.818757225433526
      vertex -4.91363751695039 9.841553045735088 10.773598265895954
      vertex -4.553040465925504 10.013482037515466 10.756257225433526
    endloop
  endfacet
  facet normal -0.23320549366313786 0.4441237265754117 -0.8650834140232382
    outer loop
      vertex -3.5684447912863475 8.670603936026211 9.8014161849711
      vertex -4.553040465925504 10.013482037515466 10.756257225433526
      vertex -4.18643830027784 10.17220400689874 10.7389161849711
    endloop
  endfacet
  facet normal -0.21692512410599268 0.4522987699668208 -0.8650834140232379
    outer loop
      vertex -3.251253184169145 8.794459822884058 9.784075144508671
      vertex -4.18643830027784 10.17220400689874 10.7389161849711
      vertex -3.814314540424613 10.31750961166043 10.721575144508671
    endloop
  endfacet
  facet normal -0.20035864678315188 0.4598772656276061 -0.8650834140232377
    outer loop
      vertex -2.9297734209978237 8.906716485074993 9.766734104046243
      vertex -3.814314540424613 10.31750961166043 10.721575144508671
      vertex -3.4371599893464904 10.44920720474217 10.704234104046243
    endloop
  endfacet
  facet normal -0.32966683379689526 0.9440973353920296 6.282128031943809e-17
    outer loop
      vertex -3.251253184169145 8.794459822884058 5.2
      vertex -2.9297734209978237 8.906716485074993 5.215171604046244
      vertex -2.9297734209978237 8.906716485074993 5.2
    endloop
  endfacet
  facet normal -0.2951683068394903 0.9554452734916368 0
    outer loop
      vertex -2.9297734209978237 8.906716485074993 5.2
      vertex -2.9297734209978237 8.906716485074993 5.215171604046244
      vertex -2.6044295091672676 9.007225864586202 6.749393063583816
    endloop
  endfacet
  facet normal -0.32966683379689526 0.9440973353920296 6.142837241068918e-19
    outer loop
      vertex -3.251253184169145 8.794459822884058 6.784075144508671
      vertex -2.9297734209978237 8.906716485074993 6.766734104046243
      vertex -2.9297734209978237 8.906716485074993 5.215171604046244
    endloop
  endfacet
  facet normal -0.2951683068394903 0.9554452734916368 0
    outer loop
      vertex -2.9297734209978237 8.906716485074993 5.215171604046244
      vertex -2.9297734209978237 8.906716485074993 6.766734104046243
      vertex -2.6044295091672676 9.007225864586202 6.749393063583816
    endloop
  endfacet
  facet normal -0.29516830683949025 0.9554452734916368 -1.7014736548756864e-18
    outer loop
      vertex -2.9297734209978237 8.906716485074993 5.2
      vertex -2.6044295091672676 9.007225864586202 6.749393063583816
      vertex -2.6044295091672676 9.007225864586202 5.2
    endloop
  endfacet
  facet normal -0.2602804753000636 0.965533051830735 -1.0399416989087401e-18
    outer loop
      vertex -2.6044295091672676 9.007225864586202 5.2
      vertex -2.2756505525910016 9.095855397178662 6.732052023121388
      vertex -2.2756505525910016 9.095855397178662 5.2
    endloop
  endfacet
  facet normal -0.2602804753000636 0.965533051830735 0
    outer loop
      vertex -2.6044295091672676 9.007225864586202 5.2
      vertex -2.6044295091672676 9.007225864586202 6.749393063583816
      vertex -2.2756505525910016 9.095855397178662 6.732052023121388
    endloop
  endfacet
  facet normal -0.22504935357905317 0.9743473653957557 1.3676899230629224e-18
    outer loop
      vertex -2.2756505525910016 9.095855397178662 5.2
      vertex -1.9438701857457128 9.172488187229288 6.714710982658961
      vertex -1.9438701857457128 9.172488187229288 5.2
    endloop
  endfacet
  facet normal -0.22504935357905323 0.9743473653957558 0
    outer loop
      vertex -2.2756505525910016 9.095855397178662 5.2
      vertex -2.2756505525910016 9.095855397178662 6.732052023121388
      vertex -1.9438701857457128 9.172488187229288 6.714710982658961
    endloop
  endfacet
  facet normal -0.18952140885063323 0.9818765887764466 -2.367843486893334e-18
    outer loop
      vertex -1.9438701857457128 9.172488187229288 5.2
      vertex -1.6095260017403181 9.237023161907398 6.6973699421965325
      vertex -1.6095260017403181 9.237023161907398 5.2
    endloop
  endfacet
  facet normal -0.18952140885063318 0.9818765887764465 0
    outer loop
      vertex -1.9438701857457128 9.172488187229288 5.2
      vertex -1.9438701857457128 9.172488187229288 6.714710982658961
      vertex -1.6095260017403181 9.237023161907398 6.6973699421965325
    endloop
  endfacet
  facet normal -0.15374349977592547 0.9881107914989341 -1.1078592864926253e-18
    outer loop
      vertex -1.6095260017403181 9.237023161907398 5.2
      vertex -1.2730589751638708 9.289375204482088 6.680028901734104
      vertex -1.2730589751638708 9.289375204482088 5.2
    endloop
  endfacet
  facet normal -0.1537434997759255 0.9881107914989342 0
    outer loop
      vertex -1.6095260017403181 9.237023161907398 5.2
      vertex -1.6095260017403181 9.237023161907398 6.6973699421965325
      vertex -1.2730589751638708 9.289375204482088 6.680028901734104
    endloop
  endfacet
  facet normal -0.11776281470009409 0.9930417511232401 1.023146207321472e-18
    outer loop
      vertex -1.2730589751638708 9.289375204482088 5.2
      vertex -0.9349128804735721 9.329475266584746 6.662687861271677
      vertex -0.9349128804735721 9.329475266584746 5.2
    endloop
  endfacet
  facet normal -0.11776281470009409 0.9930417511232402 0
    outer loop
      vertex -1.2730589751638708 9.289375204482088 5.2
      vertex -1.2730589751638708 9.289375204482088 6.680028901734104
      vertex -0.9349128804735721 9.329475266584746 6.662687861271677
    endloop
  endfacet
  facet normal -0.08162680941442536 0.9966629640880718 0
    outer loop
      vertex -0.9349128804735721 9.329475266584746 5.2
      vertex -0.9349128804735721 9.329475266584746 6.662687861271677
      vertex -0.5955337066899598 9.357270459278604 6.645346820809249
    endloop
  endfacet
  facet normal -0.08162680941442535 0.9966629640880718 5.741523463966373e-19
    outer loop
      vertex -0.9349128804735721 9.329475266584746 5.2
      vertex -0.5955337066899598 9.357270459278604 6.645346820809249
      vertex -0.5955337066899598 9.357270459278604 5.2
    endloop
  endfacet
  facet normal -0.04538314456576897 0.9989696542885188 0
    outer loop
      vertex -0.5955337066899598 9.357270459278604 5.2
      vertex -0.5955337066899598 9.357270459278604 6.645346820809249
      vertex -0.2553690691712512 9.37272412281523 6.628005780346822
    endloop
  endfacet
  facet normal -0.04538314456576896 0.9989696542885188 -1.0617706429481873e-19
    outer loop
      vertex -0.5955337066899598 9.357270459278604 5.2
      vertex -0.2553690691712512 9.37272412281523 6.628005780346822
      vertex -0.2553690691712512 9.37272412281523 5.2
    endloop
  endfacet
  facet normal -0.009079622795765126 0.9999587793753734 -1.9274696321246582e-19
    outer loop
      vertex -0.2553690691712512 9.37272412281523 5.2
      vertex 0.08513238075731001 9.375815874985948 6.610664739884394
      vertex 0.08513238075731001 9.375815874985948 5.2
    endloop
  endfacet
  facet normal -0.009079622795765126 0.9999587793753733 0
    outer loop
      vertex -0.2553690691712512 9.37272412281523 5.2
      vertex -0.2553690691712512 9.37272412281523 6.628005780346822
      vertex 0.08513238075731001 9.375815874985948 6.610664739884394
    endloop
  endfacet
  facet normal -0.2951683068394903 0.9554452734916368 0
    outer loop
      vertex -2.9297734209978237 8.906716485074993 9.016734104046243
      vertex -2.9297734209978237 8.906716485074993 9.766734104046243
      vertex -2.6044295091672676 9.007225864586202 8.999393063583817
    endloop
  endfacet
  facet normal -0.32966683379689526 0.9440973353920297 1.2707994542461319e-18
    outer loop
      vertex -3.251253184169145 8.794459822884058 9.784075144508671
      vertex -2.9297734209978237 8.906716485074993 9.766734104046243
      vertex -2.9297734209978237 8.906716485074993 9.016734104046243
    endloop
  endfacet
  facet normal -0.2951683068394903 0.9554452734916368 0
    outer loop
      vertex -2.6044295091672676 9.007225864586202 8.999393063583817
      vertex -2.9297734209978237 8.906716485074993 9.766734104046243
      vertex -2.6044295091672676 9.007225864586202 9.749393063583817
    endloop
  endfacet
  facet normal -0.26028047530006365 0.9655330518307351 0
    outer loop
      vertex -2.6044295091672676 9.007225864586202 8.999393063583817
      vertex -2.6044295091672676 9.007225864586202 9.749393063583817
      vertex -2.2756505525910016 9.095855397178662 8.982052023121387
    endloop
  endfacet
  facet normal -0.26028047530006365 0.9655330518307351 0
    outer loop
      vertex -2.2756505525910016 9.095855397178662 8.982052023121387
      vertex -2.6044295091672676 9.007225864586202 9.749393063583817
      vertex -2.2756505525910016 9.095855397178662 9.732052023121387
    endloop
  endfacet
  facet normal -0.2250493535790532 0.9743473653957558 0
    outer loop
      vertex -2.2756505525910016 9.095855397178662 8.982052023121387
      vertex -2.2756505525910016 9.095855397178662 9.732052023121387
      vertex -1.9438701857457128 9.172488187229288 8.96471098265896
    endloop
  endfacet
  facet normal -0.2250493535790532 0.9743473653957558 0
    outer loop
      vertex -1.9438701857457128 9.172488187229288 8.96471098265896
      vertex -2.2756505525910016 9.095855397178662 9.732052023121387
      vertex -1.9438701857457128 9.172488187229288 9.71471098265896
    endloop
  endfacet
  facet normal -0.18952140885063323 0.9818765887764467 0
    outer loop
      vertex -1.9438701857457128 9.172488187229288 8.96471098265896
      vertex -1.9438701857457128 9.172488187229288 9.71471098265896
      vertex -1.6095260017403181 9.237023161907398 8.947369942196532
    endloop
  endfacet
  facet normal -0.18952140885063323 0.9818765887764467 0
    outer loop
      vertex -1.6095260017403181 9.237023161907398 8.947369942196532
      vertex -1.9438701857457128 9.172488187229288 9.71471098265896
      vertex -1.6095260017403181 9.237023161907398 9.697369942196532
    endloop
  endfacet
  facet normal -0.15374349977592547 0.9881107914989341 0
    outer loop
      vertex -1.6095260017403181 9.237023161907398 8.947369942196532
      vertex -1.6095260017403181 9.237023161907398 9.697369942196532
      vertex -1.2730589751638708 9.289375204482088 8.930028901734104
    endloop
  endfacet
  facet normal -0.15374349977592547 0.9881107914989341 -2.1862183507514778e-18
    outer loop
      vertex -1.6095260017403181 9.237023161907398 9.697369942196532
      vertex -1.2730589751638708 9.289375204482088 9.680028901734104
      vertex -1.2730589751638708 9.289375204482088 8.930028901734104
    endloop
  endfacet
  facet normal -0.1177628147000941 0.9930417511232402 0
    outer loop
      vertex -1.2730589751638708 9.289375204482088 8.930028901734104
      vertex -1.2730589751638708 9.289375204482088 9.680028901734104
      vertex -0.9349128804735721 9.329475266584746 8.912687861271678
    endloop
  endfacet
  facet normal -0.1177628147000941 0.9930417511232402 0
    outer loop
      vertex -0.9349128804735721 9.329475266584746 8.912687861271678
      vertex -1.2730589751638708 9.289375204482088 9.680028901734104
      vertex -0.9349128804735721 9.329475266584746 9.662687861271678
    endloop
  endfacet
  facet normal -0.08162680941442536 0.9966629640880718 0
    outer loop
      vertex -0.9349128804735721 9.329475266584746 8.912687861271678
      vertex -0.9349128804735721 9.329475266584746 9.662687861271678
      vertex -0.5955337066899598 9.357270459278604 8.895346820809248
    endloop
  endfacet
  facet normal -0.08162680941442536 0.9966629640880718 0
    outer loop
      vertex -0.5955337066899598 9.357270459278604 8.895346820809248
      vertex -0.9349128804735721 9.329475266584746 9.662687861271678
      vertex -0.5955337066899598 9.357270459278604 9.645346820809248
    endloop
  endfacet
  facet normal -0.04538314456576896 0.9989696542885186 0
    outer loop
      vertex -0.5955337066899598 9.357270459278604 8.895346820809248
      vertex -0.5955337066899598 9.357270459278604 9.645346820809248
      vertex -0.2553690691712512 9.37272412281523 8.878005780346822
    endloop
  endfacet
  facet normal -0.04538314456576896 0.9989696542885186 0
    outer loop
      vertex -0.2553690691712512 9.37272412281523 8.878005780346822
      vertex -0.5955337066899598 9.357270459278604 9.645346820809248
      vertex -0.2553690691712512 9.37272412281523 9.628005780346822
    endloop
  endfacet
  facet normal -0.009079622795765126 0.9999587793753734 0
    outer loop
      vertex -0.2553690691712512 9.37272412281523 8.878005780346822
      vertex -0.2553690691712512 9.37272412281523 9.628005780346822
      vertex 0.08513238075731001 9.375815874985948 8.860664739884394
    endloop
  endfacet
  facet normal -0.009079622795765125 0.9999587793753734 -3.625351262981598e-19
    outer loop
      vertex -0.2553690691712512 9.37272412281523 9.628005780346822
      vertex 0.08513238075731001 9.375815874985948 9.610664739884394
      vertex 0.08513238075731001 9.375815874985948 8.860664739884394
    endloop
  endfacet
  facet normal -0.18939398209658903 0.46373386403679734 -0.8654945539349731
    outer loop
      vertex -3.4371599893464904 10.44920720474217 7.704234104046243
      vertex -2.6044295091672676 9.007225864586202 6.749393063583816
      vertex -2.9297734209978237 8.906716485074993 6.766734104046243
    endloop
  endfacet
  facet normal -0.18352791162016288 0.4668492180974933 -0.8650834140232379
    outer loop
      vertex -3.4371599893464904 10.44920720474217 7.704234104046243
      vertex -3.0554720852557353 10.567123087019615 7.686893063583816
      vertex -2.6044295091672676 9.007225864586202 6.749393063583816
    endloop
  endfacet
  facet normal -0.17243044074490824 0.47030513521906075 -0.8654945539349728
    outer loop
      vertex -2.6044295091672676 9.007225864586202 6.749393063583816
      vertex -3.0554720852557353 10.567123087019615 7.686893063583816
      vertex -2.2756505525910016 9.095855397178662 6.732052023121388
    endloop
  endfacet
  facet normal -0.16645511707862098 0.47320543190060926 -0.8650834140232377
    outer loop
      vertex -2.2756505525910016 9.095855397178662 6.732052023121388
      vertex -3.0554720852557353 10.567123087019615 7.686893063583816
      vertex -2.669754245512978 10.671101736398423 7.669552023121388
    endloop
  endfacet
  facet normal -0.13784376364598666 0.481578938423195 -0.8654945539349731
    outer loop
      vertex -1.9438701857457128 9.172488187229288 6.714710982658961
      vertex -2.2805152026579387 10.76100601293606 7.652210982658961
      vertex -1.6095260017403181 9.237023161907398 6.6973699421965325
    endloop
  endfacet
  facet normal -0.12026624509937497 0.4862666011547566 -0.8654945539349729
    outer loop
      vertex -1.6095260017403181 9.237023161907398 6.6973699421965325
      vertex -1.888268333429857 10.836717339718982 7.6348699421965325
      vertex -1.2730589751638708 9.289375204482088 6.680028901734104
    endloop
  endfacet
  facet normal -0.15523947673601 0.47625610964231396 -0.8654945539349732
    outer loop
      vertex -2.2756505525910016 9.095855397178662 6.732052023121388
      vertex -2.669754245512978 10.671101736398423 7.669552023121388
      vertex -1.9438701857457128 9.172488187229288 6.714710982658961
    endloop
  endfacet
  facet normal -0.149162780878021 0.47893752367363596 -0.8650834140232381
    outer loop
      vertex -1.9438701857457128 9.172488187229288 6.714710982658961
      vertex -2.669754245512978 10.671101736398423 7.669552023121388
      vertex -2.2805152026579387 10.76100601293606 7.652210982658961
    endloop
  endfacet
  facet normal -0.1316737102966716 0.4840379332228081 -0.8650834140232376
    outer loop
      vertex -1.6095260017403181 9.237023161907398 6.6973699421965325
      vertex -2.2805152026579387 10.76100601293606 7.652210982658961
      vertex -1.888268333429857 10.836717339718982 7.6348699421965325
    endloop
  endfacet
  facet normal -0.10253010450833515 0.49031291516582753 -0.865494553934973
    outer loop
      vertex -1.2730589751638708 9.289375204482088 6.680028901734104
      vertex -1.4935309816625422 10.898135859256579 7.617528901734104
      vertex -0.9349128804735721 9.329475266584746 6.662687861271677
    endloop
  endfacet
  facet normal -0.08465873449545291 0.49371254367549794 -0.865494553934973
    outer loop
      vertex -0.9349128804735721 9.329475266584746 6.662687861271677
      vertex -1.0968237759471526 10.945180565185622 7.600187861271677
      vertex -0.5955337066899598 9.357270459278604 6.645346820809249
    endloop
  endfacet
  facet normal -0.11401097209056077 0.48849993349525117 -0.8650834140232379
    outer loop
      vertex -1.2730589751638708 9.289375204482088 6.680028901734104
      vertex -1.888268333429857 10.836717339718982 7.6348699421965325
      vertex -1.4935309816625422 10.898135859256579 7.617528901734104
    endloop
  endfacet
  facet normal -0.09619786207010372 0.4923176394514424 -0.865083414023238
    outer loop
      vertex -0.9349128804735721 9.329475266584746 6.662687861271677
      vertex -1.4935309816625422 10.898135859256579 7.617528901734104
      vertex -1.0968237759471526 10.945180565185622 7.600187861271677
    endloop
  endfacet
  facet normal -0.07825787437471432 0.49548601582713797 -0.8650834140232377
    outer loop
      vertex -0.5955337066899598 9.357270459278604 6.645346820809249
      vertex -1.0968237759471526 10.945180565185622 7.600187861271677
      vertex -0.6986699429626161 10.9777894091115 7.582846820809249
    endloop
  endfacet
  facet normal -0.06667570604063665 0.49646100283192907 -0.865494553934973
    outer loop
      vertex -0.5955337066899598 9.357270459278604 6.645346820809249
      vertex -0.6986699429626161 10.9777894091115 7.582846820809249
      vertex -0.2553690691712512 9.37272412281523 6.628005780346822
    endloop
  endfacet
  facet normal -0.04860473739282102 0.49855466762620654 -0.8654945539349728
    outer loop
      vertex -0.2553690691712512 9.37272412281523 6.628005780346822
      vertex -0.2995946173793666 10.995919382445349 7.565505780346822
      vertex 0.08513238075731001 9.375815874985948 6.610664739884394
    endloop
  endfacet
  facet normal -0.06021467048581981 0.4980008837745004 -0.8650834140232379
    outer loop
      vertex -0.2553690691712512 9.37272412281523 6.628005780346822
      vertex -0.6986699429626161 10.9777894091115 7.582846820809249
      vertex -0.2995946173793666 10.995919382445349 7.565505780346822
    endloop
  endfacet
  facet normal -0.04209204801918019 0.4998589263736827 -0.8650834140232377
    outer loop
      vertex -0.2995946173793666 10.995919382445349 7.565505780346822
      vertex 0.09987585075339327 10.999546573129107 7.548164739884394
      vertex 0.08513238075731001 9.375815874985948 6.610664739884394
    endloop
  endfacet
  facet normal -0.04538314456576748 0.9989696542885187 0
    outer loop
      vertex -0.6986699429626161 10.9777894091115 7.582846820809249
      vertex -0.6986699429626161 10.9777894091115 7.957846820809249
      vertex -0.2995946173793666 10.995919382445349 7.565505780346822
    endloop
  endfacet
  facet normal -0.009079622795764096 0.9999587793753735 0
    outer loop
      vertex -0.2995946173793666 10.995919382445349 7.565505780346822
      vertex -0.2995946173793666 10.995919382445349 7.940505780346822
      vertex 0.09987585075339327 10.999546573129107 7.548164739884394
    endloop
  endfacet
  facet normal -0.0939401428455716 0.4927534234726869 0.8650834140232376
    outer loop
      vertex -2.6044295091672676 9.007225864586202 8.999393063583817
      vertex -2.669754245512978 10.671101736398423 8.044552023121387
      vertex -3.0554720852557353 10.567123087019615 8.061893063583817
    endloop
  endfacet
  facet normal -0.10516948330655879 0.4897535675111857 0.8654945539349729
    outer loop
      vertex -2.9297734209978237 8.906716485074993 9.016734104046243
      vertex -2.6044295091672676 9.007225864586202 8.999393063583817
      vertex -3.0554720852557353 10.567123087019615 8.061893063583817
    endloop
  endfacet
  facet normal -0.08731668319972047 0.4932494033893016 0.8654945539349728
    outer loop
      vertex -2.6044295091672676 9.007225864586202 8.999393063583817
      vertex -2.2756505525910016 9.095855397178662 8.982052023121387
      vertex -2.669754245512978 10.671101736398423 8.044552023121387
    endloop
  endfacet
  facet normal -0.2602804753000637 0.9655330518307351 0
    outer loop
      vertex -3.0554720852557353 10.567123087019615 7.686893063583816
      vertex -3.0554720852557353 10.567123087019615 8.061893063583817
      vertex -2.669754245512978 10.671101736398423 7.669552023121388
    endloop
  endfacet
  facet normal -0.2602804753000637 0.9655330518307351 0
    outer loop
      vertex -2.669754245512978 10.671101736398423 7.669552023121388
      vertex -3.0554720852557353 10.567123087019615 8.061893063583817
      vertex -2.669754245512978 10.671101736398423 8.044552023121387
    endloop
  endfacet
  facet normal -0.07598582027399486 0.4958395324086083 0.8650834140232379
    outer loop
      vertex -2.2756505525910016 9.095855397178662 8.982052023121387
      vertex -2.2805152026579387 10.76100601293606 8.02721098265896
      vertex -2.669754245512978 10.671101736398423 8.044552023121387
    endloop
  endfacet
  facet normal -0.22504935357905606 0.974347365395755 0
    outer loop
      vertex -2.669754245512978 10.671101736398423 7.669552023121388
      vertex -2.669754245512978 10.671101736398423 8.044552023121387
      vertex -2.2805152026579387 10.76100601293606 7.652210982658961
    endloop
  endfacet
  facet normal -0.22504935357905612 0.9743473653957551 0
    outer loop
      vertex -2.2805152026579387 10.76100601293606 7.652210982658961
      vertex -2.669754245512978 10.671101736398423 8.044552023121387
      vertex -2.2805152026579387 10.76100601293606 8.02721098265896
    endloop
  endfacet
  facet normal -0.06934871901846493 0.49609468076104174 0.8654945539349731
    outer loop
      vertex -2.2756505525910016 9.095855397178662 8.982052023121387
      vertex -1.9438701857457128 9.172488187229288 8.96471098265896
      vertex -2.2805152026579387 10.76100601293606 8.02721098265896
    endloop
  endfacet
  facet normal -0.05128928914306694 0.4982856469216236 0.865494553934973
    outer loop
      vertex -1.9438701857457128 9.172488187229288 8.96471098265896
      vertex -1.6095260017403181 9.237023161907398 8.947369942196532
      vertex -1.888268333429857 10.836717339718982 8.009869942196532
    endloop
  endfacet
  facet normal -0.057931278175729524 0.4982716666546728 0.8650834140232379
    outer loop
      vertex -1.9438701857457128 9.172488187229288 8.96471098265896
      vertex -1.888268333429857 10.836717339718982 8.009869942196532
      vertex -2.2805152026579387 10.76100601293606 8.02721098265896
    endloop
  endfacet
  facet normal -0.18952140885062999 0.9818765887764472 0
    outer loop
      vertex -2.2805152026579387 10.76100601293606 7.652210982658961
      vertex -2.2805152026579387 10.76100601293606 8.02721098265896
      vertex -1.888268333429857 10.836717339718982 7.6348699421965325
    endloop
  endfacet
  facet normal -0.18952140885062999 0.9818765887764472 0
    outer loop
      vertex -1.888268333429857 10.836717339718982 7.6348699421965325
      vertex -2.2805152026579387 10.76100601293606 8.02721098265896
      vertex -1.888268333429857 10.836717339718982 8.009869942196532
    endloop
  endfacet
  facet normal -0.0398003291207747 0.5000466184105014 0.8650834140232377
    outer loop
      vertex -1.6095260017403181 9.237023161907398 8.947369942196532
      vertex -1.4935309816625422 10.898135859256579 7.992528901734104
      vertex -1.888268333429857 10.836717339718982 8.009869942196532
    endloop
  endfacet
  facet normal -0.1537434997759251 0.9881107914989342 0
    outer loop
      vertex -1.888268333429857 10.836717339718982 7.6348699421965325
      vertex -1.888268333429857 10.836717339718982 8.009869942196532
      vertex -1.4935309816625422 10.898135859256579 7.617528901734104
    endloop
  endfacet
  facet normal -0.1537434997759251 0.9881107914989342 0
    outer loop
      vertex -1.4935309816625422 10.898135859256579 7.617528901734104
      vertex -1.888268333429857 10.836717339718982 8.009869942196532
      vertex -1.4935309816625422 10.898135859256579 7.992528901734104
    endloop
  endfacet
  facet normal -0.1893939820965869 0.4637338640367981 -0.865494553934973
    outer loop
      vertex -2.9297734209978237 8.906716485074993 9.766734104046243
      vertex -3.4371599893464904 10.44920720474217 10.704234104046243
      vertex -2.6044295091672676 9.007225864586202 9.749393063583817
    endloop
  endfacet
  facet normal -0.1835279116201611 0.4668492180974939 -0.865083414023238
    outer loop
      vertex -2.6044295091672676 9.007225864586202 9.749393063583817
      vertex -3.4371599893464904 10.44920720474217 10.704234104046243
      vertex -3.0554720852557353 10.567123087019615 10.686893063583817
    endloop
  endfacet
  facet normal -0.17243044074491257 0.4703051352190595 -0.8654945539349728
    outer loop
      vertex -2.6044295091672676 9.007225864586202 9.749393063583817
      vertex -3.0554720852557353 10.567123087019615 10.686893063583817
      vertex -2.2756505525910016 9.095855397178662 9.732052023121387
    endloop
  endfacet
  facet normal -0.1664551170786245 0.4732054319006082 -0.8650834140232376
    outer loop
      vertex -2.2756505525910016 9.095855397178662 9.732052023121387
      vertex -3.0554720852557353 10.567123087019615 10.686893063583817
      vertex -2.669754245512978 10.671101736398423 10.669552023121387
    endloop
  endfacet
  facet normal -0.1552394767360078 0.4762561096423146 -0.8654945539349732
    outer loop
      vertex -2.2756505525910016 9.095855397178662 9.732052023121387
      vertex -2.669754245512978 10.671101736398423 10.669552023121387
      vertex -1.9438701857457128 9.172488187229288 9.71471098265896
    endloop
  endfacet
  facet normal -0.13784376364598666 0.481578938423195 -0.8654945539349731
    outer loop
      vertex -1.9438701857457128 9.172488187229288 9.71471098265896
      vertex -2.2805152026579387 10.76100601293606 10.65221098265896
      vertex -1.6095260017403181 9.237023161907398 9.697369942196532
    endloop
  endfacet
  facet normal -0.12026624509937497 0.4862666011547566 -0.8654945539349729
    outer loop
      vertex -1.6095260017403181 9.237023161907398 9.697369942196532
      vertex -1.888268333429857 10.836717339718982 10.634869942196532
      vertex -1.2730589751638708 9.289375204482088 9.680028901734104
    endloop
  endfacet
  facet normal -0.14916278087801924 0.4789375236736363 -0.8650834140232381
    outer loop
      vertex -1.9438701857457128 9.172488187229288 9.71471098265896
      vertex -2.669754245512978 10.671101736398423 10.669552023121387
      vertex -2.2805152026579387 10.76100601293606 10.65221098265896
    endloop
  endfacet
  facet normal -0.1316737102966716 0.4840379332228081 -0.8650834140232376
    outer loop
      vertex -1.6095260017403181 9.237023161907398 9.697369942196532
      vertex -2.2805152026579387 10.76100601293606 10.65221098265896
      vertex -1.888268333429857 10.836717339718982 10.634869942196532
    endloop
  endfacet
  facet normal -0.033162212590125896 0.4998194121530592 0.8654945539349729
    outer loop
      vertex -1.6095260017403181 9.237023161907398 8.947369942196532
      vertex -1.2730589751638708 9.289375204482088 8.930028901734104
      vertex -1.4935309816625422 10.898135859256579 7.992528901734104
    endloop
  endfacet
  facet normal -0.014991397597079693 0.5006939535354791 0.865494553934973
    outer loop
      vertex -1.2730589751638708 9.289375204482088 8.930028901734104
      vertex -0.9349128804735721 9.329475266584746 8.912687861271678
      vertex -1.0968237759471526 10.945180565185622 7.975187861271677
    endloop
  endfacet
  facet normal -0.021616886454097723 0.5011620466495144 0.8650834140232379
    outer loop
      vertex -1.2730589751638708 9.289375204482088 8.930028901734104
      vertex -1.0968237759471526 10.945180565185622 7.975187861271677
      vertex -1.4935309816625422 10.898135859256579 7.992528901734104
    endloop
  endfacet
  facet normal -0.1177628147000968 0.99304175112324 0
    outer loop
      vertex -1.4935309816625422 10.898135859256579 7.617528901734104
      vertex -1.4935309816625422 10.898135859256579 7.992528901734104
      vertex -1.0968237759471526 10.945180565185622 7.600187861271677
    endloop
  endfacet
  facet normal -0.1177628147000968 0.99304175112324 0
    outer loop
      vertex -1.0968237759471526 10.945180565185622 7.600187861271677
      vertex -1.4935309816625422 10.898135859256579 7.992528901734104
      vertex -1.0968237759471526 10.945180565185622 7.975187861271677
    endloop
  endfacet
  facet normal -0.0034049327557388715 0.5016164802065703 0.8650834140232377
    outer loop
      vertex -0.9349128804735721 9.329475266584746 8.912687861271678
      vertex -0.6986699429626161 10.9777894091115 7.957846820809249
      vertex -1.0968237759471526 10.945180565185622 7.975187861271677
    endloop
  endfacet
  facet normal 0.0031991899109832015 0.5009081176152125 0.8654945539349731
    outer loop
      vertex -0.9349128804735721 9.329475266584746 8.912687861271678
      vertex -0.5955337066899598 9.357270459278604 8.895346820809248
      vertex -0.6986699429626161 10.9777894091115 7.957846820809249
    endloop
  endfacet
  facet normal 0.02138555793047719 0.5004616219261016 0.8654945539349731
    outer loop
      vertex -0.5955337066899598 9.357270459278604 8.895346820809248
      vertex -0.2553690691712512 9.37272412281523 8.878005780346822
      vertex -0.2995946173793666 10.995919382445349 7.940505780346822
    endloop
  endfacet
  facet normal 0.03954372002306543 0.49935505536205366 0.8654945539349729
    outer loop
      vertex -0.2553690691712512 9.37272412281523 8.878005780346822
      vertex 0.08513238075731001 9.375815874985948 8.860664739884394
      vertex 0.09987585075339327 10.999546573129107 7.923164739884394
    endloop
  endfacet
  facet normal 0.014811511790352866 0.5014093197183147 0.8650834140232381
    outer loop
      vertex -0.5955337066899598 9.357270459278604 8.895346820809248
      vertex -0.2995946173793666 10.995919382445349 7.940505780346822
      vertex -0.6986699429626161 10.9777894091115 7.957846820809249
    endloop
  endfacet
  facet normal 0.03300842107716325 0.5005408384137024 0.8650834140232377
    outer loop
      vertex -0.2553690691712512 9.37272412281523 8.878005780346822
      vertex 0.09987585075339327 10.999546573129107 7.923164739884394
      vertex -0.2995946173793666 10.995919382445349 7.940505780346822
    endloop
  endfacet
  facet normal -0.10253010450833293 0.49031291516582787 -0.8654945539349732
    outer loop
      vertex -1.2730589751638708 9.289375204482088 9.680028901734104
      vertex -1.4935309816625422 10.898135859256579 10.617528901734104
      vertex -0.9349128804735721 9.329475266584746 9.662687861271678
    endloop
  endfacet
  facet normal -0.0846587344954574 0.49371254367549744 -0.8654945539349729
    outer loop
      vertex -0.9349128804735721 9.329475266584746 9.662687861271678
      vertex -1.0968237759471526 10.945180565185622 10.600187861271678
      vertex -0.5955337066899598 9.357270459278604 9.645346820809248
    endloop
  endfacet
  facet normal -0.11401097209056077 0.48849993349525117 -0.8650834140232379
    outer loop
      vertex -1.2730589751638708 9.289375204482088 9.680028901734104
      vertex -1.888268333429857 10.836717339718982 10.634869942196532
      vertex -1.4935309816625422 10.898135859256579 10.617528901734104
    endloop
  endfacet
  facet normal -0.09619786207010195 0.49231763945144263 -0.865083414023238
    outer loop
      vertex -0.9349128804735721 9.329475266584746 9.662687861271678
      vertex -1.4935309816625422 10.898135859256579 10.617528901734104
      vertex -1.0968237759471526 10.945180565185622 10.600187861271678
    endloop
  endfacet
  facet normal -0.07825787437471815 0.49548601582713764 -0.8650834140232376
    outer loop
      vertex -0.5955337066899598 9.357270459278604 9.645346820809248
      vertex -1.0968237759471526 10.945180565185622 10.600187861271678
      vertex -0.6986699429626161 10.9777894091115 10.582846820809248
    endloop
  endfacet
  facet normal -0.0666757060406344 0.49646100283192934 -0.8654945539349731
    outer loop
      vertex -0.5955337066899598 9.357270459278604 9.645346820809248
      vertex -0.6986699429626161 10.9777894091115 10.582846820809248
      vertex -0.2553690691712512 9.37272412281523 9.628005780346822
    endloop
  endfacet
  facet normal -0.04860473739282102 0.49855466762620654 -0.8654945539349728
    outer loop
      vertex -0.2553690691712512 9.37272412281523 9.628005780346822
      vertex -0.2995946173793666 10.995919382445349 10.565505780346822
      vertex 0.08513238075731001 9.375815874985948 9.610664739884394
    endloop
  endfacet
  facet normal -0.060214670485818036 0.4980008837745005 -0.8650834140232379
    outer loop
      vertex -0.2553690691712512 9.37272412281523 9.628005780346822
      vertex -0.6986699429626161 10.9777894091115 10.582846820809248
      vertex -0.2995946173793666 10.995919382445349 10.565505780346822
    endloop
  endfacet
  facet normal -0.04209204801918019 0.4998589263736827 -0.8650834140232377
    outer loop
      vertex -0.2995946173793666 10.995919382445349 10.565505780346822
      vertex 0.09987585075339327 10.999546573129107 10.548164739884394
      vertex 0.08513238075731001 9.375815874985948 9.610664739884394
    endloop
  endfacet
  facet normal -0.08162680941442396 0.996662964088072 0
    outer loop
      vertex -1.0968237759471526 10.945180565185622 7.600187861271677
      vertex -1.0968237759471526 10.945180565185622 7.975187861271677
      vertex -0.6986699429626161 10.9777894091115 7.582846820809249
    endloop
  endfacet
  facet normal -0.08162680941442396 0.996662964088072 0
    outer loop
      vertex -0.6986699429626161 10.9777894091115 7.582846820809249
      vertex -1.0968237759471526 10.945180565185622 7.975187861271677
      vertex -0.6986699429626161 10.9777894091115 7.957846820809249
    endloop
  endfacet
  facet normal -0.04538314456576748 0.9989696542885187 0
    outer loop
      vertex -0.2995946173793666 10.995919382445349 7.565505780346822
      vertex -0.6986699429626161 10.9777894091115 7.957846820809249
      vertex -0.2995946173793666 10.995919382445349 7.940505780346822
    endloop
  endfacet
  facet normal -0.009079622795764096 0.9999587793753735 -3.56350115954754e-20
    outer loop
      vertex -0.2995946173793666 10.995919382445349 7.940505780346822
      vertex 0.09987585075339327 10.999546573129107 7.923164739884394
      vertex 0.09987585075339327 10.999546573129107 7.548164739884394
    endloop
  endfacet
  facet normal -0.287385074665438 0.41027916833351624 0.8654945539349737
    outer loop
      vertex -5.902840443608681 7.28489159433341 12.190144508670521
      vertex -6.535055953035375 7.788176409464659 11.741641886668651
      vertex -6.025916063803831 7.181407117368729 12.198333386131386
    endloop
  endfacet
  facet normal -0.6435601146806196 0.7653955701415235 -1.3924133353088932e-18
    outer loop
      vertex -5.902840443608681 7.28489159433341 12.190144508670521
      vertex -6.025916063803831 7.181407117368729 12.198333386131386
      vertex -6.025916063803831 7.181407117368729 14.437299605349304
    endloop
  endfacet
  facet normal -0.6153434279285571 0.7882591361380674 0
    outer loop
      vertex -5.902840443608681 7.28489159433341 12.190144508670521
      vertex -5.902840443608681 7.28489159433341 13.74170700867052
      vertex -5.6344260006232325 7.494425560868078 12.172803468208093
    endloop
  endfacet
  facet normal -0.5863151499234007 0.8100830481933936 0
    outer loop
      vertex -5.6344260006232325 7.494425560868078 12.172803468208093
      vertex -5.6344260006232325 7.494425560868078 13.724365968208092
      vertex -5.35858017761371 7.69407494920457 12.155462427745666
    endloop
  endfacet
  facet normal -0.6153434279285571 0.7882591361380674 0
    outer loop
      vertex -5.6344260006232325 7.494425560868078 12.172803468208093
      vertex -5.902840443608681 7.28489159433341 13.74170700867052
      vertex -5.6344260006232325 7.494425560868078 13.724365968208092
    endloop
  endfacet
  facet normal -0.5565135667594944 0.8308385222247616 0
    outer loop
      vertex -5.35858017761371 7.69407494920457 12.155462427745666
      vertex -5.35858017761371 7.69407494920457 13.707024927745666
      vertex -5.0756667942733 7.8835764369607855 12.138121387283237
    endloop
  endfacet
  facet normal -0.5863151499234007 0.8100830481933936 0
    outer loop
      vertex -5.35858017761371 7.69407494920457 12.155462427745666
      vertex -5.6344260006232325 7.494425560868078 13.724365968208092
      vertex -5.35858017761371 7.69407494920457 13.707024927745666
    endloop
  endfacet
  facet normal -0.32370692090196135 0.3832029699024664 -0.8650834140232379
    outer loop
      vertex -6.610212064003199 8.79233168556024 10.860303468208093
      vertex -6.286594469795601 9.026556927884261 10.842962427745665
      vertex -5.35858017761371 7.69407494920457 9.905462427745665
    endloop
  endfacet
  facet normal -0.26286679610769514 0.4272373278237459 0.8650834140232377
    outer loop
      vertex -6.610212064003199 8.79233168556024 11.235303468208093
      vertex -5.6344260006232325 7.494425560868078 12.172803468208093
      vertex -6.286594469795601 9.026556927884261 11.217962427745665
    endloop
  endfacet
  facet normal -0.2568515964666836 0.4300539902168316 0.8654945539349724
    outer loop
      vertex -6.286594469795601 9.026556927884261 11.217962427745665
      vertex -5.6344260006232325 7.494425560868078 12.172803468208093
      vertex -5.35858017761371 7.69407494920457 12.155462427745666
    endloop
  endfacet
  facet normal -0.5565135667594939 0.8308385222247618 0
    outer loop
      vertex -6.286594469795601 9.026556927884261 10.842962427745665
      vertex -6.286594469795601 9.026556927884261 11.217962427745665
      vertex -5.954685334877884 9.24887682708502 10.825621387283238
    endloop
  endfacet
  facet normal -0.5565135667594939 0.8308385222247618 1.0726680004630539e-17
    outer loop
      vertex -6.286594469795601 9.026556927884261 11.217962427745665
      vertex -5.954685334877884 9.24887682708502 11.200621387283238
      vertex -5.954685334877884 9.24887682708502 10.825621387283238
    endloop
  endfacet
  facet normal -0.30957896306301486 0.3947043861052567 -0.865083414023238
    outer loop
      vertex -6.286594469795601 9.026556927884261 10.842962427745665
      vertex -5.954685334877884 9.24887682708502 10.825621387283238
      vertex -5.0756667942733 7.8835764369607855 9.888121387283238
    endloop
  endfacet
  facet normal -0.5259779844619142 0.8504981833380846 0
    outer loop
      vertex -5.954685334877884 9.24887682708502 10.825621387283238
      vertex -5.954685334877884 9.24887682708502 11.200621387283238
      vertex -5.614922422194272 9.45899816009814 10.80828034682081
    endloop
  endfacet
  facet normal -0.24718002817755716 0.4365005388908949 0.8650834140232375
    outer loop
      vertex -6.286594469795601 9.026556927884261 11.217962427745665
      vertex -5.35858017761371 7.69407494920457 12.155462427745666
      vertex -5.954685334877884 9.24887682708502 11.200621387283238
    endloop
  endfacet
  facet normal -0.23116724856076032 0.4451880388945174 0.8650834140232383
    outer loop
      vertex -5.954685334877884 9.24887682708502 11.200621387283238
      vertex -5.0756667942733 7.8835764369607855 12.138121387283237
      vertex -5.614922422194272 9.45899816009814 11.18328034682081
    endloop
  endfacet
  facet normal -0.2410665194866895 0.4390969258506316 0.8654945539349733
    outer loop
      vertex -5.35858017761371 7.69407494920457 12.155462427745666
      vertex -5.0756667942733 7.8835764369607855 12.138121387283237
      vertex -5.954685334877884 9.24887682708502 11.200621387283238
    endloop
  endfacet
  facet normal -0.22496349407377142 0.44756072598366153 0.8654945539349732
    outer loop
      vertex -5.0756667942733 7.8835764369607855 12.138121387283237
      vertex -4.786058991870563 8.062680086064859 12.12078034682081
      vertex -5.614922422194272 9.45899816009814 11.18328034682081
    endloop
  endfacet
  facet normal -0.2950426940808015 0.405685217196094 -0.8650834140232379
    outer loop
      vertex -4.786058991870563 8.062680086064859 9.87078034682081
      vertex -5.954685334877884 9.24887682708502 10.825621387283238
      vertex -5.614922422194272 9.45899816009814 10.80828034682081
    endloop
  endfacet
  facet normal -0.2801172861902395 0.41613098029264156 -0.8650834140232377
    outer loop
      vertex -4.490138741104443 8.231149672404513 9.853439306358382
      vertex -5.614922422194272 9.45899816009814 10.80828034682081
      vertex -5.2677538532254555 9.656643792841711 10.790939306358382
    endloop
  endfacet
  facet normal -0.21484957689764816 0.4532883696818186 0.8650834140232377
    outer loop
      vertex -4.786058991870563 8.062680086064859 12.12078034682081
      vertex -5.2677538532254555 9.656643792841711 11.165939306358382
      vertex -5.614922422194272 9.45899816009814 11.18328034682081
    endloop
  endfacet
  facet normal -0.20856375889558507 0.45543422750628504 0.8654945539349729
    outer loop
      vertex -4.786058991870563 8.062680086064859 12.12078034682081
      vertex -4.490138741104443 8.231149672404513 12.103439306358382
      vertex -5.2677538532254555 9.656643792841711 11.165939306358382
    endloop
  endfacet
  facet normal -0.19824853495799669 0.46079084753161886 0.8650834140232377
    outer loop
      vertex -4.490138741104443 8.231149672404513 12.103439306358382
      vertex -4.91363751695039 9.841553045735088 11.148598265895954
      vertex -5.2677538532254555 9.656643792841711 11.165939306358382
    endloop
  endfacet
  facet normal -0.27229790569589907 0.42044384602765844 0.865494553934973
    outer loop
      vertex -6.610212064003199 8.79233168556024 11.235303468208093
      vertex -5.902840443608681 7.28489159433341 12.190144508670521
      vertex -5.6344260006232325 7.494425560868078 12.172803468208093
    endloop
  endfacet
  facet normal -0.5565135667594944 0.8308385222247615 0
    outer loop
      vertex -5.0756667942733 7.8835764369607855 12.138121387283237
      vertex -5.35858017761371 7.69407494920457 13.707024927745666
      vertex -5.0756667942733 7.8835764369607855 13.689683887283238
    endloop
  endfacet
  facet normal -0.5259779844619152 0.8504981833380841 0
    outer loop
      vertex -5.0756667942733 7.8835764369607855 12.138121387283237
      vertex -5.0756667942733 7.8835764369607855 13.689683887283238
      vertex -4.786058991870563 8.062680086064859 12.12078034682081
    endloop
  endfacet
  facet normal -0.5259779844619152 0.8504981833380841 0
    outer loop
      vertex -4.786058991870563 8.062680086064859 12.12078034682081
      vertex -5.0756667942733 7.8835764369607855 13.689683887283238
      vertex -4.786058991870563 8.062680086064859 13.67234284682081
    endloop
  endfacet
  facet normal -0.1918889439574704 0.46270704586788947 0.8654945539349729
    outer loop
      vertex -4.490138741104443 8.231149672404513 12.103439306358382
      vertex -4.188296338313913 8.388762997388719 12.086098265895954
      vertex -4.91363751695039 9.841553045735088 11.148598265895954
    endloop
  endfacet
  facet normal -0.17496104207407306 0.46936958877334295 0.8654945539349727
    outer loop
      vertex -4.188296338313913 8.388762997388719 12.086098265895954
      vertex -3.8809298907067498 8.53531218101077 12.068757225433528
      vertex -4.553040465925504 10.013482037515466 11.131257225433526
    endloop
  endfacet
  facet normal -0.15780237986246376 0.47541306883450785 0.8654945539349732
    outer loop
      vertex -3.8809298907067498 8.53531218101077 12.068757225433528
      vertex -3.5684447912863475 8.670603936026211 12.051416184971098
      vertex -4.18643830027784 10.17220400689874 11.1139161849711
    endloop
  endfacet
  facet normal -0.14043558829514474 0.48082951516010175 0.8654945539349732
    outer loop
      vertex -3.5684447912863475 8.670603936026211 12.051416184971098
      vertex -3.251253184169145 8.794459822884058 12.034075144508671
      vertex -3.814314540424613 10.31750961166043 11.096575144508671
    endloop
  endfacet
  facet normal -0.4947486771448953 0.8690361019332719 0
    outer loop
      vertex -4.786058991870563 8.062680086064859 12.12078034682081
      vertex -4.786058991870563 8.062680086064859 13.67234284682081
      vertex -4.490138741104443 8.231149672404513 12.103439306358382
    endloop
  endfacet
  facet normal -0.4947486771448954 0.8690361019332719 0
    outer loop
      vertex -4.490138741104443 8.231149672404513 12.103439306358382
      vertex -4.786058991870563 8.062680086064859 13.67234284682081
      vertex -4.490138741104443 8.231149672404513 13.655001806358383
    endloop
  endfacet
  facet normal -0.46286683389327055 0.886427827903445 0
    outer loop
      vertex -4.490138741104443 8.231149672404513 12.103439306358382
      vertex -4.490138741104443 8.231149672404513 13.655001806358383
      vertex -4.188296338313913 8.388762997388719 12.086098265895954
    endloop
  endfacet
  facet normal -0.4303745044372343 0.9026504228827487 0
    outer loop
      vertex -4.188296338313913 8.388762997388719 12.086098265895954
      vertex -4.188296338313913 8.388762997388719 13.637660765895953
      vertex -3.8809298907067498 8.53531218101077 12.068757225433528
    endloop
  endfacet
  facet normal -0.4628668338932706 0.8864278279034451 0
    outer loop
      vertex -4.188296338313913 8.388762997388719 12.086098265895954
      vertex -4.490138741104443 8.231149672404513 13.655001806358383
      vertex -4.188296338313913 8.388762997388719 13.637660765895953
    endloop
  endfacet
  facet normal -0.4303745044372343 0.9026504228827487 0
    outer loop
      vertex -3.8809298907067498 8.53531218101077 12.068757225433528
      vertex -4.188296338313913 8.388762997388719 13.637660765895953
      vertex -3.8809298907067498 8.53531218101077 13.620319725433527
    endloop
  endfacet
  facet normal -0.3973145436918888 0.9176824905003398 0
    outer loop
      vertex -3.8809298907067498 8.53531218101077 12.068757225433528
      vertex -3.8809298907067498 8.53531218101077 13.620319725433527
      vertex -3.5684447912863475 8.670603936026211 12.051416184971098
    endloop
  endfacet
  facet normal -0.32966683379689526 0.9440973353920296 0
    outer loop
      vertex -3.251253184169145 8.794459822884058 12.034075144508671
      vertex -3.251253184169145 8.794459822884058 13.58563764450867
      vertex -2.9297734209978237 8.906716485074993 12.016734104046243
    endloop
  endfacet
  facet normal -0.39731454369188873 0.9176824905003397 0
    outer loop
      vertex -3.5684447912863475 8.670603936026211 12.051416184971098
      vertex -3.8809298907067498 8.53531218101077 13.620319725433527
      vertex -3.5684447912863475 8.670603936026211 13.602978684971099
    endloop
  endfacet
  facet normal -0.3637305552349664 0.9315042046005285 0
    outer loop
      vertex -3.5684447912863475 8.670603936026211 12.051416184971098
      vertex -3.5684447912863475 8.670603936026211 13.602978684971099
      vertex -3.251253184169145 8.794459822884058 12.034075144508671
    endloop
  endfacet
  facet normal -0.3637305552349664 0.9315042046005283 0
    outer loop
      vertex -3.251253184169145 8.794459822884058 12.034075144508671
      vertex -3.5684447912863475 8.670603936026211 13.602978684971099
      vertex -3.251253184169145 8.794459822884058 13.58563764450867
    endloop
  endfacet
  facet normal -0.6435601146806195 0.7653955701415235 0
    outer loop
      vertex -5.902840443608681 7.28489159433341 12.190144508670521
      vertex -6.025916063803831 7.181407117368729 14.437299605349304
      vertex -5.902840443608681 7.28489159433341 13.74170700867052
    endloop
  endfacet
  facet normal -0.6153434279285572 0.7882591361380675 0
    outer loop
      vertex -5.902840443608681 7.28489159433341 13.74170700867052
      vertex -5.902840443608681 7.28489159433341 14.01123825867052
      vertex -5.6344260006232325 7.494425560868078 13.724365968208092
    endloop
  endfacet
  facet normal -0.6153434279285572 0.7882591361380675 0
    outer loop
      vertex -5.6344260006232325 7.494425560868078 13.724365968208092
      vertex -5.902840443608681 7.28489159433341 14.01123825867052
      vertex -5.6344260006232325 7.494425560868078 13.993897218208092
    endloop
  endfacet
  facet normal -0.5863151499234007 0.8100830481933936 0
    outer loop
      vertex -5.6344260006232325 7.494425560868078 13.724365968208092
      vertex -5.6344260006232325 7.494425560868078 13.993897218208092
      vertex -5.35858017761371 7.69407494920457 13.707024927745666
    endloop
  endfacet
  facet normal -0.6435601146806196 0.7653955701415235 0
    outer loop
      vertex -5.902840443608681 7.28489159433341 13.74170700867052
      vertex -6.025916063803831 7.181407117368729 14.437299605349304
      vertex -5.902840443608681 7.28489159433341 14.01123825867052
    endloop
  endfacet
  facet normal -0.6435601146806195 0.7653955701415234 0
    outer loop
      vertex -5.902840443608681 7.28489159433341 14.01123825867052
      vertex -6.025916063803831 7.181407117368729 14.437299605349304
      vertex -5.902840443608681 7.28489159433341 14.11905075867052
    endloop
  endfacet
  facet normal -0.6435601146806196 0.7653955701415235 0
    outer loop
      vertex -5.902840443608681 7.28489159433341 14.11905075867052
      vertex -6.025916063803831 7.181407117368729 14.437299605349304
      vertex -5.902840443608681 7.28489159433341 14.38858200867052
    endloop
  endfacet
  facet normal -0.6435601146806196 0.7653955701415234 0
    outer loop
      vertex -5.902840443608681 7.28489159433341 14.38858200867052
      vertex -6.025916063803831 7.181407117368729 14.437299605349304
      vertex -5.902840443608681 7.28489159433341 14.437299605349304
    endloop
  endfacet
  facet normal -0.6153434279285571 0.7882591361380674 0
    outer loop
      vertex -5.902840443608681 7.28489159433341 14.01123825867052
      vertex -5.902840443608681 7.28489159433341 14.11905075867052
      vertex -5.6344260006232325 7.494425560868078 13.993897218208092
    endloop
  endfacet
  facet normal -0.6153434279285572 0.7882591361380675 0
    outer loop
      vertex -5.902840443608681 7.28489159433341 14.11905075867052
      vertex -5.902840443608681 7.28489159433341 14.38858200867052
      vertex -5.6344260006232325 7.494425560868078 14.101709718208093
    endloop
  endfacet
  facet normal -0.6153434279285571 0.7882591361380674 0
    outer loop
      vertex -5.902840443608681 7.28489159433341 14.38858200867052
      vertex -5.902840443608681 7.28489159433341 14.437299605349304
      vertex -5.6344260006232325 7.494425560868078 14.371240968208093
    endloop
  endfacet
  facet normal -0.6153434279285573 0.7882591361380676 6.121050016852542e-17
    outer loop
      vertex -5.902840443608681 7.28489159433341 14.11905075867052
      vertex -5.6344260006232325 7.494425560868078 14.101709718208093
      vertex -5.6344260006232325 7.494425560868078 13.993897218208092
    endloop
  endfacet
  facet normal -0.5863151499234008 0.8100830481933937 0
    outer loop
      vertex -5.6344260006232325 7.494425560868078 13.993897218208092
      vertex -5.6344260006232325 7.494425560868078 14.101709718208093
      vertex -5.35858017761371 7.69407494920457 13.976556177745666
    endloop
  endfacet
  facet normal -0.5863151499234007 0.8100830481933936 0
    outer loop
      vertex -5.6344260006232325 7.494425560868078 14.101709718208093
      vertex -5.6344260006232325 7.494425560868078 14.371240968208093
      vertex -5.35858017761371 7.69407494920457 14.084368677745667
    endloop
  endfacet
  facet normal -0.6153434279285572 0.7882591361380675 2.4484200067410486e-17
    outer loop
      vertex -5.902840443608681 7.28489159433341 14.38858200867052
      vertex -5.6344260006232325 7.494425560868078 14.371240968208093
      vertex -5.6344260006232325 7.494425560868078 14.101709718208093
    endloop
  endfacet
  facet normal -0.6153434279285572 0.7882591361380674 9.989998787459496e-17
    outer loop
      vertex -5.902840443608681 7.28489159433341 14.437299605349304
      vertex -5.6344260006232325 7.494425560868078 14.437299605349304
      vertex -5.6344260006232325 7.494425560868078 14.371240968208093
    endloop
  endfacet
  facet normal -0.5863151499234007 0.8100830481933936 0
    outer loop
      vertex -5.6344260006232325 7.494425560868078 14.371240968208093
      vertex -5.6344260006232325 7.494425560868078 14.437299605349304
      vertex -5.35858017761371 7.69407494920457 14.353899927745667
    endloop
  endfacet
  facet normal -0.5863151499234007 0.8100830481933937 1.5236605939984564e-17
    outer loop
      vertex -5.6344260006232325 7.494425560868078 13.993897218208092
      vertex -5.35858017761371 7.69407494920457 13.976556177745666
      vertex -5.35858017761371 7.69407494920457 13.707024927745666
    endloop
  endfacet
  facet normal -0.5565135667594944 0.8308385222247616 0
    outer loop
      vertex -5.35858017761371 7.69407494920457 13.707024927745666
      vertex -5.35858017761371 7.69407494920457 13.976556177745666
      vertex -5.0756667942733 7.8835764369607855 13.689683887283238
    endloop
  endfacet
  facet normal -0.5863151499234008 0.8100830481933936 3.809151484996091e-17
    outer loop
      vertex -5.6344260006232325 7.494425560868078 14.101709718208093
      vertex -5.35858017761371 7.69407494920457 14.084368677745667
      vertex -5.35858017761371 7.69407494920457 13.976556177745666
    endloop
  endfacet
  facet normal -0.5863151499234007 0.8100830481933937 1.5236605939984564e-17
    outer loop
      vertex -5.6344260006232325 7.494425560868078 14.371240968208093
      vertex -5.35858017761371 7.69407494920457 14.353899927745667
      vertex -5.35858017761371 7.69407494920457 14.084368677745667
    endloop
  endfacet
  facet normal -0.5565135667594944 0.8308385222247616 0
    outer loop
      vertex -5.35858017761371 7.69407494920457 13.976556177745666
      vertex -5.35858017761371 7.69407494920457 14.084368677745667
      vertex -5.0756667942733 7.8835764369607855 13.959215137283238
    endloop
  endfacet
  facet normal -0.5565135667594944 0.8308385222247616 0
    outer loop
      vertex -5.35858017761371 7.69407494920457 14.084368677745667
      vertex -5.35858017761371 7.69407494920457 14.353899927745667
      vertex -5.0756667942733 7.8835764369607855 14.067027637283237
    endloop
  endfacet
  facet normal -0.5863151499234007 0.8100830481933936 4.924169448566744e-17
    outer loop
      vertex -5.6344260006232325 7.494425560868078 14.437299605349304
      vertex -5.35858017761371 7.69407494920457 14.437299605349304
      vertex -5.35858017761371 7.69407494920457 14.353899927745667
    endloop
  endfacet
  facet normal -0.5565135667594944 0.8308385222247616 0
    outer loop
      vertex -5.35858017761371 7.69407494920457 14.353899927745667
      vertex -5.35858017761371 7.69407494920457 14.437299605349304
      vertex -5.0756667942733 7.8835764369607855 14.336558887283237
    endloop
  endfacet
  facet normal -0.45510323815143444 0.541261017412552 0.7070484804124878
    outer loop
      vertex -5.902840443608681 7.28489159433341 14.437299605349304
      vertex -6.025916063803831 7.181407117368729 14.437299605349304
      vertex -5.021596719836526 5.984505931140608 15.999999999999998
    endloop
  endfacet
  facet normal -0.4351493826873785 0.5574293328245161 0.7070484804124878
    outer loop
      vertex -4.69535500051936 6.245354634056732 15.999999999999998
      vertex -5.6344260006232325 7.494425560868078 14.437299605349304
      vertex -5.902840443608681 7.28489159433341 14.437299605349304
    endloop
  endfacet
  facet normal -0.4551032381514318 0.5412610174125537 0.7070484804124878
    outer loop
      vertex -4.9190337030072335 6.070742995277842 15.999999999999998
      vertex -5.902840443608681 7.28489159433341 14.437299605349304
      vertex -5.021596719836526 5.984505931140608 15.999999999999998
    endloop
  endfacet
  facet normal -0.4351493826873798 0.5574293328245151 0.7070484804124878
    outer loop
      vertex -4.9190337030072335 6.070742995277842 15.999999999999998
      vertex -4.69535500051936 6.245354634056732 15.999999999999998
      vertex -5.902840443608681 7.28489159433341 14.437299605349304
    endloop
  endfacet
  facet normal -0.4146215982322134 0.5728624412769239 0.7070484804124877
    outer loop
      vertex -4.69535500051936 6.245354634056732 15.999999999999998
      vertex -4.4654834813447595 6.411729124337143 15.999999999999998
      vertex -5.6344260006232325 7.494425560868078 14.437299605349304
    endloop
  endfacet
  facet normal -0.41462159823221095 0.5728624412769258 0.7070484804124874
    outer loop
      vertex -5.6344260006232325 7.494425560868078 14.437299605349304
      vertex -4.4654834813447595 6.411729124337143 15.999999999999998
      vertex -5.35858017761371 7.69407494920457 14.437299605349304
    endloop
  endfacet
  facet normal -0.39354695937479234 0.5875399876716887 0.7070484804124875
    outer loop
      vertex -5.35858017761371 7.69407494920457 14.437299605349304
      vertex -4.4654834813447595 6.411729124337143 15.999999999999998
      vertex -5.0756667942733 7.8835764369607855 14.437299605349304
    endloop
  endfacet
  facet normal -0.37195326196337875 0.6014426134397151 0.7070484804124876
    outer loop
      vertex -5.0756667942733 7.8835764369607855 14.437299605349304
      vertex -4.229722328561083 6.569647030800656 15.999999999999998
      vertex -4.786058991870563 8.062680086064859 14.437299605349304
    endloop
  endfacet
  facet normal -0.5565135667594944 0.8308385222247616 1.4646340907957514e-17
    outer loop
      vertex -5.35858017761371 7.69407494920457 13.976556177745666
      vertex -5.0756667942733 7.8835764369607855 13.959215137283238
      vertex -5.0756667942733 7.8835764369607855 13.689683887283238
    endloop
  endfacet
  facet normal -0.5259779844619152 0.850498183338084 0
    outer loop
      vertex -5.0756667942733 7.8835764369607855 13.689683887283238
      vertex -5.0756667942733 7.8835764369607855 13.959215137283238
      vertex -4.786058991870563 8.062680086064859 13.67234284682081
    endloop
  endfacet
  facet normal -0.5259779844619152 0.850498183338084 0
    outer loop
      vertex -4.786058991870563 8.062680086064859 13.67234284682081
      vertex -5.0756667942733 7.8835764369607855 13.959215137283238
      vertex -4.786058991870563 8.062680086064859 13.94187409682081
    endloop
  endfacet
  facet normal -0.5565135667594945 0.8308385222247616 3.661585226989391e-17
    outer loop
      vertex -5.35858017761371 7.69407494920457 14.084368677745667
      vertex -5.0756667942733 7.8835764369607855 14.067027637283237
      vertex -5.0756667942733 7.8835764369607855 13.959215137283238
    endloop
  endfacet
  facet normal -0.5565135667594944 0.8308385222247616 1.4646340907957514e-17
    outer loop
      vertex -5.35858017761371 7.69407494920457 14.353899927745667
      vertex -5.0756667942733 7.8835764369607855 14.336558887283237
      vertex -5.0756667942733 7.8835764369607855 14.067027637283237
    endloop
  endfacet
  facet normal -0.5565135667594943 0.8308385222247616 3.918620641813377e-17
    outer loop
      vertex -5.35858017761371 7.69407494920457 14.437299605349304
      vertex -5.0756667942733 7.8835764369607855 14.437299605349304
      vertex -5.0756667942733 7.8835764369607855 14.336558887283237
    endloop
  endfacet
  facet normal -0.5259779844619152 0.850498183338084 0
    outer loop
      vertex -5.0756667942733 7.8835764369607855 13.959215137283238
      vertex -5.0756667942733 7.8835764369607855 14.067027637283237
      vertex -4.786058991870563 8.062680086064859 13.94187409682081
    endloop
  endfacet
  facet normal -0.5259779844619152 0.850498183338084 0
    outer loop
      vertex -5.0756667942733 7.8835764369607855 14.067027637283237
      vertex -5.0756667942733 7.8835764369607855 14.336558887283237
      vertex -4.786058991870563 8.062680086064859 14.049686596820811
    endloop
  endfacet
  facet normal -0.5259779844619151 0.850498183338084 4.423504367812615e-17
    outer loop
      vertex -5.0756667942733 7.8835764369607855 14.067027637283237
      vertex -4.786058991870563 8.062680086064859 14.049686596820811
      vertex -4.786058991870563 8.062680086064859 13.94187409682081
    endloop
  endfacet
  facet normal -0.5259779844619152 0.850498183338084 0
    outer loop
      vertex -4.786058991870563 8.062680086064859 14.049686596820811
      vertex -5.0756667942733 7.8835764369607855 14.336558887283237
      vertex -4.786058991870563 8.062680086064859 14.319217846820811
    endloop
  endfacet
  facet normal -0.5259779844619151 0.850498183338084 0
    outer loop
      vertex -5.0756667942733 7.8835764369607855 14.336558887283237
      vertex -5.0756667942733 7.8835764369607855 14.437299605349304
      vertex -4.786058991870563 8.062680086064859 14.319217846820811
    endloop
  endfacet
  facet normal -0.5259779844619151 0.8504981833380841 4.038803881293183e-17
    outer loop
      vertex -5.0756667942733 7.8835764369607855 14.437299605349304
      vertex -4.786058991870563 8.062680086064859 14.437299605349304
      vertex -4.786058991870563 8.062680086064859 14.319217846820811
    endloop
  endfacet
  facet normal -0.39354695937479195 0.5875399876716888 0.7070484804124874
    outer loop
      vertex -5.0756667942733 7.8835764369607855 14.437299605349304
      vertex -4.4654834813447595 6.411729124337143 15.999999999999998
      vertex -4.229722328561083 6.569647030800656 15.999999999999998
    endloop
  endfacet
  facet normal 0 0 1
    outer loop
      vertex -4.4654834813447595 6.411729124337143 15.999999999999998
      vertex -3.6044542822399546 5.977316231156091 15.999999999999998
      vertex -4.229722328561083 6.569647030800656 15.999999999999998
    endloop
  endfacet
  facet normal 0 0 1
    outer loop
      vertex -4.229722328561083 6.569647030800656 15.999999999999998
      vertex -3.6044542822399546 5.977316231156091 15.999999999999998
      vertex -3.9883824932254694 6.718900071720716 15.999999999999998
    endloop
  endfacet
  facet normal -0.34986898644506853 0.6145519820733576 0.7070484804124876
    outer loop
      vertex -4.786058991870563 8.062680086064859 14.437299605349304
      vertex -3.9883824932254694 6.718900071720716 15.999999999999998
      vertex -4.490138741104443 8.231149672404513 14.437299605349304
    endloop
  endfacet
  facet normal -0.37195326196337714 0.6014426134397157 0.7070484804124877
    outer loop
      vertex -4.786058991870563 8.062680086064859 14.437299605349304
      vertex -4.229722328561083 6.569647030800656 15.999999999999998
      vertex -3.9883824932254694 6.718900071720716 15.999999999999998
    endloop
  endfacet
  facet normal -0.349868986445067 0.6145519820733585 0.7070484804124879
    outer loop
      vertex -3.9883824932254694 6.718900071720716 15.999999999999998
      vertex -3.741782284253703 6.859291393670427 15.999999999999998
      vertex -4.490138741104443 8.231149672404513 14.437299605349304
    endloop
  endfacet
  facet normal 0 0 1
    outer loop
      vertex -3.9883824932254694 6.718900071720716 15.999999999999998
      vertex -3.6044542822399546 5.977316231156091 15.999999999999998
      vertex -3.257337916115202 6.173341858364745 15.999999999999998
    endloop
  endfacet
  facet normal 0 0 1
    outer loop
      vertex -3.9883824932254694 6.718900071720716 15.999999999999998
      vertex -3.257337916115202 6.173341858364745 15.999999999999998
      vertex -3.741782284253703 6.859291393670427 15.999999999999998
    endloop
  endfacet
  facet normal 0 0 1
    outer loop
      vertex -3.490246948594928 6.990635831157265 15.999999999999998
      vertex -3.257337916115202 6.173341858364745 15.999999999999998
      vertex -2.8995967907531677 6.349231327574539 15.999999999999998
    endloop
  endfacet
  facet normal 0 0 1
    outer loop
      vertex -3.741782284253703 6.859291393670427 15.999999999999998
      vertex -3.257337916115202 6.173341858364745 15.999999999999998
      vertex -3.490246948594928 6.990635831157265 15.999999999999998
    endloop
  endfacet
  facet normal 0 0 1
    outer loop
      vertex -3.490246948594928 6.990635831157265 15.999999999999998
      vertex -2.8995967907531677 6.349231327574539 15.999999999999998
      vertex -3.234108242255625 7.112760150842308 15.999999999999998
    endloop
  endfacet
  facet normal -0.3273232603022166 0.6268508033108987 0.7070484804124879
    outer loop
      vertex -3.741782284253703 6.859291393670427 15.999999999999998
      vertex -3.490246948594928 6.990635831157265 15.999999999999998
      vertex -4.188296338313913 8.388762997388719 14.437299605349304
    endloop
  endfacet
  facet normal -0.30434581963552365 0.6383228559410771 0.707048480412488
    outer loop
      vertex -3.490246948594928 6.990635831157265 15.999999999999998
      vertex -3.234108242255625 7.112760150842308 15.999999999999998
      vertex -4.188296338313913 8.388762997388719 14.437299605349304
    endloop
  endfacet
  facet normal -0.2809669699443313 0.648953009197656 0.7070484804124879
    outer loop
      vertex -3.234108242255625 7.112760150842308 15.999999999999998
      vertex -2.973703992738623 7.225503280021844 15.999999999999998
      vertex -3.8809298907067498 8.53531218101077 14.437299605349304
    endloop
  endfacet
  facet normal -0.4947486771448954 0.8690361019332719 0
    outer loop
      vertex -4.786058991870563 8.062680086064859 13.67234284682081
      vertex -4.786058991870563 8.062680086064859 13.94187409682081
      vertex -4.490138741104443 8.231149672404513 13.655001806358383
    endloop
  endfacet
  facet normal -0.4947486771448954 0.8690361019332719 -1.6455715074321675e-17
    outer loop
      vertex -4.786058991870563 8.062680086064859 13.94187409682081
      vertex -4.490138741104443 8.231149672404513 13.924533056358383
      vertex -4.490138741104443 8.231149672404513 13.655001806358383
    endloop
  endfacet
  facet normal -0.46286683389327055 0.886427827903445 0
    outer loop
      vertex -4.490138741104443 8.231149672404513 13.655001806358383
      vertex -4.490138741104443 8.231149672404513 13.924533056358383
      vertex -4.188296338313913 8.388762997388719 13.637660765895953
    endloop
  endfacet
  facet normal -0.4628668338932706 0.886427827903445 3.362584237164927e-17
    outer loop
      vertex -4.490138741104443 8.231149672404513 13.924533056358383
      vertex -4.188296338313913 8.388762997388719 13.907192015895953
      vertex -4.188296338313913 8.388762997388719 13.637660765895953
    endloop
  endfacet
  facet normal -0.43037450443723424 0.9026504228827487 0
    outer loop
      vertex -4.188296338313913 8.388762997388719 13.637660765895953
      vertex -4.188296338313913 8.388762997388719 13.907192015895953
      vertex -3.8809298907067498 8.53531218101077 13.620319725433527
    endloop
  endfacet
  facet normal -0.43037450443723424 0.9026504228827487 -1.425215437669257e-17
    outer loop
      vertex -4.188296338313913 8.388762997388719 13.907192015895953
      vertex -3.8809298907067498 8.53531218101077 13.889850975433527
      vertex -3.8809298907067498 8.53531218101077 13.620319725433527
    endloop
  endfacet
  facet normal -0.4947486771448954 0.8690361019332719 0
    outer loop
      vertex -4.786058991870563 8.062680086064859 13.94187409682081
      vertex -4.786058991870563 8.062680086064859 14.049686596820811
      vertex -4.490138741104443 8.231149672404513 13.924533056358383
    endloop
  endfacet
  facet normal -0.4947486771448954 0.8690361019332719 -4.113928768580432e-17
    outer loop
      vertex -4.786058991870563 8.062680086064859 14.049686596820811
      vertex -4.490138741104443 8.231149672404513 14.032345556358383
      vertex -4.490138741104443 8.231149672404513 13.924533056358383
    endloop
  endfacet
  facet normal -0.4947486771448954 0.8690361019332719 0
    outer loop
      vertex -4.786058991870563 8.062680086064859 14.049686596820811
      vertex -4.786058991870563 8.062680086064859 14.319217846820811
      vertex -4.490138741104443 8.231149672404513 14.032345556358383
    endloop
  endfacet
  facet normal -0.4947486771448954 0.8690361019332719 -1.6455715074321675e-17
    outer loop
      vertex -4.786058991870563 8.062680086064859 14.319217846820811
      vertex -4.490138741104443 8.231149672404513 14.301876806358383
      vertex -4.490138741104443 8.231149672404513 14.032345556358383
    endloop
  endfacet
  facet normal -0.4947486771448954 0.8690361019332719 0
    outer loop
      vertex -4.786058991870563 8.062680086064859 14.319217846820811
      vertex -4.786058991870563 8.062680086064859 14.437299605349304
      vertex -4.490138741104443 8.231149672404513 14.301876806358383
    endloop
  endfacet
  facet normal -0.49474867714489534 0.8690361019332719 -3.2751718962204416e-17
    outer loop
      vertex -4.786058991870563 8.062680086064859 14.437299605349304
      vertex -4.490138741104443 8.231149672404513 14.437299605349304
      vertex -4.490138741104443 8.231149672404513 14.301876806358383
    endloop
  endfacet
  facet normal -0.46286683389327055 0.886427827903445 0
    outer loop
      vertex -4.490138741104443 8.231149672404513 13.924533056358383
      vertex -4.490138741104443 8.231149672404513 14.032345556358383
      vertex -4.188296338313913 8.388762997388719 13.907192015895953
    endloop
  endfacet
  facet normal -0.46286683389327055 0.886427827903445 0
    outer loop
      vertex -4.490138741104443 8.231149672404513 14.032345556358383
      vertex -4.490138741104443 8.231149672404513 14.301876806358383
      vertex -4.188296338313913 8.388762997388719 14.015004515895955
    endloop
  endfacet
  facet normal -0.46286683389327055 0.8864278279034451 0
    outer loop
      vertex -4.490138741104443 8.231149672404513 14.301876806358383
      vertex -4.490138741104443 8.231149672404513 14.437299605349304
      vertex -4.188296338313913 8.388762997388719 14.284535765895955
    endloop
  endfacet
  facet normal -0.4628668338932705 0.886427827903445 0
    outer loop
      vertex -4.188296338313913 8.388762997388719 13.907192015895953
      vertex -4.490138741104443 8.231149672404513 14.032345556358383
      vertex -4.188296338313913 8.388762997388719 14.015004515895955
    endloop
  endfacet
  facet normal -0.46286683389327055 0.886427827903445 3.362584237164927e-17
    outer loop
      vertex -4.490138741104443 8.231149672404513 14.301876806358383
      vertex -4.188296338313913 8.388762997388719 14.284535765895955
      vertex -4.188296338313913 8.388762997388719 14.015004515895955
    endloop
  endfacet
  facet normal -0.43037450443723435 0.9026504228827488 0
    outer loop
      vertex -4.188296338313913 8.388762997388719 13.907192015895953
      vertex -4.188296338313913 8.388762997388719 14.015004515895955
      vertex -3.8809298907067498 8.53531218101077 13.889850975433527
    endloop
  endfacet
  facet normal -0.43037450443723424 0.9026504228827487 0
    outer loop
      vertex -4.188296338313913 8.388762997388719 14.015004515895955
      vertex -4.188296338313913 8.388762997388719 14.284535765895955
      vertex -3.8809298907067498 8.53531218101077 13.997663475433528
    endloop
  endfacet
  facet normal -0.43037450443723435 0.9026504228827488 -3.5630385941730967e-17
    outer loop
      vertex -4.188296338313913 8.388762997388719 14.015004515895955
      vertex -3.8809298907067498 8.53531218101077 13.997663475433528
      vertex -3.8809298907067498 8.53531218101077 13.889850975433527
    endloop
  endfacet
  facet normal -0.43037450443723424 0.9026504228827487 -1.425215437669257e-17
    outer loop
      vertex -4.188296338313913 8.388762997388719 14.284535765895955
      vertex -3.8809298907067498 8.53531218101077 14.267194725433528
      vertex -3.8809298907067498 8.53531218101077 13.997663475433528
    endloop
  endfacet
  facet normal -0.46286683389327055 0.886427827903445 5.93282766338252e-17
    outer loop
      vertex -4.490138741104443 8.231149672404513 14.437299605349304
      vertex -4.188296338313913 8.388762997388719 14.437299605349304
      vertex -4.188296338313913 8.388762997388719 14.284535765895955
    endloop
  endfacet
  facet normal -0.43037450443723424 0.9026504228827485 0
    outer loop
      vertex -4.188296338313913 8.388762997388719 14.284535765895955
      vertex -4.188296338313913 8.388762997388719 14.437299605349304
      vertex -3.8809298907067498 8.53531218101077 14.267194725433528
    endloop
  endfacet
  facet normal -0.43037450443723424 0.9026504228827487 -2.2582544288235062e-17
    outer loop
      vertex -4.188296338313913 8.388762997388719 14.437299605349304
      vertex -3.8809298907067498 8.53531218101077 14.437299605349304
      vertex -3.8809298907067498 8.53531218101077 14.267194725433528
    endloop
  endfacet
  facet normal -0.39731454369188873 0.9176824905003397 0
    outer loop
      vertex -3.8809298907067498 8.53531218101077 13.620319725433527
      vertex -3.8809298907067498 8.53531218101077 13.889850975433527
      vertex -3.5684447912863475 8.670603936026211 13.602978684971099
    endloop
  endfacet
  facet normal -0.39731454369188884 0.9176824905003398 0
    outer loop
      vertex -3.8809298907067498 8.53531218101077 13.889850975433527
      vertex -3.8809298907067498 8.53531218101077 13.997663475433528
      vertex -3.5684447912863475 8.670603936026211 13.872509934971099
    endloop
  endfacet
  facet normal -0.39731454369188873 0.9176824905003397 0
    outer loop
      vertex -3.8809298907067498 8.53531218101077 13.997663475433528
      vertex -3.8809298907067498 8.53531218101077 14.267194725433528
      vertex -3.5684447912863475 8.670603936026211 13.980322434971098
    endloop
  endfacet
  facet normal -0.3973145436918888 0.9176824905003397 0
    outer loop
      vertex -3.8809298907067498 8.53531218101077 14.267194725433528
      vertex -3.8809298907067498 8.53531218101077 14.437299605349304
      vertex -3.5684447912863475 8.670603936026211 14.249853684971098
    endloop
  endfacet
  facet normal -0.39731454369188873 0.9176824905003397 3.174061885561485e-17
    outer loop
      vertex -3.8809298907067498 8.53531218101077 13.889850975433527
      vertex -3.5684447912863475 8.670603936026211 13.872509934971099
      vertex -3.5684447912863475 8.670603936026211 13.602978684971099
    endloop
  endfacet
  facet normal -0.36373055523496634 0.9315042046005284 0
    outer loop
      vertex -3.5684447912863475 8.670603936026211 13.602978684971099
      vertex -3.5684447912863475 8.670603936026211 13.872509934971099
      vertex -3.251253184169145 8.794459822884058 13.58563764450867
    endloop
  endfacet
  facet normal -0.3637305552349664 0.9315042046005284 0
    outer loop
      vertex -3.5684447912863475 8.670603936026211 13.872509934971099
      vertex -3.5684447912863475 8.670603936026211 13.980322434971098
      vertex -3.251253184169145 8.794459822884058 13.85516889450867
    endloop
  endfacet
  facet normal -0.3637305552349664 0.9315042046005284 7.164274029104327e-18
    outer loop
      vertex -3.5684447912863475 8.670603936026211 13.872509934971099
      vertex -3.251253184169145 8.794459822884058 13.85516889450867
      vertex -3.251253184169145 8.794459822884058 13.58563764450867
    endloop
  endfacet
  facet normal -0.32966683379689526 0.9440973353920294 0
    outer loop
      vertex -3.251253184169145 8.794459822884058 13.58563764450867
      vertex -3.251253184169145 8.794459822884058 13.85516889450867
      vertex -2.9297734209978237 8.906716485074993 13.568296604046244
    endloop
  endfacet
  facet normal -0.32966683379689526 0.9440973353920294 0
    outer loop
      vertex -3.251253184169145 8.794459822884058 13.85516889450867
      vertex -3.251253184169145 8.794459822884058 13.962981394508672
      vertex -2.9297734209978237 8.906716485074993 13.837827854046244
    endloop
  endfacet
  facet normal -0.3973145436918888 0.9176824905003398 7.93515471390374e-17
    outer loop
      vertex -3.8809298907067498 8.53531218101077 13.997663475433528
      vertex -3.5684447912863475 8.670603936026211 13.980322434971098
      vertex -3.5684447912863475 8.670603936026211 13.872509934971099
    endloop
  endfacet
  facet normal -0.39731454369188873 0.9176824905003397 3.174061885561485e-17
    outer loop
      vertex -3.8809298907067498 8.53531218101077 14.267194725433528
      vertex -3.5684447912863475 8.670603936026211 14.249853684971098
      vertex -3.5684447912863475 8.670603936026211 13.980322434971098
    endloop
  endfacet
  facet normal -0.3973145436918888 0.9176824905003398 4.5640303393458797e-17
    outer loop
      vertex -3.8809298907067498 8.53531218101077 14.437299605349304
      vertex -3.5684447912863475 8.670603936026211 14.437299605349304
      vertex -3.5684447912863475 8.670603936026211 14.249853684971098
    endloop
  endfacet
  facet normal -0.36373055523496634 0.9315042046005284 0
    outer loop
      vertex -3.5684447912863475 8.670603936026211 13.980322434971098
      vertex -3.5684447912863475 8.670603936026211 14.249853684971098
      vertex -3.251253184169145 8.794459822884058 13.962981394508672
    endloop
  endfacet
  facet normal -0.36373055523496634 0.9315042046005284 0
    outer loop
      vertex -3.251253184169145 8.794459822884058 13.85516889450867
      vertex -3.5684447912863475 8.670603936026211 13.980322434971098
      vertex -3.251253184169145 8.794459822884058 13.962981394508672
    endloop
  endfacet
  facet normal -0.36373055523496634 0.9315042046005284 7.164274029104325e-18
    outer loop
      vertex -3.5684447912863475 8.670603936026211 14.249853684971098
      vertex -3.251253184169145 8.794459822884058 14.232512644508672
      vertex -3.251253184169145 8.794459822884058 13.962981394508672
    endloop
  endfacet
  facet normal -0.32966683379689526 0.9440973353920294 0
    outer loop
      vertex -3.251253184169145 8.794459822884058 13.962981394508672
      vertex -3.251253184169145 8.794459822884058 14.232512644508672
      vertex -2.9297734209978237 8.906716485074993 13.945640354046244
    endloop
  endfacet
  facet normal -0.3637305552349664 0.9315042046005285 0
    outer loop
      vertex -3.5684447912863475 8.670603936026211 14.249853684971098
      vertex -3.5684447912863475 8.670603936026211 14.437299605349304
      vertex -3.251253184169145 8.794459822884058 14.232512644508672
    endloop
  endfacet
  facet normal -0.3637305552349664 0.9315042046005284 9.429290451308322e-18
    outer loop
      vertex -3.5684447912863475 8.670603936026211 14.437299605349304
      vertex -3.251253184169145 8.794459822884058 14.437299605349304
      vertex -3.251253184169145 8.794459822884058 14.232512644508672
    endloop
  endfacet
  facet normal -0.3296668337968952 0.9440973353920294 0
    outer loop
      vertex -3.251253184169145 8.794459822884058 14.232512644508672
      vertex -3.251253184169145 8.794459822884058 14.437299605349304
      vertex -2.9297734209978237 8.906716485074993 14.215171604046244
    endloop
  endfacet
  facet normal -0.3273232603022179 0.6268508033108983 0.7070484804124878
    outer loop
      vertex -3.741782284253703 6.859291393670427 15.999999999999998
      vertex -4.188296338313913 8.388762997388719 14.437299605349304
      vertex -4.490138741104443 8.231149672404513 14.437299605349304
    endloop
  endfacet
  facet normal -0.3043458196355228 0.6383228559410776 0.7070484804124878
    outer loop
      vertex -3.234108242255625 7.112760150842308 15.999999999999998
      vertex -3.8809298907067498 8.53531218101077 14.437299605349304
      vertex -4.188296338313913 8.388762997388719 14.437299605349304
    endloop
  endfacet
  facet normal -0.28096696994432846 0.6489530091976576 0.7070484804124875
    outer loop
      vertex -3.8809298907067498 8.53531218101077 14.437299605349304
      vertex -2.973703992738623 7.225503280021844 15.999999999999998
      vertex -3.5684447912863475 8.670603936026211 14.437299605349304
    endloop
  endfacet
  facet normal -0.25721754615604586 0.6587272427157197 0.7070484804124875
    outer loop
      vertex -3.5684447912863475 8.670603936026211 14.437299605349304
      vertex -2.973703992738623 7.225503280021844 15.999999999999998
      vertex -3.251253184169145 8.794459822884058 14.437299605349304
    endloop
  endfacet
  facet normal -0.5259779844619142 0.8504981833380846 -1.336808414514486e-17
    outer loop
      vertex -5.954685334877884 9.24887682708502 11.200621387283238
      vertex -5.614922422194272 9.45899816009814 11.18328034682081
      vertex -5.614922422194272 9.45899816009814 10.80828034682081
    endloop
  endfacet
  facet normal -0.49474867714489407 0.8690361019332725 0
    outer loop
      vertex -5.614922422194272 9.45899816009814 10.80828034682081
      vertex -5.614922422194272 9.45899816009814 11.18328034682081
      vertex -5.2677538532254555 9.656643792841711 10.790939306358382
    endloop
  endfacet
  facet normal -0.49474867714489407 0.8690361019332725 -2.004201568565845e-17
    outer loop
      vertex -5.614922422194272 9.45899816009814 11.18328034682081
      vertex -5.2677538532254555 9.656643792841711 11.165939306358382
      vertex -5.2677538532254555 9.656643792841711 10.790939306358382
    endloop
  endfacet
  facet normal -0.4628668338932711 0.8864278279034449 0
    outer loop
      vertex -5.2677538532254555 9.656643792841711 10.790939306358382
      vertex -5.2677538532254555 9.656643792841711 11.165939306358382
      vertex -4.91363751695039 9.841553045735088 10.773598265895954
    endloop
  endfacet
  facet normal -0.4628668338932711 0.8864278279034449 1.4151399470766324e-17
    outer loop
      vertex -5.2677538532254555 9.656643792841711 11.165939306358382
      vertex -4.91363751695039 9.841553045735088 11.148598265895954
      vertex -4.91363751695039 9.841553045735088 10.773598265895954
    endloop
  endfacet
  facet normal -0.4303745044372333 0.9026504228827491 0
    outer loop
      vertex -4.91363751695039 9.841553045735088 10.773598265895954
      vertex -4.91363751695039 9.841553045735088 11.148598265895954
      vertex -4.553040465925504 10.013482037515466 10.756257225433526
    endloop
  endfacet
  facet normal -0.4303745044372333 0.9026504228827491 -9.80874645226478e-18
    outer loop
      vertex -4.91363751695039 9.841553045735088 11.148598265895954
      vertex -4.553040465925504 10.013482037515466 11.131257225433526
      vertex -4.553040465925504 10.013482037515466 10.756257225433526
    endloop
  endfacet
  facet normal -0.3973145436918928 0.917682490500338 0
    outer loop
      vertex -4.553040465925504 10.013482037515466 10.756257225433526
      vertex -4.553040465925504 10.013482037515466 11.131257225433526
      vertex -4.18643830027784 10.17220400689874 10.7389161849711
    endloop
  endfacet
  facet normal -0.3973145436918928 0.917682490500338 -1.7613490830921408e-17
    outer loop
      vertex -4.553040465925504 10.013482037515466 11.131257225433526
      vertex -4.18643830027784 10.17220400689874 11.1139161849711
      vertex -4.18643830027784 10.17220400689874 10.7389161849711
    endloop
  endfacet
  facet normal -0.181386018255465 0.467685577245362 0.8650834140232379
    outer loop
      vertex -4.188296338313913 8.388762997388719 12.086098265895954
      vertex -4.553040465925504 10.013482037515466 11.131257225433526
      vertex -4.91363751695039 9.841553045735088 11.148598265895954
    endloop
  endfacet
  facet normal -0.1642842671690631 0.4739634651981353 0.8650834140232374
    outer loop
      vertex -3.8809298907067498 8.53531218101077 12.068757225433528
      vertex -4.18643830027784 10.17220400689874 11.1139161849711
      vertex -4.553040465925504 10.013482037515466 11.131257225433526
    endloop
  endfacet
  facet normal -0.363730555234965 0.931504204600529 0
    outer loop
      vertex -4.18643830027784 10.17220400689874 10.7389161849711
      vertex -4.18643830027784 10.17220400689874 11.1139161849711
      vertex -3.814314540424613 10.31750961166043 10.721575144508671
    endloop
  endfacet
  facet normal -0.363730555234965 0.931504204600529 -3.4326873724279664e-18
    outer loop
      vertex -4.18643830027784 10.17220400689874 11.1139161849711
      vertex -3.814314540424613 10.31750961166043 11.096575144508671
      vertex -3.814314540424613 10.31750961166043 10.721575144508671
    endloop
  endfacet
  facet normal -0.14696583760978876 0.47961623133246 0.8650834140232383
    outer loop
      vertex -3.5684447912863475 8.670603936026211 12.051416184971098
      vertex -3.814314540424613 10.31750961166043 11.096575144508671
      vertex -4.18643830027784 10.17220400689874 11.1139161849711
    endloop
  endfacet
  facet normal -0.12288357285133954 0.485611783868752 0.865494553934973
    outer loop
      vertex -3.251253184169145 8.794459822884058 12.034075144508671
      vertex -2.9297734209978237 8.906716485074993 12.016734104046243
      vertex -3.4371599893464904 10.44920720474217 11.079234104046243
    endloop
  endfacet
  facet normal -0.129453571271101 0.4846364200790704 0.865083414023238
    outer loop
      vertex -3.251253184169145 8.794459822884058 12.034075144508671
      vertex -3.4371599893464904 10.44920720474217 11.079234104046243
      vertex -3.814314540424613 10.31750961166043 11.096575144508671
    endloop
  endfacet
  facet normal -0.11177056550243371 0.48901741019023587 0.8650834140232379
    outer loop
      vertex -3.4371599893464904 10.44920720474217 11.079234104046243
      vertex -2.9297734209978237 8.906716485074993 12.016734104046243
      vertex -3.0554720852557353 10.567123087019615 11.061893063583817
    endloop
  endfacet
  facet normal -0.3296668337968945 0.9440973353920298 0
    outer loop
      vertex -3.814314540424613 10.31750961166043 10.721575144508671
      vertex -3.814314540424613 10.31750961166043 11.096575144508671
      vertex -3.4371599893464904 10.44920720474217 10.704234104046243
    endloop
  endfacet
  facet normal -0.3296668337968945 0.9440973353920298 1.711263958548898e-17
    outer loop
      vertex -3.814314540424613 10.31750961166043 11.096575144508671
      vertex -3.4371599893464904 10.44920720474217 11.079234104046243
      vertex -3.4371599893464904 10.44920720474217 10.704234104046243
    endloop
  endfacet
  facet normal -0.29516830683948997 0.9554452734916368 0
    outer loop
      vertex -3.4371599893464904 10.44920720474217 10.704234104046243
      vertex -3.4371599893464904 10.44920720474217 11.079234104046243
      vertex -3.0554720852557353 10.567123087019615 10.686893063583817
    endloop
  endfacet
  facet normal -0.29516830683948997 0.9554452734916368 6.116270488630965e-18
    outer loop
      vertex -3.4371599893464904 10.44920720474217 11.079234104046243
      vertex -3.0554720852557353 10.567123087019615 11.061893063583817
      vertex -3.0554720852557353 10.567123087019615 10.686893063583817
    endloop
  endfacet
  facet normal -0.2951683068394903 0.9554452734916367 0
    outer loop
      vertex -2.9297734209978237 8.906716485074993 12.016734104046243
      vertex -2.9297734209978237 8.906716485074993 13.568296604046244
      vertex -2.6044295091672676 9.007225864586202 11.999393063583815
    endloop
  endfacet
  facet normal -0.2602804753000636 0.9655330518307351 0
    outer loop
      vertex -2.6044295091672676 9.007225864586202 11.999393063583815
      vertex -2.6044295091672676 9.007225864586202 13.550955563583814
      vertex -2.2756505525910016 9.095855397178662 11.982052023121387
    endloop
  endfacet
  facet normal -0.3296668337968952 0.9440973353920294 6.14283724106891e-19
    outer loop
      vertex -3.251253184169145 8.794459822884058 13.58563764450867
      vertex -2.9297734209978237 8.906716485074993 13.568296604046244
      vertex -2.9297734209978237 8.906716485074993 12.016734104046243
    endloop
  endfacet
  facet normal -0.2951683068394903 0.9554452734916368 0
    outer loop
      vertex -2.6044295091672676 9.007225864586202 11.999393063583815
      vertex -2.9297734209978237 8.906716485074993 13.568296604046244
      vertex -2.6044295091672676 9.007225864586202 13.550955563583814
    endloop
  endfacet
  facet normal -0.26028047530006365 0.9655330518307351 0
    outer loop
      vertex -2.2756505525910016 9.095855397178662 11.982052023121387
      vertex -2.6044295091672676 9.007225864586202 13.550955563583814
      vertex -2.2756505525910016 9.095855397178662 13.533614523121388
    endloop
  endfacet
  facet normal -0.22504935357905317 0.9743473653957557 0
    outer loop
      vertex -2.2756505525910016 9.095855397178662 11.982052023121387
      vertex -2.2756505525910016 9.095855397178662 13.533614523121388
      vertex -1.9438701857457128 9.172488187229288 11.96471098265896
    endloop
  endfacet
  facet normal -0.18952140885063318 0.9818765887764465 0
    outer loop
      vertex -1.9438701857457128 9.172488187229288 11.96471098265896
      vertex -1.9438701857457128 9.172488187229288 13.51627348265896
      vertex -1.6095260017403181 9.237023161907398 11.947369942196532
    endloop
  endfacet
  facet normal -0.2250493535790532 0.9743473653957557 0
    outer loop
      vertex -1.9438701857457128 9.172488187229288 11.96471098265896
      vertex -2.2756505525910016 9.095855397178662 13.533614523121388
      vertex -1.9438701857457128 9.172488187229288 13.51627348265896
    endloop
  endfacet
  facet normal -0.18952140885063318 0.9818765887764465 0
    outer loop
      vertex -1.6095260017403181 9.237023161907398 11.947369942196532
      vertex -1.9438701857457128 9.172488187229288 13.51627348265896
      vertex -1.6095260017403181 9.237023161907398 13.498932442196532
    endloop
  endfacet
  facet normal -0.1537434997759255 0.988110791498934 0
    outer loop
      vertex -1.6095260017403181 9.237023161907398 11.947369942196532
      vertex -1.6095260017403181 9.237023161907398 13.498932442196532
      vertex -1.2730589751638708 9.289375204482088 11.930028901734104
    endloop
  endfacet
  facet normal -0.11776281470009412 0.9930417511232403 0
    outer loop
      vertex -1.2730589751638708 9.289375204482088 11.930028901734104
      vertex -1.2730589751638708 9.289375204482088 13.481591401734105
      vertex -0.9349128804735721 9.329475266584746 11.912687861271678
    endloop
  endfacet
  facet normal -0.08162680941442538 0.9966629640880719 0
    outer loop
      vertex -0.9349128804735721 9.329475266584746 11.912687861271678
      vertex -0.9349128804735721 9.329475266584746 13.464250361271676
      vertex -0.5955337066899598 9.357270459278604 11.895346820809248
    endloop
  endfacet
  facet normal -0.15374349977592547 0.9881107914989341 0
    outer loop
      vertex -1.2730589751638708 9.289375204482088 11.930028901734104
      vertex -1.6095260017403181 9.237023161907398 13.498932442196532
      vertex -1.2730589751638708 9.289375204482088 13.481591401734105
    endloop
  endfacet
  facet normal -0.11776281470009409 0.9930417511232401 0
    outer loop
      vertex -0.9349128804735721 9.329475266584746 11.912687861271678
      vertex -1.2730589751638708 9.289375204482088 13.481591401734105
      vertex -0.9349128804735721 9.329475266584746 13.464250361271676
    endloop
  endfacet
  facet normal -0.04538314456576896 0.9989696542885186 0
    outer loop
      vertex -0.5955337066899598 9.357270459278604 11.895346820809248
      vertex -0.5955337066899598 9.357270459278604 13.44690932080925
      vertex -0.2553690691712512 9.37272412281523 11.878005780346822
    endloop
  endfacet
  facet normal -0.009079622795765125 0.9999587793753733 0
    outer loop
      vertex -0.2553690691712512 9.37272412281523 11.878005780346822
      vertex -0.2553690691712512 9.37272412281523 13.429568280346821
      vertex 0.08513238075731001 9.375815874985948 11.860664739884394
    endloop
  endfacet
  facet normal -0.08162680941442535 0.9966629640880716 0
    outer loop
      vertex -0.5955337066899598 9.357270459278604 11.895346820809248
      vertex -0.9349128804735721 9.329475266584746 13.464250361271676
      vertex -0.5955337066899598 9.357270459278604 13.44690932080925
    endloop
  endfacet
  facet normal -0.04538314456576896 0.9989696542885186 0
    outer loop
      vertex -0.2553690691712512 9.37272412281523 11.878005780346822
      vertex -0.5955337066899598 9.357270459278604 13.44690932080925
      vertex -0.2553690691712512 9.37272412281523 13.429568280346821
    endloop
  endfacet
  facet normal -0.009079622795765126 0.9999587793753733 -1.7524356558219216e-19
    outer loop
      vertex -0.2553690691712512 9.37272412281523 13.429568280346821
      vertex 0.08513238075731001 9.375815874985948 13.412227239884393
      vertex 0.08513238075731001 9.375815874985948 11.860664739884394
    endloop
  endfacet
  facet normal 0 0 1
    outer loop
      vertex -3.234108242255625 7.112760150842308 15.999999999999998
      vertex -2.8995967907531677 6.349231327574539 15.999999999999998
      vertex -2.5323977833474736 6.5044109238959384 15.999999999999998
    endloop
  endfacet
  facet normal 0 0 1
    outer loop
      vertex -3.234108242255625 7.112760150842308 15.999999999999998
      vertex -2.5323977833474736 6.5044109238959384 15.999999999999998
      vertex -2.973703992738623 7.225503280021844 15.999999999999998
    endloop
  endfacet
  facet normal 0 0 1
    outer loop
      vertex -2.973703992738623 7.225503280021844 15.999999999999998
      vertex -2.5323977833474736 6.5044109238959384 15.999999999999998
      vertex -2.7093776534742875 7.328716519070049 15.999999999999998
    endloop
  endfacet
  facet normal 0 0 1
    outer loop
      vertex -2.7093776534742875 7.328716519070049 15.999999999999998
      vertex -2.5323977833474736 6.5044109238959384 15.999999999999998
      vertex -2.156938620737133 6.638374483740172 15.999999999999998
    endloop
  endfacet
  facet normal -0.2572175461560457 0.6587272427157197 0.7070484804124875
    outer loop
      vertex -3.251253184169145 8.794459822884058 14.437299605349304
      vertex -2.973703992738623 7.225503280021844 15.999999999999998
      vertex -2.7093776534742875 7.328716519070049 15.999999999999998
    endloop
  endfacet
  facet normal 0 0 1
    outer loop
      vertex -2.7093776534742875 7.328716519070049 15.999999999999998
      vertex -2.156938620737133 6.638374483740172 15.999999999999998
      vertex -2.44147785083152 7.422263737562495 15.999999999999998
    endloop
  endfacet
  facet normal 0 0 1
    outer loop
      vertex -2.44147785083152 7.422263737562495 15.999999999999998
      vertex -2.156938620737133 6.638374483740172 15.999999999999998
      vertex -1.7744439726705397 6.750685045819662 15.999999999999998
    endloop
  endfacet
  facet normal 0 0 1
    outer loop
      vertex -2.44147785083152 7.422263737562495 15.999999999999998
      vertex -1.7744439726705397 6.750685045819662 15.999999999999998
      vertex -2.1703579243060562 7.506021553821835 15.999999999999998
    endloop
  endfacet
  facet normal 0 0 1
    outer loop
      vertex -2.1703579243060562 7.506021553821835 15.999999999999998
      vertex -1.7744439726705397 6.750685045819662 15.999999999999998
      vertex -1.8963754604925014 7.579879497648886 15.999999999999998
    endloop
  endfacet
  facet normal 0 0 1
    outer loop
      vertex -1.8963754604925014 7.579879497648886 15.999999999999998
      vertex -1.7744439726705397 6.750685045819662 15.999999999999998
      vertex -1.3861614571873033 6.8409762764249065 15.999999999999998
    endloop
  endfacet
  facet normal 0 0 1
    outer loop
      vertex -1.8963754604925014 7.579879497648886 15.999999999999998
      vertex -1.3861614571873033 6.8409762764249065 15.999999999999998
      vertex -1.6198918214547606 7.643740156024407 15.999999999999998
    endloop
  endfacet
  facet normal -0.32966683379689526 0.9440973353920294 3.5361376118153235e-18
    outer loop
      vertex -3.251253184169145 8.794459822884058 13.85516889450867
      vertex -2.9297734209978237 8.906716485074993 13.837827854046244
      vertex -2.9297734209978237 8.906716485074993 13.568296604046244
    endloop
  endfacet
  facet normal -0.3296668337968953 0.9440973353920294 8.840344029538338e-18
    outer loop
      vertex -3.251253184169145 8.794459822884058 13.962981394508672
      vertex -2.9297734209978237 8.906716485074993 13.945640354046244
      vertex -2.9297734209978237 8.906716485074993 13.837827854046244
    endloop
  endfacet
  facet normal -0.2951683068394903 0.9554452734916368 0
    outer loop
      vertex -2.9297734209978237 8.906716485074993 13.568296604046244
      vertex -2.9297734209978237 8.906716485074993 13.837827854046244
      vertex -2.6044295091672676 9.007225864586202 13.550955563583814
    endloop
  endfacet
  facet normal -0.2951683068394903 0.9554452734916368 0
    outer loop
      vertex -2.9297734209978237 8.906716485074993 13.837827854046244
      vertex -2.9297734209978237 8.906716485074993 13.945640354046244
      vertex -2.6044295091672676 9.007225864586202 13.820486813583814
    endloop
  endfacet
  facet normal -0.2951683068394903 0.9554452734916368 -9.78087505153852e-18
    outer loop
      vertex -2.9297734209978237 8.906716485074993 13.837827854046244
      vertex -2.6044295091672676 9.007225864586202 13.820486813583814
      vertex -2.6044295091672676 9.007225864586202 13.550955563583814
    endloop
  endfacet
  facet normal -0.2951683068394903 0.9554452734916368 0
    outer loop
      vertex -2.6044295091672676 9.007225864586202 13.820486813583814
      vertex -2.9297734209978237 8.906716485074993 13.945640354046244
      vertex -2.6044295091672676 9.007225864586202 13.928299313583816
    endloop
  endfacet
  facet normal -0.2602804753000636 0.965533051830735 0
    outer loop
      vertex -2.6044295091672676 9.007225864586202 13.550955563583814
      vertex -2.6044295091672676 9.007225864586202 13.820486813583814
      vertex -2.2756505525910016 9.095855397178662 13.533614523121388
    endloop
  endfacet
  facet normal -0.2602804753000636 0.965533051830735 -5.911169052721821e-18
    outer loop
      vertex -2.6044295091672676 9.007225864586202 13.820486813583814
      vertex -2.2756505525910016 9.095855397178662 13.803145773121388
      vertex -2.2756505525910016 9.095855397178662 13.533614523121388
    endloop
  endfacet
  facet normal -0.2602804753000636 0.9655330518307351 0
    outer loop
      vertex -2.6044295091672676 9.007225864586202 13.820486813583814
      vertex -2.6044295091672676 9.007225864586202 13.928299313583816
      vertex -2.2756505525910016 9.095855397178662 13.803145773121388
    endloop
  endfacet
  facet normal -0.26028047530006365 0.9655330518307351 -1.4777922631804604e-17
    outer loop
      vertex -2.6044295091672676 9.007225864586202 13.928299313583816
      vertex -2.2756505525910016 9.095855397178662 13.910958273121388
      vertex -2.2756505525910016 9.095855397178662 13.803145773121388
    endloop
  endfacet
  facet normal -0.32966683379689526 0.9440973353920294 3.5361376118153235e-18
    outer loop
      vertex -3.251253184169145 8.794459822884058 14.232512644508672
      vertex -2.9297734209978237 8.906716485074993 14.215171604046244
      vertex -2.9297734209978237 8.906716485074993 13.945640354046244
    endloop
  endfacet
  facet normal -0.2951683068394903 0.9554452734916368 -9.780875051538522e-18
    outer loop
      vertex -2.6044295091672676 9.007225864586202 13.928299313583816
      vertex -2.9297734209978237 8.906716485074993 13.945640354046244
      vertex -2.9297734209978237 8.906716485074993 14.215171604046244
    endloop
  endfacet
  facet normal -0.3296668337968952 0.9440973353920294 4.2907674183059745e-18
    outer loop
      vertex -3.251253184169145 8.794459822884058 14.437299605349304
      vertex -2.9297734209978237 8.906716485074993 14.437299605349304
      vertex -2.9297734209978237 8.906716485074993 14.215171604046244
    endloop
  endfacet
  facet normal -0.2951683068394903 0.9554452734916368 0
    outer loop
      vertex -2.9297734209978237 8.906716485074993 14.215171604046244
      vertex -2.9297734209978237 8.906716485074993 14.437299605349304
      vertex -2.6044295091672676 9.007225864586202 14.197830563583816
    endloop
  endfacet
  facet normal -0.2951683068394903 0.9554452734916368 0
    outer loop
      vertex -2.6044295091672676 9.007225864586202 13.928299313583816
      vertex -2.9297734209978237 8.906716485074993 14.215171604046244
      vertex -2.6044295091672676 9.007225864586202 14.197830563583816
    endloop
  endfacet
  facet normal -0.2951683068394903 0.9554452734916367 -1.1008736074188106e-17
    outer loop
      vertex -2.9297734209978237 8.906716485074993 14.437299605349304
      vertex -2.6044295091672676 9.007225864586202 14.437299605349304
      vertex -2.6044295091672676 9.007225864586202 14.197830563583816
    endloop
  endfacet
  facet normal -0.2602804753000636 0.965533051830735 0
    outer loop
      vertex -2.6044295091672676 9.007225864586202 13.928299313583816
      vertex -2.6044295091672676 9.007225864586202 14.197830563583816
      vertex -2.2756505525910016 9.095855397178662 13.910958273121388
    endloop
  endfacet
  facet normal -0.26028047530006365 0.9655330518307351 -5.9111690527217825e-18
    outer loop
      vertex -2.6044295091672676 9.007225864586202 14.197830563583816
      vertex -2.2756505525910016 9.095855397178662 14.18048952312139
      vertex -2.2756505525910016 9.095855397178662 13.910958273121388
    endloop
  endfacet
  facet normal -0.26028047530006365 0.9655330518307351 0
    outer loop
      vertex -2.6044295091672676 9.007225864586202 14.197830563583816
      vertex -2.6044295091672676 9.007225864586202 14.437299605349304
      vertex -2.2756505525910016 9.095855397178662 14.18048952312139
    endloop
  endfacet
  facet normal -0.2602804753000636 0.9655330518307351 -6.203980661193234e-18
    outer loop
      vertex -2.6044295091672676 9.007225864586202 14.437299605349304
      vertex -2.2756505525910016 9.095855397178662 14.437299605349304
      vertex -2.2756505525910016 9.095855397178662 14.18048952312139
    endloop
  endfacet
  facet normal -0.2250493535790532 0.9743473653957557 0
    outer loop
      vertex -2.2756505525910016 9.095855397178662 13.533614523121388
      vertex -2.2756505525910016 9.095855397178662 13.803145773121388
      vertex -1.9438701857457128 9.172488187229288 13.51627348265896
    endloop
  endfacet
  facet normal -0.2250493535790532 0.9743473653957558 0
    outer loop
      vertex -2.2756505525910016 9.095855397178662 13.803145773121388
      vertex -2.2756505525910016 9.095855397178662 13.910958273121388
      vertex -1.9438701857457128 9.172488187229288 13.78580473265896
    endloop
  endfacet
  facet normal -0.2250493535790532 0.9743473653957557 7.686140094461764e-18
    outer loop
      vertex -2.2756505525910016 9.095855397178662 13.803145773121388
      vertex -1.9438701857457128 9.172488187229288 13.78580473265896
      vertex -1.9438701857457128 9.172488187229288 13.51627348265896
    endloop
  endfacet
  facet normal -0.2250493535790532 0.9743473653957557 1.9215350236154156e-17
    outer loop
      vertex -2.2756505525910016 9.095855397178662 13.910958273121388
      vertex -1.9438701857457128 9.172488187229288 13.893617232658961
      vertex -1.9438701857457128 9.172488187229288 13.78580473265896
    endloop
  endfacet
  facet normal -0.1895214088506332 0.9818765887764465 0
    outer loop
      vertex -1.9438701857457128 9.172488187229288 13.51627348265896
      vertex -1.9438701857457128 9.172488187229288 13.78580473265896
      vertex -1.6095260017403181 9.237023161907398 13.498932442196532
    endloop
  endfacet
  facet normal -0.1895214088506332 0.9818765887764466 0
    outer loop
      vertex -1.9438701857457128 9.172488187229288 13.78580473265896
      vertex -1.9438701857457128 9.172488187229288 13.893617232658961
      vertex -1.6095260017403181 9.237023161907398 13.768463692196532
    endloop
  endfacet
  facet normal -0.1895214088506332 0.9818765887764465 0
    outer loop
      vertex -1.6095260017403181 9.237023161907398 13.498932442196532
      vertex -1.9438701857457128 9.172488187229288 13.78580473265896
      vertex -1.6095260017403181 9.237023161907398 13.768463692196532
    endloop
  endfacet
  facet normal -0.1895214088506332 0.9818765887764466 -3.288614645889725e-17
    outer loop
      vertex -1.9438701857457128 9.172488187229288 13.893617232658961
      vertex -1.6095260017403181 9.237023161907398 13.876276192196533
      vertex -1.6095260017403181 9.237023161907398 13.768463692196532
    endloop
  endfacet
  facet normal -0.22504935357905317 0.9743473653957556 0
    outer loop
      vertex -2.2756505525910016 9.095855397178662 13.910958273121388
      vertex -2.2756505525910016 9.095855397178662 14.18048952312139
      vertex -1.9438701857457128 9.172488187229288 13.893617232658961
    endloop
  endfacet
  facet normal -0.2250493535790532 0.9743473653957557 0
    outer loop
      vertex -2.2756505525910016 9.095855397178662 14.18048952312139
      vertex -2.2756505525910016 9.095855397178662 14.437299605349304
      vertex -1.9438701857457128 9.172488187229288 14.16314848265896
    endloop
  endfacet
  facet normal -0.2250493535790532 0.9743473653957557 0
    outer loop
      vertex -1.9438701857457128 9.172488187229288 13.893617232658961
      vertex -2.2756505525910016 9.095855397178662 14.18048952312139
      vertex -1.9438701857457128 9.172488187229288 14.16314848265896
    endloop
  endfacet
  facet normal -0.22504935357905315 0.9743473653957556 7.556616682818924e-18
    outer loop
      vertex -2.2756505525910016 9.095855397178662 14.437299605349304
      vertex -1.9438701857457128 9.172488187229288 14.437299605349304
      vertex -1.9438701857457128 9.172488187229288 14.16314848265896
    endloop
  endfacet
  facet normal -0.1895214088506332 0.9818765887764466 0
    outer loop
      vertex -1.9438701857457128 9.172488187229288 13.893617232658961
      vertex -1.9438701857457128 9.172488187229288 14.16314848265896
      vertex -1.6095260017403181 9.237023161907398 13.876276192196533
    endloop
  endfacet
  facet normal -0.1895214088506332 0.9818765887764465 0
    outer loop
      vertex -1.9438701857457128 9.172488187229288 14.16314848265896
      vertex -1.9438701857457128 9.172488187229288 14.437299605349304
      vertex -1.6095260017403181 9.237023161907398 14.145807442196533
    endloop
  endfacet
  facet normal -0.1895214088506332 0.9818765887764465 0
    outer loop
      vertex -1.6095260017403181 9.237023161907398 13.876276192196533
      vertex -1.9438701857457128 9.172488187229288 14.16314848265896
      vertex -1.6095260017403181 9.237023161907398 14.145807442196533
    endloop
  endfacet
  facet normal -0.18952140885063323 0.9818765887764466 0
    outer loop
      vertex -1.6095260017403181 9.237023161907398 14.145807442196533
      vertex -1.9438701857457128 9.172488187229288 14.437299605349304
      vertex -1.6095260017403181 9.237023161907398 14.437299605349304
    endloop
  endfacet
  facet normal -0.23312887195713586 0.6676326650235036 0.7070484804124875
    outer loop
      vertex -3.251253184169145 8.794459822884058 14.437299605349304
      vertex -2.7093776534742875 7.328716519070049 15.999999999999998
      vertex -2.9297734209978237 8.906716485074993 14.437299605349304
    endloop
  endfacet
  facet normal -0.2087327184795992 0.6756575305452522 0.7070484804124877
    outer loop
      vertex -2.44147785083152 7.422263737562495 15.999999999999998
      vertex -2.6044295091672676 9.007225864586202 14.437299605349304
      vertex -2.9297734209978237 8.906716485074993 14.437299605349304
    endloop
  endfacet
  facet normal -0.1840612623972806 0.6827912550927343 0.7070484804124877
    outer loop
      vertex -2.1703579243060562 7.506021553821835 15.999999999999998
      vertex -2.2756505525910016 9.095855397178662 14.437299605349304
      vertex -2.6044295091672676 9.007225864586202 14.437299605349304
    endloop
  endfacet
  facet normal -0.23312887195713453 0.6676326650235038 0.7070484804124877
    outer loop
      vertex -2.7093776534742875 7.328716519070049 15.999999999999998
      vertex -2.44147785083152 7.422263737562495 15.999999999999998
      vertex -2.9297734209978237 8.906716485074993 14.437299605349304
    endloop
  endfacet
  facet normal -0.20873271847959823 0.6756575305452525 0.7070484804124877
    outer loop
      vertex -2.44147785083152 7.422263737562495 15.999999999999998
      vertex -2.1703579243060562 7.506021553821835 15.999999999999998
      vertex -2.6044295091672676 9.007225864586202 14.437299605349304
    endloop
  endfacet
  facet normal -0.18406126239728193 0.6827912550927342 0.7070484804124876
    outer loop
      vertex -2.1703579243060562 7.506021553821835 15.999999999999998
      vertex -1.8963754604925014 7.579879497648886 15.999999999999998
      vertex -2.2756505525910016 9.095855397178662 14.437299605349304
    endloop
  endfacet
  facet normal -0.15914704348721515 0.689024429825003 0.7070484804124876
    outer loop
      vertex -1.8963754604925014 7.579879497648886 15.999999999999998
      vertex -1.6198918214547606 7.643740156024407 15.999999999999998
      vertex -1.9438701857457128 9.172488187229288 14.437299605349304
    endloop
  endfacet
  facet normal -0.1591470434872159 0.689024429825003 0.7070484804124877
    outer loop
      vertex -1.8963754604925014 7.579879497648886 15.999999999999998
      vertex -1.9438701857457128 9.172488187229288 14.437299605349304
      vertex -2.2756505525910016 9.095855397178662 14.437299605349304
    endloop
  endfacet
  facet normal -0.13402292171221544 0.6943488336579197 0.7070484804124877
    outer loop
      vertex -1.6198918214547606 7.643740156024407 15.999999999999998
      vertex -1.6095260017403181 9.237023161907398 14.437299605349304
      vertex -1.9438701857457128 9.172488187229288 14.437299605349304
    endloop
  endfacet
  facet normal 0 0 1
    outer loop
      vertex -1.6198918214547606 7.643740156024407 15.999999999999998
      vertex -1.3861614571873033 6.8409762764249065 15.999999999999998
      vertex -0.993357571147531 6.9089536643289104 15.999999999999998
    endloop
  endfacet
  facet normal 0 0 1
    outer loop
      vertex -1.6198918214547606 7.643740156024407 15.999999999999998
      vertex -0.993357571147531 6.9089536643289104 15.999999999999998
      vertex -1.3412716681169319 7.697519301589499 15.999999999999998
    endloop
  endfacet
  facet normal 0 0 1
    outer loop
      vertex -1.0608824793032257 7.741146003735073 15.999999999999998
      vertex -0.993357571147531 6.9089536643289104 15.999999999999998
      vertex -0.5973135591823011 6.954395481421587 15.999999999999998
    endloop
  endfacet
  facet normal 0 0 1
    outer loop
      vertex -1.3412716681169319 7.697519301589499 15.999999999999998
      vertex -0.993357571147531 6.9089536643289104 15.999999999999998
      vertex -1.0608824793032257 7.741146003735073 15.999999999999998
    endloop
  endfacet
  facet normal 0 0 1
    outer loop
      vertex -1.0608824793032257 7.741146003735073 15.999999999999998
      vertex -0.5973135591823011 6.954395481421587 15.999999999999998
      vertex -0.7790940670613101 7.774562722153956 15.999999999999998
    endloop
  endfacet
  facet normal 0 0 1
    outer loop
      vertex -0.49627808890829983 7.797725382732171 15.999999999999998
      vertex -0.5973135591823011 6.954395481421587 15.999999999999998
      vertex -0.19932123454000034 6.977153505940762 15.999999999999998
    endloop
  endfacet
  facet normal 0 0 1
    outer loop
      vertex -0.7790940670613101 7.774562722153956 15.999999999999998
      vertex -0.5973135591823011 6.954395481421587 15.999999999999998
      vertex -0.49627808890829983 7.797725382732171 15.999999999999998
    endloop
  endfacet
  facet normal 0 0 1
    outer loop
      vertex -0.21280755764270937 7.810603435679358 15.999999999999998
      vertex -0.19932123454000034 6.977153505940762 15.999999999999998
      vertex 0.19932123454000034 6.977153505940762 15.999999999999998
    endloop
  endfacet
  facet normal 0 0 1
    outer loop
      vertex -0.49627808890829983 7.797725382732171 15.999999999999998
      vertex -0.19932123454000034 6.977153505940762 15.999999999999998
      vertex -0.21280755764270937 7.810603435679358 15.999999999999998
    endloop
  endfacet
  facet normal -0.15374349977592547 0.988110791498934 0
    outer loop
      vertex -1.6095260017403181 9.237023161907398 13.498932442196532
      vertex -1.6095260017403181 9.237023161907398 13.768463692196532
      vertex -1.2730589751638708 9.289375204482088 13.481591401734105
    endloop
  endfacet
  facet normal -0.15374349977592547 0.988110791498934 -6.083390193395417e-18
    outer loop
      vertex -1.6095260017403181 9.237023161907398 13.768463692196532
      vertex -1.2730589751638708 9.289375204482088 13.751122651734105
      vertex -1.2730589751638708 9.289375204482088 13.481591401734105
    endloop
  endfacet
  facet normal -0.15374349977592547 0.988110791498934 0
    outer loop
      vertex -1.6095260017403181 9.237023161907398 13.768463692196532
      vertex -1.6095260017403181 9.237023161907398 13.876276192196533
      vertex -1.2730589751638708 9.289375204482088 13.751122651734105
    endloop
  endfacet
  facet normal -0.1537434997759255 0.9881107914989342 -1.5208475483488595e-17
    outer loop
      vertex -1.6095260017403181 9.237023161907398 13.876276192196533
      vertex -1.2730589751638708 9.289375204482088 13.858935151734105
      vertex -1.2730589751638708 9.289375204482088 13.751122651734105
    endloop
  endfacet
  facet normal -0.11776281470009409 0.9930417511232401 0
    outer loop
      vertex -1.2730589751638708 9.289375204482088 13.481591401734105
      vertex -1.2730589751638708 9.289375204482088 13.751122651734105
      vertex -0.9349128804735721 9.329475266584746 13.464250361271676
    endloop
  endfacet
  facet normal -0.08162680941442535 0.9966629640880719 0
    outer loop
      vertex -0.9349128804735721 9.329475266584746 13.464250361271676
      vertex -0.9349128804735721 9.329475266584746 13.733781611271676
      vertex -0.5955337066899598 9.357270459278604 13.44690932080925
    endloop
  endfacet
  facet normal -0.11776281470009409 0.9930417511232401 5.552393415439849e-18
    outer loop
      vertex -1.2730589751638708 9.289375204482088 13.751122651734105
      vertex -0.9349128804735721 9.329475266584746 13.733781611271676
      vertex -0.9349128804735721 9.329475266584746 13.464250361271676
    endloop
  endfacet
  facet normal -0.11776281470009409 0.9930417511232402 0
    outer loop
      vertex -1.2730589751638708 9.289375204482088 13.751122651734105
      vertex -1.2730589751638708 9.289375204482088 13.858935151734105
      vertex -0.9349128804735721 9.329475266584746 13.733781611271676
    endloop
  endfacet
  facet normal -0.11776281470009407 0.9930417511232401 1.388098353859944e-17
    outer loop
      vertex -1.2730589751638708 9.289375204482088 13.858935151734105
      vertex -0.9349128804735721 9.329475266584746 13.841594111271677
      vertex -0.9349128804735721 9.329475266584746 13.733781611271676
    endloop
  endfacet
  facet normal -0.08162680941442534 0.9966629640880718 0
    outer loop
      vertex -0.9349128804735721 9.329475266584746 13.733781611271676
      vertex -0.9349128804735721 9.329475266584746 13.841594111271677
      vertex -0.5955337066899598 9.357270459278604 13.71644057080925
    endloop
  endfacet
  facet normal -0.08162680941442535 0.9966629640880719 0
    outer loop
      vertex -0.9349128804735721 9.329475266584746 13.841594111271677
      vertex -0.9349128804735721 9.329475266584746 14.111125361271677
      vertex -0.5955337066899598 9.357270459278604 13.824253070809249
    endloop
  endfacet
  facet normal -0.15374349977592547 0.988110791498934 0
    outer loop
      vertex -1.6095260017403181 9.237023161907398 13.876276192196533
      vertex -1.6095260017403181 9.237023161907398 14.145807442196533
      vertex -1.2730589751638708 9.289375204482088 13.858935151734105
    endloop
  endfacet
  facet normal -0.1537434997759255 0.988110791498934 -6.0833901933954175e-18
    outer loop
      vertex -1.6095260017403181 9.237023161907398 14.145807442196533
      vertex -1.2730589751638708 9.289375204482088 14.128466401734105
      vertex -1.2730589751638708 9.289375204482088 13.858935151734105
    endloop
  endfacet
  facet normal -0.1537434997759255 0.9881107914989341 0
    outer loop
      vertex -1.6095260017403181 9.237023161907398 14.145807442196533
      vertex -1.6095260017403181 9.237023161907398 14.437299605349304
      vertex -1.2730589751638708 9.289375204482088 14.128466401734105
    endloop
  endfacet
  facet normal -0.1537434997759255 0.9881107914989341 -5.309221106635285e-18
    outer loop
      vertex -1.6095260017403181 9.237023161907398 14.437299605349304
      vertex -1.2730589751638708 9.289375204482088 14.437299605349304
      vertex -1.2730589751638708 9.289375204482088 14.128466401734105
    endloop
  endfacet
  facet normal -0.11776281470009409 0.9930417511232401 0
    outer loop
      vertex -1.2730589751638708 9.289375204482088 13.858935151734105
      vertex -1.2730589751638708 9.289375204482088 14.128466401734105
      vertex -0.9349128804735721 9.329475266584746 13.841594111271677
    endloop
  endfacet
  facet normal -0.11776281470009409 0.9930417511232401 0
    outer loop
      vertex -0.9349128804735721 9.329475266584746 13.841594111271677
      vertex -1.2730589751638708 9.289375204482088 14.128466401734105
      vertex -0.9349128804735721 9.329475266584746 14.111125361271677
    endloop
  endfacet
  facet normal -0.11776281470009407 0.9930417511232401 0
    outer loop
      vertex -1.2730589751638708 9.289375204482088 14.128466401734105
      vertex -1.2730589751638708 9.289375204482088 14.437299605349304
      vertex -0.9349128804735721 9.329475266584746 14.111125361271677
    endloop
  endfacet
  facet normal -0.08162680941442536 0.9966629640880719 0
    outer loop
      vertex -0.9349128804735721 9.329475266584746 14.111125361271677
      vertex -0.9349128804735721 9.329475266584746 14.437299605349304
      vertex -0.5955337066899598 9.357270459278604 14.09378432080925
    endloop
  endfacet
  facet normal -0.11776281470009409 0.9930417511232402 4.5881720121319694e-18
    outer loop
      vertex -1.2730589751638708 9.289375204482088 14.437299605349304
      vertex -0.9349128804735721 9.329475266584746 14.437299605349304
      vertex -0.9349128804735721 9.329475266584746 14.111125361271677
    endloop
  endfacet
  facet normal -0.04538314456576896 0.9989696542885186 0
    outer loop
      vertex -0.5955337066899598 9.357270459278604 13.44690932080925
      vertex -0.5955337066899598 9.357270459278604 13.71644057080925
      vertex -0.2553690691712512 9.37272412281523 13.429568280346821
    endloop
  endfacet
  facet normal -0.08162680941442535 0.9966629640880719 3.078861054236013e-18
    outer loop
      vertex -0.9349128804735721 9.329475266584746 13.733781611271676
      vertex -0.5955337066899598 9.357270459278604 13.71644057080925
      vertex -0.5955337066899598 9.357270459278604 13.44690932080925
    endloop
  endfacet
  facet normal -0.08162680941442535 0.9966629640880716 7.697152635590057e-18
    outer loop
      vertex -0.9349128804735721 9.329475266584746 13.841594111271677
      vertex -0.5955337066899598 9.357270459278604 13.824253070809249
      vertex -0.5955337066899598 9.357270459278604 13.71644057080925
    endloop
  endfacet
  facet normal -0.04538314456576896 0.9989696542885187 0
    outer loop
      vertex -0.5955337066899598 9.357270459278604 13.71644057080925
      vertex -0.5955337066899598 9.357270459278604 13.824253070809249
      vertex -0.2553690691712512 9.37272412281523 13.699099530346821
    endloop
  endfacet
  facet normal -0.04538314456576896 0.9989696542885186 0
    outer loop
      vertex -0.5955337066899598 9.357270459278604 13.824253070809249
      vertex -0.5955337066899598 9.357270459278604 14.09378432080925
      vertex -0.2553690691712512 9.37272412281523 13.806912030346822
    endloop
  endfacet
  facet normal -0.009079622795765126 0.9999587793753735 0
    outer loop
      vertex -0.2553690691712512 9.37272412281523 13.429568280346821
      vertex -0.2553690691712512 9.37272412281523 13.699099530346821
      vertex 0.08513238075731001 9.375815874985948 13.412227239884393
    endloop
  endfacet
  facet normal -0.04538314456576895 0.9989696542885186 -5.625375964874471e-19
    outer loop
      vertex -0.5955337066899598 9.357270459278604 13.71644057080925
      vertex -0.2553690691712512 9.37272412281523 13.699099530346821
      vertex -0.2553690691712512 9.37272412281523 13.429568280346821
    endloop
  endfacet
  facet normal -0.04538314456576896 0.9989696542885187 -1.4063439912185994e-18
    outer loop
      vertex -0.5955337066899598 9.357270459278604 13.824253070809249
      vertex -0.2553690691712512 9.37272412281523 13.806912030346822
      vertex -0.2553690691712512 9.37272412281523 13.699099530346821
    endloop
  endfacet
  facet normal -0.009079622795765126 0.9999587793753734 0
    outer loop
      vertex -0.2553690691712512 9.37272412281523 13.699099530346821
      vertex -0.2553690691712512 9.37272412281523 13.806912030346822
      vertex 0.08513238075731001 9.375815874985948 13.681758489884393
    endloop
  endfacet
  facet normal -0.009079622795765126 0.9999587793753735 -1.0087933949166187e-18
    outer loop
      vertex -0.2553690691712512 9.37272412281523 13.699099530346821
      vertex 0.08513238075731001 9.375815874985948 13.681758489884393
      vertex 0.08513238075731001 9.375815874985948 13.412227239884393
    endloop
  endfacet
  facet normal -0.009079622795765126 0.9999587793753735 0
    outer loop
      vertex -0.2553690691712512 9.37272412281523 13.806912030346822
      vertex -0.2553690691712512 9.37272412281523 14.07644328034682
      vertex 0.08513238075731001 9.375815874985948 13.789570989884394
    endloop
  endfacet
  facet normal -0.009079622795765126 0.9999587793753734 -2.5219834872915133e-18
    outer loop
      vertex -0.2553690691712512 9.37272412281523 13.806912030346822
      vertex 0.08513238075731001 9.375815874985948 13.789570989884394
      vertex 0.08513238075731001 9.375815874985948 13.681758489884393
    endloop
  endfacet
  facet normal -0.08162680941442536 0.9966629640880719 3.078861054235993e-18
    outer loop
      vertex -0.9349128804735721 9.329475266584746 14.111125361271677
      vertex -0.5955337066899598 9.357270459278604 14.09378432080925
      vertex -0.5955337066899598 9.357270459278604 13.824253070809249
    endloop
  endfacet
  facet normal -0.04538314456576896 0.9989696542885187 0
    outer loop
      vertex -0.5955337066899598 9.357270459278604 14.09378432080925
      vertex -0.5955337066899598 9.357270459278604 14.437299605349304
      vertex -0.2553690691712512 9.37272412281523 14.07644328034682
    endloop
  endfacet
  facet normal -0.08162680941442536 0.9966629640880718 2.4157564622944462e-18
    outer loop
      vertex -0.9349128804735721 9.329475266584746 14.437299605349304
      vertex -0.5955337066899598 9.357270459278604 14.437299605349304
      vertex -0.5955337066899598 9.357270459278604 14.09378432080925
    endloop
  endfacet
  facet normal -0.04538314456576896 0.9989696542885188 0
    outer loop
      vertex -0.2553690691712512 9.37272412281523 13.806912030346822
      vertex -0.5955337066899598 9.357270459278604 14.09378432080925
      vertex -0.2553690691712512 9.37272412281523 14.07644328034682
    endloop
  endfacet
  facet normal -0.009079622795765126 0.9999587793753735 -1.0087933949166187e-18
    outer loop
      vertex -0.2553690691712512 9.37272412281523 14.07644328034682
      vertex 0.08513238075731001 9.375815874985948 14.059102239884394
      vertex 0.08513238075731001 9.375815874985948 13.789570989884394
    endloop
  endfacet
  facet normal -0.009079622795765125 0.9999587793753734 0
    outer loop
      vertex -0.2553690691712512 9.37272412281523 14.07644328034682
      vertex -0.2553690691712512 9.37272412281523 14.437299605349304
      vertex 0.08513238075731001 9.375815874985948 14.059102239884394
    endloop
  endfacet
  facet normal -0.04538314456576895 0.9989696542885187 -4.2017127329613437e-19
    outer loop
      vertex -0.5955337066899598 9.357270459278604 14.437299605349304
      vertex -0.2553690691712512 9.37272412281523 14.437299605349304
      vertex -0.2553690691712512 9.37272412281523 14.07644328034682
    endloop
  endfacet
  facet normal -0.009079622795765125 0.9999587793753734 -7.189403458413237e-19
    outer loop
      vertex -0.2553690691712512 9.37272412281523 14.437299605349304
      vertex 0.08513238075731001 9.375815874985948 14.437299605349304
      vertex 0.08513238075731001 9.375815874985948 14.059102239884394
    endloop
  endfacet
  facet normal -0.13402292171221486 0.6943488336579198 0.7070484804124878
    outer loop
      vertex -1.6198918214547606 7.643740156024407 15.999999999999998
      vertex -1.3412716681169319 7.697519301589499 15.999999999999998
      vertex -1.6095260017403181 9.237023161907398 14.437299605349304
    endloop
  endfacet
  facet normal -0.10872203388098593 0.6987574441071619 0.7070484804124878
    outer loop
      vertex -1.3412716681169319 7.697519301589499 15.999999999999998
      vertex -1.0608824793032257 7.741146003735073 15.999999999999998
      vertex -1.2730589751638708 9.289375204482088 14.437299605349304
    endloop
  endfacet
  facet normal -0.08327774994328051 0.7022444465503279 0.7070484804124878
    outer loop
      vertex -1.0608824793032257 7.741146003735073 15.999999999999998
      vertex -0.7790940670613101 7.774562722153956 15.999999999999998
      vertex -1.2730589751638708 9.289375204482088 14.437299605349304
    endloop
  endfacet
  facet normal -0.10872203388098672 0.698757444107162 0.7070484804124877
    outer loop
      vertex -1.6095260017403181 9.237023161907398 14.437299605349304
      vertex -1.3412716681169319 7.697519301589499 15.999999999999998
      vertex -1.2730589751638708 9.289375204482088 14.437299605349304
    endloop
  endfacet
  facet normal -0.0832777499432781 0.7022444465503284 0.7070484804124877
    outer loop
      vertex -0.7790940670613101 7.774562722153956 15.999999999999998
      vertex -0.9349128804735721 9.329475266584746 14.437299605349304
      vertex -1.2730589751638708 9.289375204482088 14.437299605349304
    endloop
  endfacet
  facet normal -0.05772362897739674 0.704805241895995 0.7070484804124876
    outer loop
      vertex -0.7790940670613101 7.774562722153956 15.999999999999998
      vertex -0.49627808890829983 7.797725382732171 15.999999999999998
      vertex -0.5955337066899598 9.357270459278604 14.437299605349304
    endloop
  endfacet
  facet normal -0.03209337492834562 0.7064364526495646 0.7070484804124878
    outer loop
      vertex -0.49627808890829983 7.797725382732171 15.999999999999998
      vertex -0.21280755764270937 7.810603435679358 15.999999999999998
      vertex -0.2553690691712512 9.37272412281523 14.437299605349304
    endloop
  endfacet
  facet normal -0.006420792154897545 0.7071359273679251 0.7070484804124879
    outer loop
      vertex -0.21280755764270937 7.810603435679358 15.999999999999998
      vertex 0.07094365063109169 7.813179895821623 15.999999999999998
      vertex -0.2553690691712512 9.37272412281523 14.437299605349304
    endloop
  endfacet
  facet normal -0.05772362897739652 0.704805241895995 0.7070484804124876
    outer loop
      vertex -0.7790940670613101 7.774562722153956 15.999999999999998
      vertex -0.5955337066899598 9.357270459278604 14.437299605349304
      vertex -0.9349128804735721 9.329475266584746 14.437299605349304
    endloop
  endfacet
  facet normal -0.03209337492834864 0.7064364526495647 0.7070484804124876
    outer loop
      vertex -0.49627808890829983 7.797725382732171 15.999999999999998
      vertex -0.2553690691712512 9.37272412281523 14.437299605349304
      vertex -0.5955337066899598 9.357270459278604 14.437299605349304
    endloop
  endfacet
  facet normal -0.006420792154897548 0.7071359273679251 0.7070484804124878
    outer loop
      vertex -0.2553690691712512 9.37272412281523 14.437299605349304
      vertex 0.07094365063109169 7.813179895821623 15.999999999999998
      vertex 0.08513238075731001 9.375815874985948 14.437299605349304
    endloop
  endfacet
  facet normal -0.1051694833065542 0.4897535675111862 0.8654945539349732
    outer loop
      vertex -2.9297734209978237 8.906716485074993 12.016734104046243
      vertex -2.6044295091672676 9.007225864586202 11.999393063583815
      vertex -3.0554720852557353 10.567123087019615 11.061893063583817
    endloop
  endfacet
  facet normal -0.09394014284557156 0.49275342347268625 0.865083414023238
    outer loop
      vertex -2.6044295091672676 9.007225864586202 11.999393063583815
      vertex -2.669754245512978 10.671101736398423 11.044552023121387
      vertex -3.0554720852557353 10.567123087019615 11.061893063583817
    endloop
  endfacet
  facet normal -0.08731668319972487 0.4932494033893006 0.865494553934973
    outer loop
      vertex -2.6044295091672676 9.007225864586202 11.999393063583815
      vertex -2.2756505525910016 9.095855397178662 11.982052023121387
      vertex -2.669754245512978 10.671101736398423 11.044552023121387
    endloop
  endfacet
  facet normal -0.26028047530006365 0.965533051830735 0
    outer loop
      vertex -3.0554720852557353 10.567123087019615 10.686893063583817
      vertex -3.0554720852557353 10.567123087019615 11.061893063583817
      vertex -2.669754245512978 10.671101736398423 10.669552023121387
    endloop
  endfacet
  facet normal -0.26028047530006365 0.965533051830735 5.3379400098403754e-18
    outer loop
      vertex -3.0554720852557353 10.567123087019615 11.061893063583817
      vertex -2.669754245512978 10.671101736398423 11.044552023121387
      vertex -2.669754245512978 10.671101736398423 10.669552023121387
    endloop
  endfacet
  facet normal -0.22504935357905612 0.9743473653957551 0
    outer loop
      vertex -2.669754245512978 10.671101736398423 10.669552023121387
      vertex -2.669754245512978 10.671101736398423 11.044552023121387
      vertex -2.2805152026579387 10.76100601293606 10.65221098265896
    endloop
  endfacet
  facet normal -0.22504935357905612 0.9743473653957551 5.182417882801754e-18
    outer loop
      vertex -2.669754245512978 10.671101736398423 11.044552023121387
      vertex -2.2805152026579387 10.76100601293606 11.02721098265896
      vertex -2.2805152026579387 10.76100601293606 10.65221098265896
    endloop
  endfacet
  facet normal -0.07598582027399486 0.4958395324086083 0.8650834140232379
    outer loop
      vertex -2.2756505525910016 9.095855397178662 11.982052023121387
      vertex -2.2805152026579387 10.76100601293606 11.02721098265896
      vertex -2.669754245512978 10.671101736398423 11.044552023121387
    endloop
  endfacet
  facet normal -0.06934871901846493 0.49609468076104174 0.8654945539349731
    outer loop
      vertex -2.2756505525910016 9.095855397178662 11.982052023121387
      vertex -1.9438701857457128 9.172488187229288 11.96471098265896
      vertex -2.2805152026579387 10.76100601293606 11.02721098265896
    endloop
  endfacet
  facet normal -0.05128928914306694 0.4982856469216236 0.865494553934973
    outer loop
      vertex -1.9438701857457128 9.172488187229288 11.96471098265896
      vertex -1.6095260017403181 9.237023161907398 11.947369942196532
      vertex -1.888268333429857 10.836717339718982 11.009869942196532
    endloop
  endfacet
  facet normal -0.18952140885062999 0.9818765887764472 0
    outer loop
      vertex -2.2805152026579387 10.76100601293606 10.65221098265896
      vertex -2.2805152026579387 10.76100601293606 11.02721098265896
      vertex -1.888268333429857 10.836717339718982 10.634869942196532
    endloop
  endfacet
  facet normal -0.18952140885062999 0.9818765887764472 4.5892079224350074e-18
    outer loop
      vertex -2.2805152026579387 10.76100601293606 11.02721098265896
      vertex -1.888268333429857 10.836717339718982 11.009869942196532
      vertex -1.888268333429857 10.836717339718982 10.634869942196532
    endloop
  endfacet
  facet normal -0.1537434997759251 0.9881107914989342 0
    outer loop
      vertex -1.888268333429857 10.836717339718982 10.634869942196532
      vertex -1.888268333429857 10.836717339718982 11.009869942196532
      vertex -1.4935309816625422 10.898135859256579 10.617528901734104
    endloop
  endfacet
  facet normal -0.1537434997759251 0.9881107914989342 -4.6164334883884715e-18
    outer loop
      vertex -1.888268333429857 10.836717339718982 11.009869942196532
      vertex -1.4935309816625422 10.898135859256579 10.992528901734104
      vertex -1.4935309816625422 10.898135859256579 10.617528901734104
    endloop
  endfacet
  facet normal -0.057931278175729524 0.4982716666546728 0.8650834140232379
    outer loop
      vertex -1.9438701857457128 9.172488187229288 11.96471098265896
      vertex -1.888268333429857 10.836717339718982 11.009869942196532
      vertex -2.2805152026579387 10.76100601293606 11.02721098265896
    endloop
  endfacet
  facet normal -0.0398003291207747 0.5000466184105014 0.8650834140232377
    outer loop
      vertex -1.6095260017403181 9.237023161907398 11.947369942196532
      vertex -1.4935309816625422 10.898135859256579 10.992528901734104
      vertex -1.888268333429857 10.836717339718982 11.009869942196532
    endloop
  endfacet
  facet normal -0.033162212590125896 0.4998194121530592 0.8654945539349729
    outer loop
      vertex -1.6095260017403181 9.237023161907398 11.947369942196532
      vertex -1.2730589751638708 9.289375204482088 11.930028901734104
      vertex -1.4935309816625422 10.898135859256579 10.992528901734104
    endloop
  endfacet
  facet normal -0.01499139759707964 0.5006939535354786 0.8654945539349731
    outer loop
      vertex -1.2730589751638708 9.289375204482088 11.930028901734104
      vertex -0.9349128804735721 9.329475266584746 11.912687861271678
      vertex -1.0968237759471526 10.945180565185622 10.975187861271678
    endloop
  endfacet
  facet normal -0.1177628147000968 0.99304175112324 0
    outer loop
      vertex -1.4935309816625422 10.898135859256579 10.617528901734104
      vertex -1.4935309816625422 10.898135859256579 10.992528901734104
      vertex -1.0968237759471526 10.945180565185622 10.600187861271678
    endloop
  endfacet
  facet normal -0.1177628147000968 0.99304175112324 9.409664359606663e-18
    outer loop
      vertex -1.4935309816625422 10.898135859256579 10.992528901734104
      vertex -1.0968237759471526 10.945180565185622 10.975187861271678
      vertex -1.0968237759471526 10.945180565185622 10.600187861271678
    endloop
  endfacet
  facet normal -0.021616886454099798 0.5011620466495141 0.865083414023238
    outer loop
      vertex -1.2730589751638708 9.289375204482088 11.930028901734104
      vertex -1.0968237759471526 10.945180565185622 10.975187861271678
      vertex -1.4935309816625422 10.898135859256579 10.992528901734104
    endloop
  endfacet
  facet normal -0.003404932755735142 0.5016164802065702 0.8650834140232377
    outer loop
      vertex -0.9349128804735721 9.329475266584746 11.912687861271678
      vertex -0.6986699429626161 10.9777894091115 10.957846820809248
      vertex -1.0968237759471526 10.945180565185622 10.975187861271678
    endloop
  endfacet
  facet normal 0.0031991899109831616 0.5009081176152128 0.8654945539349728
    outer loop
      vertex -0.9349128804735721 9.329475266584746 11.912687861271678
      vertex -0.5955337066899598 9.357270459278604 11.895346820809248
      vertex -0.6986699429626161 10.9777894091115 10.957846820809248
    endloop
  endfacet
  facet normal 0.02138555793047719 0.5004616219261016 0.8654945539349731
    outer loop
      vertex -0.5955337066899598 9.357270459278604 11.895346820809248
      vertex -0.2553690691712512 9.37272412281523 11.878005780346822
      vertex -0.2995946173793666 10.995919382445349 10.940505780346822
    endloop
  endfacet
  facet normal 0.03954372002306543 0.49935505536205366 0.8654945539349729
    outer loop
      vertex -0.2553690691712512 9.37272412281523 11.878005780346822
      vertex 0.08513238075731001 9.375815874985948 11.860664739884394
      vertex 0.09987585075339327 10.999546573129107 10.923164739884394
    endloop
  endfacet
  facet normal 0.014811511790350921 0.501409319718315 0.865083414023238
    outer loop
      vertex -0.5955337066899598 9.357270459278604 11.895346820809248
      vertex -0.2995946173793666 10.995919382445349 10.940505780346822
      vertex -0.6986699429626161 10.9777894091115 10.957846820809248
    endloop
  endfacet
  facet normal 0.03300842107716325 0.5005408384137024 0.8650834140232377
    outer loop
      vertex -0.2553690691712512 9.37272412281523 11.878005780346822
      vertex 0.09987585075339327 10.999546573129107 10.923164739884394
      vertex -0.2995946173793666 10.995919382445349 10.940505780346822
    endloop
  endfacet
  facet normal -0.08162680941442396 0.996662964088072 0
    outer loop
      vertex -1.0968237759471526 10.945180565185622 10.600187861271678
      vertex -1.0968237759471526 10.945180565185622 10.975187861271678
      vertex -0.6986699429626161 10.9777894091115 10.582846820809248
    endloop
  endfacet
  facet normal -0.08162680941442395 0.996662964088072 7.948502552311185e-20
    outer loop
      vertex -1.0968237759471526 10.945180565185622 10.975187861271678
      vertex -0.6986699429626161 10.9777894091115 10.957846820809248
      vertex -0.6986699429626161 10.9777894091115 10.582846820809248
    endloop
  endfacet
  facet normal -0.04538314456576748 0.9989696542885187 0
    outer loop
      vertex -0.6986699429626161 10.9777894091115 10.582846820809248
      vertex -0.6986699429626161 10.9777894091115 10.957846820809248
      vertex -0.2995946173793666 10.995919382445349 10.565505780346822
    endloop
  endfacet
  facet normal -0.04538314456576748 0.9989696542885187 1.3297832486767898e-18
    outer loop
      vertex -0.6986699429626161 10.9777894091115 10.957846820809248
      vertex -0.2995946173793666 10.995919382445349 10.940505780346822
      vertex -0.2995946173793666 10.995919382445349 10.565505780346822
    endloop
  endfacet
  facet normal -0.009079622795764096 0.9999587793753735 0
    outer loop
      vertex -0.2995946173793666 10.995919382445349 10.565505780346822
      vertex -0.2995946173793666 10.995919382445349 10.940505780346822
      vertex 0.09987585075339327 10.999546573129107 10.548164739884394
    endloop
  endfacet
  facet normal -0.009079622795764096 0.9999587793753735 -3.56350115954754e-20
    outer loop
      vertex -0.2995946173793666 10.995919382445349 10.940505780346822
      vertex 0.09987585075339327 10.999546573129107 10.923164739884394
      vertex 0.09987585075339327 10.999546573129107 10.548164739884394
    endloop
  endfacet
  facet normal 0.027235874307217273 -0.999629034767759 0
    outer loop
      vertex 0.09987585075339053 -10.999546573129107 6.056835260115608
      vertex 0.49921459022344467 -10.988666197173705 6.449176300578035
      vertex 0.09987585075339053 -10.999546573129107 6.431835260115608
    endloop
  endfacet
  facet normal 0.027235874307217273 -0.999629034767759 -1.2463045690825919e-18
    outer loop
      vertex 0.09987585075339053 -10.999546573129107 6.056835260115608
      vertex 0.49921459022344467 -10.988666197173705 6.074176300578035
      vertex 0.49921459022344467 -10.988666197173705 6.449176300578035
    endloop
  endfacet
  facet normal 0.0635154493602373 -0.9979808553737727 0
    outer loop
      vertex 0.49921459022344467 -10.988666197173705 6.074176300578035
      vertex 0.8978949035586797 -10.963292604968789 6.466517341040463
      vertex 0.49921459022344467 -10.988666197173705 6.449176300578035
    endloop
  endfacet
  facet normal 0.0635154493602373 -0.9979808553737727 -4.76009680136831e-18
    outer loop
      vertex 0.49921459022344467 -10.988666197173705 6.074176300578035
      vertex 0.8978949035586797 -10.963292604968789 6.091517341040463
      vertex 0.8978949035586797 -10.963292604968789 6.466517341040463
    endloop
  endfacet
  facet normal 0.09971125235882808 -0.995016415016875 0
    outer loop
      vertex 0.8978949035586797 -10.963292604968789 6.091517341040463
      vertex 1.2953909617010546 -10.92345926235564 6.483858381502891
      vertex 0.8978949035586797 -10.963292604968789 6.466517341040463
    endloop
  endfacet
  facet normal 0.05116179476318653 -0.4990121817536215 -0.8650834140232376
    outer loop
      vertex 0.09987585075339053 -10.999546573129107 6.056835260115608
      vertex 0.12011394554338356 -9.51206907965416 5.2
      vertex 0.49921459022344467 -10.988666197173705 6.074176300578035
    endloop
  endfacet
  facet normal 0.06924768992707613 -0.4968253659201213 -0.8650834140232381
    outer loop
      vertex 0.49921459022344467 -10.988666197173705 6.074176300578035
      vertex 0.4568486765010893 -9.472435890554372 5.2
      vertex 0.8978949035586797 -10.963292604968789 6.091517341040463
    endloop
  endfacet
  facet normal 0.051161794763165055 -0.4990121817536217 -0.8650834140232387
    outer loop
      vertex 0.09987585075339053 -10.999546573129107 6.056835260115608
      vertex 0.08640094414101687 -9.515525543687836 5.2
      vertex 0.12011394554338356 -9.51206907965416 5.2
    endloop
  endfacet
  facet normal 0.05764972695184281 -0.4975898774003344 -0.8654945539349731
    outer loop
      vertex 0.49921459022344467 -10.988666197173705 6.074176300578035
      vertex 0.12011394554338356 -9.51206907965416 5.2
      vertex 0.4304991646971239 -9.476108494548235 5.2
    endloop
  endfacet
  facet normal 0.06924768992706924 -0.49682536592012166 -0.8650834140232383
    outer loop
      vertex 0.49921459022344467 -10.988666197173705 6.074176300578035
      vertex 0.4304991646971239 -9.476108494548235 5.2
      vertex 0.4568486765010893 -9.472435890554372 5.2
    endloop
  endfacet
  facet normal 0.07567969826859695 -0.4951684161766341 -0.865494553934973
    outer loop
      vertex 0.8978949035586797 -10.963292604968789 6.091517341040463
      vertex 0.4568486765010893 -9.472435890554372 5.2
      vertex 0.7718505939424252 -9.424292169575436 5.2
    endloop
  endfacet
  facet normal 0.09971125235882808 -0.995016415016875 1.1071094418603808e-17
    outer loop
      vertex 0.8978949035586797 -10.963292604968789 6.091517341040463
      vertex 1.2953909617010546 -10.92345926235564 6.108858381502891
      vertex 1.2953909617010546 -10.92345926235564 6.483858381502891
    endloop
  endfacet
  facet normal 0.0872422526465261 -0.49398327515722545 -0.8650834140232377
    outer loop
      vertex 0.8978949035586797 -10.963292604968789 6.091517341040463
      vertex 0.7908749015434442 -9.42093229175442 5.2
      vertex 1.2953909617010546 -10.92345926235564 6.108858381502891
    endloop
  endfacet
  facet normal 0.1357755437875065 -0.9907396235687795 -8.236599540484022e-18
    outer loop
      vertex 1.2953909617010546 -10.92345926235564 6.108858381502891
      vertex 1.6911784975351958 -10.869218706488272 6.126199421965318
      vertex 1.6911784975351958 -10.869218706488272 6.501199421965318
    endloop
  endfacet
  facet normal 0.10512174945979808 -0.4904896579668229 -0.8650834140232376
    outer loop
      vertex 1.2953909617010546 -10.92345926235564 6.108858381502891
      vertex 1.1217760765060767 -9.357702271161049 5.2
      vertex 1.6911784975351958 -10.869218706488272 6.126199421965318
    endloop
  endfacet
  facet normal 0.08724225264652898 -0.4939832751572249 -0.8650834140232376
    outer loop
      vertex 0.8978949035586797 -10.963292604968789 6.091517341040463
      vertex 0.7718505939424252 -9.424292169575436 5.2
      vertex 0.7908749015434442 -9.42093229175442 5.2
    endloop
  endfacet
  facet normal 0.09360985381036142 -0.4920938654144196 -0.865494553934973
    outer loop
      vertex 1.2953909617010546 -10.92345926235564 6.108858381502891
      vertex 0.7908749015434442 -9.42093229175442 5.2
      vertex 1.1100100467154568 -9.36022396680885 5.2
    endloop
  endfacet
  facet normal 0.1051217494597972 -0.4904896579668229 -0.8650834140232379
    outer loop
      vertex 1.2953909617010546 -10.92345926235564 6.108858381502891
      vertex 1.1100100467154568 -9.36022396680885 5.2
      vertex 1.1217760765060767 -9.357702271161049 5.2
    endloop
  endfacet
  facet normal 0.11141654506355791 -0.4883702802126706 -0.865494553934973
    outer loop
      vertex 1.6911784975351958 -10.869218706488272 6.126199421965318
      vertex 1.1217760765060767 -9.357702271161049 5.2
      vertex 1.4445394151229567 -9.28406720875264 5.2
    endloop
  endfacet
  facet normal 0.12286259866827562 -0.48634912216470044 -0.8650834140232395
    outer loop
      vertex 1.6911784975351958 -10.869218706488272 6.126199421965318
      vertex 1.4445394151229567 -9.28406720875264 5.2
      vertex 1.4491425248572243 -9.282904360917344 5.2
    endloop
  endfacet
  facet normal -0.023913909337610603 -0.5010576930075934 0.865083414023238
    outer loop
      vertex 0.09987585075339053 -10.999546573129107 6.431835260115608
      vertex 0.49921459022344467 -10.988666197173705 6.449176300578035
      vertex 0.4255215475404887 -9.366541638004426 7.386676300578035
    endloop
  endfacet
  facet normal -0.005704230025621633 -0.5015956025940759 0.865083414023238
    outer loop
      vertex 0.49921459022344467 -10.988666197173705 6.449176300578035
      vertex 0.8978949035586797 -10.963292604968789 6.466517341040463
      vertex 0.7653494837159988 -9.344913643884974 7.404017341040463
    endloop
  endfacet
  facet normal -0.030469662787354065 -0.49999077667345726 0.865494553934973
    outer loop
      vertex 0.09987585075339053 -10.999546573129107 6.431835260115608
      vertex 0.4255215475404887 -9.366541638004426 7.386676300578035
      vertex 0.08513238075730768 -9.375815874985948 7.369335260115608
    endloop
  endfacet
  facet normal -0.012294401010506655 -0.5007674358549036 0.865494553934973
    outer loop
      vertex 0.49921459022344467 -10.988666197173705 6.449176300578035
      vertex 0.7653494837159988 -9.344913643884974 7.404017341040463
      vertex 0.4255215475404887 -9.366541638004426 7.386676300578035
    endloop
  endfacet
  facet normal 0.012512972732601001 -0.5014719456712338 0.8650834140232376
    outer loop
      vertex 0.8978949035586797 -10.963292604968789 6.466517341040463
      vertex 1.2953909617010546 -10.92345926235564 6.483858381502891
      vertex 1.1041679820420998 -9.310960418309435 7.421358381502891
    endloop
  endfacet
  facet normal 0.1357755437875065 -0.9907396235687795 0
    outer loop
      vertex 1.2953909617010546 -10.92345926235564 6.108858381502891
      vertex 1.6911784975351958 -10.869218706488272 6.501199421965318
      vertex 1.2953909617010546 -10.92345926235564 6.483858381502891
    endloop
  endfacet
  facet normal 0.030713671830014663 -0.5006868853331564 0.865083414023238
    outer loop
      vertex 1.2953909617010546 -10.92345926235564 6.483858381502891
      vertex 1.6911784975351958 -10.869218706488272 6.501199421965318
      vertex 1.441530166648921 -9.264726743003974 7.438699421965318
    endloop
  endfacet
  facet normal 0.005897076147654673 -0.5008836208160645 0.865494553934973
    outer loop
      vertex 0.8978949035586797 -10.963292604968789 6.466517341040463
      vertex 1.1041679820420998 -9.310960418309435 7.421358381502891
      vertex 0.7653494837159988 -9.344913643884974 7.404017341040463
    endloop
  endfacet
  facet normal 0.02408077551020483 -0.500339178317798 0.8654945539349732
    outer loop
      vertex 1.2953909617010546 -10.92345926235564 6.483858381502891
      vertex 1.441530166648921 -9.264726743003974 7.438699421965318
      vertex 1.1041679820420998 -9.310960418309435 7.421358381502891
    endloop
  endfacet
  facet normal 0.12286259866833621 -0.48634912216468823 -0.8650834140232377
    outer loop
      vertex 1.6911784975351958 -10.869218706488272 6.126199421965318
      vertex 1.4491425248572243 -9.282904360917344 5.2
      vertex 2.0847354973569123 -10.800642476540922 6.1435404624277465
    endloop
  endfacet
  facet normal 0.1716607575845323 -0.9851561217926348 -6.826563163562222e-18
    outer loop
      vertex 1.6911784975351958 -10.869218706488272 6.126199421965318
      vertex 2.0847354973569123 -10.800642476540922 6.1435404624277465
      vertex 2.0847354973569123 -10.800642476540922 6.5185404624277465
    endloop
  endfacet
  facet normal 0.1404414014392496 -0.48156712880311814 -0.8650834140232377
    outer loop
      vertex 2.0847354973569123 -10.800642476540922 6.1435404624277465
      vertex 1.7769910824337978 -9.206273596675404 5.2060404624277465
      vertex 2.4755428893696303 -10.717821019353302 6.160881502890174
    endloop
  endfacet
  facet normal 0.12907628635463475 -0.4840025716975051 -0.8654945539349729
    outer loop
      vertex 2.0847354973569123 -10.800642476540922 6.1435404624277465
      vertex 1.4491425248572243 -9.282904360917344 5.2
      vertex 1.7769910824337978 -9.206273596675404 5.2060404624277465
    endloop
  endfacet
  facet normal 0.14656578582589172 -0.47899650054477505 -0.8654945539349731
    outer loop
      vertex 2.4755428893696303 -10.717821019353302 6.160881502890174
      vertex 1.7769910824337978 -9.206273596675404 5.2060404624277465
      vertex 2.1101082819232615 -9.135678074584872 5.223381502890175
    endloop
  endfacet
  facet normal 0.20731956387799527 -0.978273273903278 -1.4575785030363018e-17
    outer loop
      vertex 2.0847354973569123 -10.800642476540922 6.1435404624277465
      vertex 2.4755428893696303 -10.717821019353302 6.160881502890174
      vertex 2.4755428893696303 -10.717821019353302 6.535881502890174
    endloop
  endfacet
  facet normal 0.24270493141027005 -0.9701001578544023 -1.3282115388142757e-17
    outer loop
      vertex 2.4755428893696303 -10.717821019353302 6.160881502890174
      vertex 2.8630852283006725 -10.620863570138093 6.178222543352602
      vertex 2.8630852283006725 -10.620863570138093 6.553222543352602
    endloop
  endfacet
  facet normal 0.1578349726665986 -0.47614998496821676 -0.8650834140232381
    outer loop
      vertex 2.4755428893696303 -10.717821019353302 6.160881502890174
      vertex 2.1101082819232615 -9.135678074584872 5.223381502890175
      vertex 2.8630852283006725 -10.620863570138093 6.178222543352602
    endloop
  endfacet
  facet normal 0.277770189568705 -0.9606475533654191 -1.0288811627321859e-17
    outer loop
      vertex 2.8630852283006725 -10.620863570138093 6.178222543352602
      vertex 3.246851375234434 -10.50989800840799 6.19556358381503
      vertex 3.246851375234434 -10.50989800840799 6.57056358381503
    endloop
  endfacet
  facet normal 0.16386197615564607 -0.4733586693821807 -0.865494553934973
    outer loop
      vertex 2.8630852283006725 -10.620863570138093 6.178222543352602
      vertex 2.1101082819232615 -9.135678074584872 5.223381502890175
      vertex 2.440442408827658 -9.053033286865091 5.240722543352601
    endloop
  endfacet
  facet normal 0.1809420449823208 -0.46709651408088915 -0.8654945539349728
    outer loop
      vertex 2.440442408827658 -9.053033286865091 5.240722543352601
      vertex 2.7675577775187308 -8.958448235715128 5.25806358381503
      vertex 3.246851375234434 -10.50989800840799 6.19556358381503
    endloop
  endfacet
  facet normal 0.1750203715507764 -0.47010483546133397 -0.8650834140232376
    outer loop
      vertex 2.8630852283006725 -10.620863570138093 6.178222543352602
      vertex 2.440442408827658 -9.053033286865091 5.240722543352601
      vertex 3.246851375234434 -10.50989800840799 6.19556358381503
    endloop
  endfacet
  facet normal 0.1716607575845323 -0.9851561217926348 0
    outer loop
      vertex 1.6911784975351958 -10.869218706488272 6.126199421965318
      vertex 2.0847354973569123 -10.800642476540922 6.5185404624277465
      vertex 1.6911784975351958 -10.869218706488272 6.501199421965318
    endloop
  endfacet
  facet normal 0.04887386192663109 -0.4992414570148157 0.8650834140232376
    outer loop
      vertex 1.6911784975351958 -10.869218706488272 6.501199421965318
      vertex 2.0847354973569123 -10.800642476540922 6.5185404624277465
      vertex 1.7769910824337978 -9.206273596675404 7.4560404624277465
    endloop
  endfacet
  facet normal 0.20731956387799527 -0.978273273903278 0
    outer loop
      vertex 2.0847354973569123 -10.800642476540922 6.1435404624277465
      vertex 2.4755428893696303 -10.717821019353302 6.535881502890174
      vertex 2.0847354973569123 -10.800642476540922 6.5185404624277465
    endloop
  endfacet
  facet normal 0.06696959111078742 -0.4971375671263973 0.865083414023238
    outer loop
      vertex 2.0847354973569123 -10.800642476540922 6.5185404624277465
      vertex 2.4755428893696303 -10.717821019353302 6.535881502890174
      vertex 2.1101082819232615 -9.135678074584872 7.473381502890174
    endloop
  endfacet
  facet normal 0.04223271415850495 -0.4991348264384165 0.8654945539349729
    outer loop
      vertex 1.6911784975351958 -10.869218706488272 6.501199421965318
      vertex 1.7769910824337978 -9.206273596675404 7.4560404624277465
      vertex 1.441530166648921 -9.264726743003974 7.438699421965318
    endloop
  endfacet
  facet normal 0.0603289510639364 -0.49727215362659033 0.8654945539349731
    outer loop
      vertex 2.0847354973569123 -10.800642476540922 6.5185404624277465
      vertex 2.1101082819232615 -9.135678074584872 7.473381502890174
      vertex 1.7769910824337978 -9.206273596675404 7.4560404624277465
    endloop
  endfacet
  facet normal 0.07834561866420539 -0.49475361660631156 0.865494553934973
    outer loop
      vertex 2.4755428893696303 -10.717821019353302 6.535881502890174
      vertex 2.440442408827658 -9.053033286865091 7.490722543352602
      vertex 2.1101082819232615 -9.135678074584872 7.473381502890174
    endloop
  endfacet
  facet normal 0.24270493141027005 -0.9701001578544023 0
    outer loop
      vertex 2.4755428893696303 -10.717821019353302 6.160881502890174
      vertex 2.8630852283006725 -10.620863570138093 6.553222543352602
      vertex 2.4755428893696303 -10.717821019353302 6.535881502890174
    endloop
  endfacet
  facet normal 0.277770189568705 -0.9606475533654191 0
    outer loop
      vertex 2.8630852283006725 -10.620863570138093 6.178222543352602
      vertex 3.246851375234434 -10.50989800840799 6.57056358381503
      vertex 2.8630852283006725 -10.620863570138093 6.553222543352602
    endloop
  endfacet
  facet normal 0.08497699248984435 -0.49437799053889947 0.8650834140232377
    outer loop
      vertex 2.4755428893696303 -10.717821019353302 6.535881502890174
      vertex 2.8630852283006725 -10.620863570138093 6.553222543352602
      vertex 2.440442408827658 -9.053033286865091 7.490722543352602
    endloop
  endfacet
  facet normal 0.10287231566884981 -0.4909663669242813 0.8650834140232376
    outer loop
      vertex 2.8630852283006725 -10.620863570138093 6.553222543352602
      vertex 3.246851375234434 -10.50989800840799 6.57056358381503
      vertex 2.7675577775187308 -8.958448235715128 7.50806358381503
    endloop
  endfacet
  facet normal 0.09625895434292 -0.491582537136654 0.865494553934973
    outer loop
      vertex 2.8630852283006725 -10.620863570138093 6.553222543352602
      vertex 2.7675577775187308 -8.958448235715128 7.50806358381503
      vertex 2.440442408827658 -9.053033286865091 7.490722543352602
    endloop
  endfacet
  facet normal 0.11404533177063576 -0.4877630976306304 0.8654945539349729
    outer loop
      vertex 2.7675577775187308 -8.958448235715128 7.50806358381503
      vertex 3.246851375234434 -10.50989800840799 6.57056358381503
      vertex 3.0910229476658775 -8.852047671634788 7.525404624277457
    endloop
  endfacet
  facet normal 0.027235874307217266 -0.999629034767759 -1.2463045690825917e-18
    outer loop
      vertex 0.09987585075339053 -10.999546573129107 9.056835260115609
      vertex 0.49921459022344467 -10.988666197173705 9.074176300578035
      vertex 0.49921459022344467 -10.988666197173705 9.449176300578035
    endloop
  endfacet
  facet normal 0.027235874307217273 -0.999629034767759 0
    outer loop
      vertex 0.09987585075339053 -10.999546573129107 9.056835260115609
      vertex 0.49921459022344467 -10.988666197173705 9.449176300578035
      vertex 0.09987585075339053 -10.999546573129107 9.431835260115609
    endloop
  endfacet
  facet normal 0.0635154493602373 -0.9979808553737727 -4.76009680136831e-18
    outer loop
      vertex 0.49921459022344467 -10.988666197173705 9.074176300578035
      vertex 0.8978949035586797 -10.963292604968789 9.091517341040463
      vertex 0.8978949035586797 -10.963292604968789 9.466517341040463
    endloop
  endfacet
  facet normal 0.0635154493602373 -0.9979808553737727 0
    outer loop
      vertex 0.49921459022344467 -10.988666197173705 9.074176300578035
      vertex 0.8978949035586797 -10.963292604968789 9.466517341040463
      vertex 0.49921459022344467 -10.988666197173705 9.449176300578035
    endloop
  endfacet
  facet normal 0.09971125235882808 -0.995016415016875 0
    outer loop
      vertex 0.8978949035586797 -10.963292604968789 9.091517341040463
      vertex 1.2953909617010546 -10.92345926235564 9.483858381502891
      vertex 0.8978949035586797 -10.963292604968789 9.466517341040463
    endloop
  endfacet
  facet normal 0.051161794763184616 -0.4990121817536214 -0.8650834140232379
    outer loop
      vertex 0.09987585075339053 -10.999546573129107 9.056835260115609
      vertex 0.08513238075730768 -9.375815874985948 8.119335260115609
      vertex 0.49921459022344467 -10.988666197173705 9.074176300578035
    endloop
  endfacet
  facet normal 0.06924768992707615 -0.4968253659201218 -0.8650834140232377
    outer loop
      vertex 0.49921459022344467 -10.988666197173705 9.074176300578035
      vertex 0.4255215475404887 -9.366541638004426 8.136676300578035
      vertex 0.8978949035586797 -10.963292604968789 9.091517341040463
    endloop
  endfacet
  facet normal 0.05764972695183557 -0.4975898774003354 -0.865494553934973
    outer loop
      vertex 0.49921459022344467 -10.988666197173705 9.074176300578035
      vertex 0.08513238075730768 -9.375815874985948 8.119335260115609
      vertex 0.4255215475404887 -9.366541638004426 8.136676300578035
    endloop
  endfacet
  facet normal 0.0756796982686017 -0.4951684161766333 -0.865494553934973
    outer loop
      vertex 0.8978949035586797 -10.963292604968789 9.091517341040463
      vertex 0.4255215475404887 -9.366541638004426 8.136676300578035
      vertex 0.7653494837159988 -9.344913643884974 8.154017341040463
    endloop
  endfacet
  facet normal 0.0872422526465261 -0.49398327515722523 -0.865083414023238
    outer loop
      vertex 0.8978949035586797 -10.963292604968789 9.091517341040463
      vertex 0.7653494837159988 -9.344913643884974 8.154017341040463
      vertex 1.2953909617010546 -10.92345926235564 9.108858381502891
    endloop
  endfacet
  facet normal 0.10512174945979617 -0.49048965796682314 -0.8650834140232379
    outer loop
      vertex 1.2953909617010546 -10.92345926235564 9.108858381502891
      vertex 1.1041679820420998 -9.310960418309435 8.171358381502891
      vertex 1.6911784975351958 -10.869218706488272 9.126199421965318
    endloop
  endfacet
  facet normal 0.09360985381036063 -0.49209386541441963 -0.8654945539349731
    outer loop
      vertex 1.2953909617010546 -10.92345926235564 9.108858381502891
      vertex 0.7653494837159988 -9.344913643884974 8.154017341040463
      vertex 1.1041679820420998 -9.310960418309435 8.171358381502891
    endloop
  endfacet
  facet normal 0.1114165450635554 -0.48837028021267104 -0.8654945539349731
    outer loop
      vertex 1.6911784975351958 -10.869218706488272 9.126199421965318
      vertex 1.1041679820420998 -9.310960418309435 8.171358381502891
      vertex 1.441530166648921 -9.264726743003974 8.188699421965318
    endloop
  endfacet
  facet normal -0.023913909337608685 -0.5010576930075934 0.8650834140232381
    outer loop
      vertex 0.09987585075339053 -10.999546573129107 9.431835260115609
      vertex 0.49921459022344467 -10.988666197173705 9.449176300578035
      vertex 0.4255215475404887 -9.366541638004426 10.386676300578035
    endloop
  endfacet
  facet normal -0.005704230025621633 -0.5015956025940759 0.865083414023238
    outer loop
      vertex 0.49921459022344467 -10.988666197173705 9.449176300578035
      vertex 0.8978949035586797 -10.963292604968789 9.466517341040463
      vertex 0.7653494837159988 -9.344913643884974 10.404017341040463
    endloop
  endfacet
  facet normal -0.030469662787351637 -0.4999907766734573 0.8654945539349731
    outer loop
      vertex 0.09987585075339053 -10.999546573129107 9.431835260115609
      vertex 0.4255215475404887 -9.366541638004426 10.386676300578035
      vertex 0.08513238075730768 -9.375815874985948 10.369335260115609
    endloop
  endfacet
  facet normal -0.012294401010506655 -0.5007674358549036 0.865494553934973
    outer loop
      vertex 0.49921459022344467 -10.988666197173705 9.449176300578035
      vertex 0.7653494837159988 -9.344913643884974 10.404017341040463
      vertex 0.4255215475404887 -9.366541638004426 10.386676300578035
    endloop
  endfacet
  facet normal 0.09971125235882808 -0.995016415016875 1.1071094418603808e-17
    outer loop
      vertex 0.8978949035586797 -10.963292604968789 9.091517341040463
      vertex 1.2953909617010546 -10.92345926235564 9.108858381502891
      vertex 1.2953909617010546 -10.92345926235564 9.483858381502891
    endloop
  endfacet
  facet normal 0.1357755437875065 -0.9907396235687795 -8.236599540484022e-18
    outer loop
      vertex 1.2953909617010546 -10.92345926235564 9.108858381502891
      vertex 1.6911784975351958 -10.869218706488272 9.126199421965318
      vertex 1.6911784975351958 -10.869218706488272 9.501199421965318
    endloop
  endfacet
  facet normal 0.1357755437875065 -0.9907396235687795 0
    outer loop
      vertex 1.2953909617010546 -10.92345926235564 9.108858381502891
      vertex 1.6911784975351958 -10.869218706488272 9.501199421965318
      vertex 1.2953909617010546 -10.92345926235564 9.483858381502891
    endloop
  endfacet
  facet normal 0.012512972732601001 -0.5014719456712338 0.8650834140232376
    outer loop
      vertex 0.8978949035586797 -10.963292604968789 9.466517341040463
      vertex 1.2953909617010546 -10.92345926235564 9.483858381502891
      vertex 1.1041679820420998 -9.310960418309435 10.421358381502891
    endloop
  endfacet
  facet normal 0.030713671830016567 -0.5006868853331561 0.8650834140232381
    outer loop
      vertex 1.2953909617010546 -10.92345926235564 9.483858381502891
      vertex 1.6911784975351958 -10.869218706488272 9.501199421965318
      vertex 1.441530166648921 -9.264726743003974 10.438699421965318
    endloop
  endfacet
  facet normal 0.005897076147654673 -0.5008836208160645 0.865494553934973
    outer loop
      vertex 0.8978949035586797 -10.963292604968789 9.466517341040463
      vertex 1.1041679820420998 -9.310960418309435 10.421358381502891
      vertex 0.7653494837159988 -9.344913643884974 10.404017341040463
    endloop
  endfacet
  facet normal 0.024080775510206914 -0.5003391783177977 0.8654945539349732
    outer loop
      vertex 1.2953909617010546 -10.92345926235564 9.483858381502891
      vertex 1.441530166648921 -9.264726743003974 10.438699421965318
      vertex 1.1041679820420998 -9.310960418309435 10.421358381502891
    endloop
  endfacet
  facet normal 0.12286259866833997 -0.4863491221646874 -0.8650834140232376
    outer loop
      vertex 1.6911784975351958 -10.869218706488272 9.126199421965318
      vertex 1.441530166648921 -9.264726743003974 8.188699421965318
      vertex 2.0847354973569123 -10.800642476540922 9.143540462427747
    endloop
  endfacet
  facet normal 0.14044140143924772 -0.48156712880311847 -0.8650834140232377
    outer loop
      vertex 2.0847354973569123 -10.800642476540922 9.143540462427747
      vertex 1.7769910824337978 -9.206273596675404 8.206040462427747
      vertex 2.4755428893696303 -10.717821019353302 9.160881502890174
    endloop
  endfacet
  facet normal 0.12907628635463803 -0.4840025716975045 -0.8654945539349727
    outer loop
      vertex 2.0847354973569123 -10.800642476540922 9.143540462427747
      vertex 1.441530166648921 -9.264726743003974 8.188699421965318
      vertex 1.7769910824337978 -9.206273596675404 8.206040462427747
    endloop
  endfacet
  facet normal 0.1465657858258875 -0.47899650054477655 -0.865494553934973
    outer loop
      vertex 2.4755428893696303 -10.717821019353302 9.160881502890174
      vertex 1.7769910824337978 -9.206273596675404 8.206040462427747
      vertex 2.1101082819232615 -9.135678074584872 8.223381502890174
    endloop
  endfacet
  facet normal 0.15783497266659868 -0.47614998496821714 -0.8650834140232377
    outer loop
      vertex 2.4755428893696303 -10.717821019353302 9.160881502890174
      vertex 2.1101082819232615 -9.135678074584872 8.223381502890174
      vertex 2.8630852283006725 -10.620863570138093 9.178222543352602
    endloop
  endfacet
  facet normal 0.16386197615565026 -0.47335866938217913 -0.8654945539349732
    outer loop
      vertex 2.8630852283006725 -10.620863570138093 9.178222543352602
      vertex 2.1101082819232615 -9.135678074584872 8.223381502890174
      vertex 2.440442408827658 -9.053033286865091 8.240722543352602
    endloop
  endfacet
  facet normal 0.17502037155077635 -0.4701048354613336 -0.8650834140232379
    outer loop
      vertex 2.8630852283006725 -10.620863570138093 9.178222543352602
      vertex 2.440442408827658 -9.053033286865091 8.240722543352602
      vertex 3.246851375234434 -10.50989800840799 9.19556358381503
    endloop
  endfacet
  facet normal 0.1809420449823187 -0.4670965140808898 -0.8654945539349729
    outer loop
      vertex 2.440442408827658 -9.053033286865091 8.240722543352602
      vertex 2.7675577775187308 -8.958448235715128 8.25806358381503
      vertex 3.246851375234434 -10.50989800840799 9.19556358381503
    endloop
  endfacet
  facet normal 0.1716607575845323 -0.9851561217926348 0
    outer loop
      vertex 1.6911784975351958 -10.869218706488272 9.126199421965318
      vertex 2.0847354973569123 -10.800642476540922 9.518540462427747
      vertex 1.6911784975351958 -10.869218706488272 9.501199421965318
    endloop
  endfacet
  facet normal 0.1716607575845323 -0.9851561217926348 -6.826563163562222e-18
    outer loop
      vertex 1.6911784975351958 -10.869218706488272 9.126199421965318
      vertex 2.0847354973569123 -10.800642476540922 9.143540462427747
      vertex 2.0847354973569123 -10.800642476540922 9.518540462427747
    endloop
  endfacet
  facet normal 0.20731956387799527 -0.978273273903278 0
    outer loop
      vertex 2.0847354973569123 -10.800642476540922 9.143540462427747
      vertex 2.4755428893696303 -10.717821019353302 9.535881502890174
      vertex 2.0847354973569123 -10.800642476540922 9.518540462427747
    endloop
  endfacet
  facet normal 0.04887386192662729 -0.49924145701481637 0.8650834140232375
    outer loop
      vertex 1.6911784975351958 -10.869218706488272 9.501199421965318
      vertex 2.0847354973569123 -10.800642476540922 9.518540462427747
      vertex 1.7769910824337978 -9.206273596675404 10.456040462427747
    endloop
  endfacet
  facet normal 0.06696959111078929 -0.49713756712639684 0.865083414023238
    outer loop
      vertex 2.0847354973569123 -10.800642476540922 9.518540462427747
      vertex 2.4755428893696303 -10.717821019353302 9.535881502890174
      vertex 2.1101082819232615 -9.135678074584872 10.473381502890174
    endloop
  endfacet
  facet normal 0.042232714158500426 -0.4991348264384171 0.8654945539349728
    outer loop
      vertex 1.6911784975351958 -10.869218706488272 9.501199421965318
      vertex 1.7769910824337978 -9.206273596675404 10.456040462427747
      vertex 1.441530166648921 -9.264726743003974 10.438699421965318
    endloop
  endfacet
  facet normal 0.060328951063938825 -0.49727215362659 0.8654945539349731
    outer loop
      vertex 2.0847354973569123 -10.800642476540922 9.518540462427747
      vertex 2.1101082819232615 -9.135678074584872 10.473381502890174
      vertex 1.7769910824337978 -9.206273596675404 10.456040462427747
    endloop
  endfacet
  facet normal 0.07834561866420539 -0.49475361660631156 0.865494553934973
    outer loop
      vertex 2.4755428893696303 -10.717821019353302 9.535881502890174
      vertex 2.440442408827658 -9.053033286865091 10.490722543352602
      vertex 2.1101082819232615 -9.135678074584872 10.473381502890174
    endloop
  endfacet
  facet normal 0.20731956387799527 -0.978273273903278 -1.4575785030363018e-17
    outer loop
      vertex 2.0847354973569123 -10.800642476540922 9.143540462427747
      vertex 2.4755428893696303 -10.717821019353302 9.160881502890174
      vertex 2.4755428893696303 -10.717821019353302 9.535881502890174
    endloop
  endfacet
  facet normal 0.24270493141027005 -0.9701001578544023 0
    outer loop
      vertex 2.4755428893696303 -10.717821019353302 9.160881502890174
      vertex 2.8630852283006725 -10.620863570138093 9.553222543352602
      vertex 2.4755428893696303 -10.717821019353302 9.535881502890174
    endloop
  endfacet
  facet normal 0.24270493141027005 -0.9701001578544023 -1.3282115388142757e-17
    outer loop
      vertex 2.4755428893696303 -10.717821019353302 9.160881502890174
      vertex 2.8630852283006725 -10.620863570138093 9.178222543352602
      vertex 2.8630852283006725 -10.620863570138093 9.553222543352602
    endloop
  endfacet
  facet normal 0.277770189568705 -0.9606475533654191 0
    outer loop
      vertex 2.8630852283006725 -10.620863570138093 9.178222543352602
      vertex 3.246851375234434 -10.50989800840799 9.57056358381503
      vertex 2.8630852283006725 -10.620863570138093 9.553222543352602
    endloop
  endfacet
  facet normal 0.277770189568705 -0.9606475533654191 -1.0288811627321859e-17
    outer loop
      vertex 2.8630852283006725 -10.620863570138093 9.178222543352602
      vertex 3.246851375234434 -10.50989800840799 9.19556358381503
      vertex 3.246851375234434 -10.50989800840799 9.57056358381503
    endloop
  endfacet
  facet normal 0.08497699248984435 -0.49437799053889947 0.8650834140232377
    outer loop
      vertex 2.4755428893696303 -10.717821019353302 9.535881502890174
      vertex 2.8630852283006725 -10.620863570138093 9.553222543352602
      vertex 2.440442408827658 -9.053033286865091 10.490722543352602
    endloop
  endfacet
  facet normal 0.09625895434292 -0.491582537136654 0.865494553934973
    outer loop
      vertex 2.8630852283006725 -10.620863570138093 9.553222543352602
      vertex 2.7675577775187308 -8.958448235715128 10.50806358381503
      vertex 2.440442408827658 -9.053033286865091 10.490722543352602
    endloop
  endfacet
  facet normal 0.10287231566884981 -0.4909663669242813 0.8650834140232376
    outer loop
      vertex 2.8630852283006725 -10.620863570138093 9.553222543352602
      vertex 3.246851375234434 -10.50989800840799 9.57056358381503
      vertex 2.7675577775187308 -8.958448235715128 10.50806358381503
    endloop
  endfacet
  facet normal 0.1140453317706379 -0.4877630976306298 0.8654945539349729
    outer loop
      vertex 3.246851375234434 -10.50989800840799 9.57056358381503
      vertex 3.0910229476658775 -8.852047671634788 10.525404624277456
      vertex 2.7675577775187308 -8.958448235715128 10.50806358381503
    endloop
  endfacet
  facet normal 0.027235874307220558 -0.9996290347677588 -7.614937143927274e-19
    outer loop
      vertex 0.08513238075730768 -9.375815874985948 7.369335260115608
      vertex 0.4255215475404887 -9.366541638004426 7.386676300578035
      vertex 0.4255215475404887 -9.366541638004426 8.136676300578035
    endloop
  endfacet
  facet normal 0.06351544936023797 -0.9979808553737727 1.660424093986982e-18
    outer loop
      vertex 0.4255215475404887 -9.366541638004426 7.386676300578035
      vertex 0.7653494837159988 -9.344913643884974 7.404017341040463
      vertex 0.7653494837159988 -9.344913643884974 8.154017341040463
    endloop
  endfacet
  facet normal 0.09971125235882544 -0.9950164150168753 5.054724937574334e-19
    outer loop
      vertex 0.7653494837159988 -9.344913643884974 7.404017341040463
      vertex 1.1041679820420998 -9.310960418309435 7.421358381502891
      vertex 1.1041679820420998 -9.310960418309435 8.171358381502891
    endloop
  endfacet
  facet normal 0.13577554378750853 -0.9907396235687792 -8.715539259089477e-19
    outer loop
      vertex 1.1041679820420998 -9.310960418309435 7.421358381502891
      vertex 1.441530166648921 -9.264726743003974 7.438699421965318
      vertex 1.441530166648921 -9.264726743003974 8.188699421965318
    endloop
  endfacet
  facet normal 0.1290762863546416 -0.4840025716975358 -0.8654945539349549
    outer loop
      vertex 1.4491425248572243 -9.282904360917344 5.2
      vertex 1.660138863435394 -9.226634775979857 5.2
      vertex 1.7769910824337978 -9.206273596675404 5.2060404624277465
    endloop
  endfacet
  facet normal 0.17166075758453272 -0.9851561217926346 -1.106989278738408e-16
    outer loop
      vertex 1.660138863435394 -9.226634775979857 5.2
      vertex 1.7769910824337978 -9.206273596675404 5.2
      vertex 1.7769910824337978 -9.206273596675404 5.2060404624277465
    endloop
  endfacet
  facet normal 0.20731956387799763 -0.9782732739032773 0
    outer loop
      vertex 1.7769910824337978 -9.206273596675404 5.2060404624277465
      vertex 1.7769910824337978 -9.206273596675404 5.2
      vertex 2.1101082819232615 -9.135678074584872 5.2
    endloop
  endfacet
  facet normal 0.20731956387799758 -0.9782732739032773 1.9721102257017915e-16
    outer loop
      vertex 1.7769910824337978 -9.206273596675404 5.2060404624277465
      vertex 2.1101082819232615 -9.135678074584872 5.2
      vertex 2.1101082819232615 -9.135678074584872 5.223381502890175
    endloop
  endfacet
  facet normal 0.24270493141027075 -0.9701001578544021 0
    outer loop
      vertex 2.1101082819232615 -9.135678074584872 5.2
      vertex 2.440442408827658 -9.053033286865091 5.2
      vertex 2.1101082819232615 -9.135678074584872 5.223381502890175
    endloop
  endfacet
  facet normal 0.24270493141027075 -0.970100157854402 -3.9298211220346374e-17
    outer loop
      vertex 2.1101082819232615 -9.135678074584872 5.223381502890175
      vertex 2.440442408827658 -9.053033286865091 5.2
      vertex 2.440442408827658 -9.053033286865091 5.240722543352601
    endloop
  endfacet
  facet normal 0.27777018956870136 -0.9606475533654202 0
    outer loop
      vertex 2.440442408827658 -9.053033286865091 5.2
      vertex 2.7675577775187308 -8.958448235715128 5.2
      vertex 2.440442408827658 -9.053033286865091 5.240722543352601
    endloop
  endfacet
  facet normal 0.27777018956870136 -0.9606475533654201 7.167933234540134e-17
    outer loop
      vertex 2.440442408827658 -9.053033286865091 5.240722543352601
      vertex 2.7675577775187308 -8.958448235715128 5.2
      vertex 2.7675577775187308 -8.958448235715128 5.25806358381503
    endloop
  endfacet
  facet normal 0.3124690899405893 -0.9499279277038337 0
    outer loop
      vertex 2.7675577775187308 -8.958448235715128 5.2
      vertex 3.0910229476658775 -8.852047671634788 5.2
      vertex 2.7675577775187308 -8.958448235715128 5.25806358381503
    endloop
  endfacet
  facet normal 0.31246908994058925 -0.9499279277038336 4.445773642629226e-17
    outer loop
      vertex 2.7675577775187308 -8.958448235715128 5.25806358381503
      vertex 3.0910229476658775 -8.852047671634788 5.2
      vertex 3.0910229476658775 -8.852047671634788 5.275404624277457
    endloop
  endfacet
  facet normal 0.17166075758452987 -0.9851561217926351 4.138021279149785e-18
    outer loop
      vertex 1.441530166648921 -9.264726743003974 7.438699421965318
      vertex 1.7769910824337978 -9.206273596675404 7.4560404624277465
      vertex 1.7769910824337978 -9.206273596675404 8.206040462427747
    endloop
  endfacet
  facet normal 0.027235874307220558 -0.9996290347677588 0
    outer loop
      vertex 0.08513238075730768 -9.375815874985948 7.369335260115608
      vertex 0.4255215475404887 -9.366541638004426 8.136676300578035
      vertex 0.08513238075730768 -9.375815874985948 8.119335260115609
    endloop
  endfacet
  facet normal 0.06351544936023797 -0.9979808553737727 0
    outer loop
      vertex 0.4255215475404887 -9.366541638004426 7.386676300578035
      vertex 0.7653494837159988 -9.344913643884974 8.154017341040463
      vertex 0.4255215475404887 -9.366541638004426 8.136676300578035
    endloop
  endfacet
  facet normal 0.09971125235882546 -0.9950164150168753 0
    outer loop
      vertex 0.7653494837159988 -9.344913643884974 7.404017341040463
      vertex 1.1041679820420998 -9.310960418309435 8.171358381502891
      vertex 0.7653494837159988 -9.344913643884974 8.154017341040463
    endloop
  endfacet
  facet normal 0.13577554378750856 -0.9907396235687792 0
    outer loop
      vertex 1.1041679820420998 -9.310960418309435 7.421358381502891
      vertex 1.441530166648921 -9.264726743003974 8.188699421965318
      vertex 1.1041679820420998 -9.310960418309435 8.171358381502891
    endloop
  endfacet
  facet normal 0.17166075758452984 -0.9851561217926351 0
    outer loop
      vertex 1.441530166648921 -9.264726743003974 7.438699421965318
      vertex 1.7769910824337978 -9.206273596675404 8.206040462427747
      vertex 1.441530166648921 -9.264726743003974 8.188699421965318
    endloop
  endfacet
  facet normal 0.20731956387799763 -0.9782732739032775 0
    outer loop
      vertex 1.7769910824337978 -9.206273596675404 7.4560404624277465
      vertex 2.1101082819232615 -9.135678074584872 8.223381502890174
      vertex 1.7769910824337978 -9.206273596675404 8.206040462427747
    endloop
  endfacet
  facet normal 0.2073195638779976 -0.9782732739032775 6.1481201255985475e-18
    outer loop
      vertex 1.7769910824337978 -9.206273596675404 7.4560404624277465
      vertex 2.1101082819232615 -9.135678074584872 7.473381502890174
      vertex 2.1101082819232615 -9.135678074584872 8.223381502890174
    endloop
  endfacet
  facet normal 0.24270493141027075 -0.9701001578544021 -2.1337641468002934e-18
    outer loop
      vertex 2.1101082819232615 -9.135678074584872 7.473381502890174
      vertex 2.440442408827658 -9.053033286865091 7.490722543352602
      vertex 2.440442408827658 -9.053033286865091 8.240722543352602
    endloop
  endfacet
  facet normal 0.24270493141027075 -0.9701001578544021 0
    outer loop
      vertex 2.1101082819232615 -9.135678074584872 7.473381502890174
      vertex 2.440442408827658 -9.053033286865091 8.240722543352602
      vertex 2.1101082819232615 -9.135678074584872 8.223381502890174
    endloop
  endfacet
  facet normal 0.27777018956870136 -0.9606475533654202 5.5492785619234555e-18
    outer loop
      vertex 2.440442408827658 -9.053033286865091 7.490722543352602
      vertex 2.7675577775187308 -8.958448235715128 7.50806358381503
      vertex 2.7675577775187308 -8.958448235715128 8.25806358381503
    endloop
  endfacet
  facet normal 0.27777018956870136 -0.9606475533654202 0
    outer loop
      vertex 2.440442408827658 -9.053033286865091 7.490722543352602
      vertex 2.7675577775187308 -8.958448235715128 8.25806358381503
      vertex 2.440442408827658 -9.053033286865091 8.240722543352602
    endloop
  endfacet
  facet normal 0.3124690899405893 -0.9499279277038336 0
    outer loop
      vertex 2.7675577775187308 -8.958448235715128 7.50806358381503
      vertex 3.0910229476658775 -8.852047671634788 8.275404624277456
      vertex 2.7675577775187308 -8.958448235715128 8.25806358381503
    endloop
  endfacet
  facet normal 0.31246908994058925 -0.9499279277038336 4.469758548601053e-18
    outer loop
      vertex 2.7675577775187308 -8.958448235715128 7.50806358381503
      vertex 3.0910229476658775 -8.852047671634788 7.525404624277457
      vertex 3.0910229476658775 -8.852047671634788 8.275404624277456
    endloop
  endfacet
  facet normal 0.3124690899405878 -0.9499279277038342 1.1157774719582333e-17
    outer loop
      vertex 3.246851375234434 -10.50989800840799 6.19556358381503
      vertex 3.6263351717657955 -10.385070689312343 6.212904624277457
      vertex 3.6263351717657955 -10.385070689312343 6.587904624277457
    endloop
  endfacet
  facet normal 0.19778346499215066 -0.46021829394820984 -0.8654945539349731
    outer loop
      vertex 2.7675577775187308 -8.958448235715128 5.25806358381503
      vertex 3.0910229476658775 -8.852047671634788 5.275404624277457
      vertex 3.6263351717657955 -10.385070689312343 6.212904624277457
    endloop
  endfacet
  facet normal 0.19197493185568573 -0.4634396533756085 -0.8650834140232379
    outer loop
      vertex 2.7675577775187308 -8.958448235715128 5.25806358381503
      vertex 3.6263351717657955 -10.385070689312343 6.212904624277457
      vertex 3.246851375234434 -10.50989800840799 6.19556358381503
    endloop
  endfacet
  facet normal 0.2086762918038028 -0.45616322958006333 -0.8650834140232377
    outer loop
      vertex 3.0910229476658775 -8.852047671634788 5.275404624277457
      vertex 4.001036107584622 -10.246546250605816 6.230245664739885
      vertex 3.6263351717657955 -10.385070689312343 6.212904624277457
    endloop
  endfacet
  facet normal 0.22510242356962448 -0.44828516112512645 -0.8650834140232379
    outer loop
      vertex 4.001036107584622 -10.246546250605816 6.230245664739885
      vertex 3.410411293273186 -8.733971928888174 5.292745664739885
      vertex 4.370459980610854 -10.094507395503703 6.247586705202313
    endloop
  endfacet
  facet normal 0.24123166233273294 -0.4398158385848391 -0.8650834140232381
    outer loop
      vertex 4.370459980610854 -10.094507395503703 6.247586705202313
      vertex 3.7253015653667214 -8.604376740413459 5.3100867052023135
      vertex 4.734119548809524 -9.929154651710261 6.264927745664741
    endloop
  endfacet
  facet normal 0.2570427348520344 -0.4307664323524829 -0.8650834140232377
    outer loop
      vertex 4.734119548809524 -9.929154651710261 6.264927745664741
      vertex 4.0352784475899375 -8.463433032422957 5.32742774566474
      vertex 5.091535172825996 -9.750706106937885 6.282268786127168
    endloop
  endfacet
  facet normal 0.3124690899405878 -0.9499279277038342 0
    outer loop
      vertex 3.246851375234434 -10.50989800840799 6.19556358381503
      vertex 3.6263351717657955 -10.385070689312343 6.587904624277457
      vertex 3.246851375234434 -10.50989800840799 6.57056358381503
    endloop
  endfacet
  facet normal 0.346755867311329 -0.9379554192418571 0
    outer loop
      vertex 3.6263351717657955 -10.385070689312343 6.212904624277457
      vertex 4.001036107584622 -10.246546250605816 6.605245664739885
      vertex 3.6263351717657955 -10.385070689312343 6.587904624277457
    endloop
  endfacet
  facet normal 0.346755867311329 -0.9379554192418571 -8.715861087883805e-18
    outer loop
      vertex 3.6263351717657955 -10.385070689312343 6.212904624277457
      vertex 4.001036107584622 -10.246546250605816 6.230245664739885
      vertex 4.001036107584622 -10.246546250605816 6.605245664739885
    endloop
  endfacet
  facet normal 0.12063195807547218 -0.4869071959550167 0.8650834140232377
    outer loop
      vertex 3.0910229476658775 -8.852047671634788 7.525404624277457
      vertex 3.246851375234434 -10.50989800840799 6.57056358381503
      vertex 3.6263351717657955 -10.385070689312343 6.587904624277457
    endloop
  endfacet
  facet normal 0.13823249609002164 -0.482205831369366 0.865083414023238
    outer loop
      vertex 3.6263351717657955 -10.385070689312343 6.587904624277457
      vertex 4.001036107584622 -10.246546250605816 6.605245664739885
      vertex 3.410411293273186 -8.733971928888174 7.542745664739885
    endloop
  endfacet
  facet normal 0.38058530002526103 -0.9247458188089753 0
    outer loop
      vertex 4.001036107584622 -10.246546250605816 6.230245664739885
      vertex 4.370459980610854 -10.094507395503703 6.622586705202313
      vertex 4.001036107584622 -10.246546250605816 6.605245664739885
    endloop
  endfacet
  facet normal 0.38058530002526103 -0.9247458188089753 -1.7447991940148007e-17
    outer loop
      vertex 4.001036107584622 -10.246546250605816 6.230245664739885
      vertex 4.370459980610854 -10.094507395503703 6.247586705202313
      vertex 4.370459980610854 -10.094507395503703 6.622586705202313
    endloop
  endfacet
  facet normal 0.15565071593942192 -0.4768684739102015 0.865083414023238
    outer loop
      vertex 4.001036107584622 -10.246546250605816 6.605245664739885
      vertex 4.370459980610854 -10.094507395503703 6.622586705202313
      vertex 3.7253015653667214 -8.604376740413459 7.560086705202313
    endloop
  endfacet
  facet normal 0.413912769629588 -0.9103165488650437 0
    outer loop
      vertex 4.370459980610854 -10.094507395503703 6.247586705202313
      vertex 4.734119548809524 -9.929154651710261 6.639927745664741
      vertex 4.370459980610854 -10.094507395503703 6.622586705202313
    endloop
  endfacet
  facet normal 0.413912769629588 -0.9103165488650437 -1.255685496589849e-17
    outer loop
      vertex 4.370459980610854 -10.094507395503703 6.247586705202313
      vertex 4.734119548809524 -9.929154651710261 6.264927745664741
      vertex 4.734119548809524 -9.929154651710261 6.639927745664741
    endloop
  endfacet
  facet normal 0.17286364431439669 -0.47090216314670413 0.8650834140232379
    outer loop
      vertex 4.370459980610854 -10.094507395503703 6.622586705202313
      vertex 4.734119548809524 -9.929154651710261 6.639927745664741
      vertex 4.0352784475899375 -8.463433032422957 7.577427745664741
    endloop
  endfacet
  facet normal 0.44669431972276286 -0.8946866405213716 0
    outer loop
      vertex 4.734119548809524 -9.929154651710261 6.264927745664741
      vertex 5.091535172825996 -9.750706106937885 6.657268786127168
      vertex 4.734119548809524 -9.929154651710261 6.639927745664741
    endloop
  endfacet
  facet normal 0.44669431972276286 -0.8946866405213716 2.1664111545906927e-17
    outer loop
      vertex 4.734119548809524 -9.929154651710261 6.264927745664741
      vertex 5.091535172825996 -9.750706106937885 6.282268786127168
      vertex 5.091535172825996 -9.750706106937885 6.657268786127168
    endloop
  endfacet
  facet normal 0.47888671392958715 -0.8778767084401555 0
    outer loop
      vertex 5.091535172825996 -9.750706106937885 6.282268786127168
      vertex 5.442235448593855 -9.559397121265988 6.674609826589596
      vertex 5.091535172825996 -9.750706106937885 6.657268786127168
    endloop
  endfacet
  facet normal 0.47888671392958715 -0.8778767084401555 -2.3737157828489568e-17
    outer loop
      vertex 5.091535172825996 -9.750706106937885 6.282268786127168
      vertex 5.442235448593855 -9.559397121265988 6.299609826589596
      vertex 5.442235448593855 -9.559397121265988 6.674609826589596
    endloop
  endfacet
  facet normal 0.510447492926752 -0.8599089236452854 0
    outer loop
      vertex 5.442235448593855 -9.559397121265988 6.299609826589596
      vertex 5.785757829081063 -9.355480016718928 6.691950867052023
      vertex 5.442235448593855 -9.559397121265988 6.674609826589596
    endloop
  endfacet
  facet normal 0.510447492926752 -0.8599089236452854 2.480646203082531e-17
    outer loop
      vertex 5.442235448593855 -9.559397121265988 6.299609826589596
      vertex 5.785757829081063 -9.355480016718928 6.316950867052023
      vertex 5.785757829081063 -9.355480016718928 6.691950867052023
    endloop
  endfacet
  facet normal 0.19197493185568393 -0.4634396533756091 -0.8650834140232379
    outer loop
      vertex 2.7675577775187308 -8.958448235715128 8.25806358381503
      vertex 3.6263351717657955 -10.385070689312343 9.212904624277456
      vertex 3.246851375234434 -10.50989800840799 9.19556358381503
    endloop
  endfacet
  facet normal 0.19778346499214852 -0.46021829394821057 -0.8654945539349731
    outer loop
      vertex 2.7675577775187308 -8.958448235715128 8.25806358381503
      vertex 3.0910229476658775 -8.852047671634788 8.275404624277456
      vertex 3.6263351717657955 -10.385070689312343 9.212904624277456
    endloop
  endfacet
  facet normal 0.20867629180380656 -0.45616322958006195 -0.8650834140232375
    outer loop
      vertex 3.0910229476658775 -8.852047671634788 8.275404624277456
      vertex 4.001036107584622 -10.246546250605816 9.230245664739886
      vertex 3.6263351717657955 -10.385070689312343 9.212904624277456
    endloop
  endfacet
  facet normal 0.22510242356962268 -0.4482851611251272 -0.8650834140232379
    outer loop
      vertex 4.001036107584622 -10.246546250605816 9.230245664739886
      vertex 3.410411293273186 -8.733971928888174 8.292745664739886
      vertex 4.370459980610854 -10.094507395503703 9.247586705202313
    endloop
  endfacet
  facet normal 0.24123166233273305 -0.43981583858483936 -0.8650834140232379
    outer loop
      vertex 4.370459980610854 -10.094507395503703 9.247586705202313
      vertex 3.7253015653667214 -8.604376740413459 8.310086705202313
      vertex 4.734119548809524 -9.929154651710261 9.26492774566474
    endloop
  endfacet
  facet normal 0.25704273485203594 -0.4307664323524817 -0.8650834140232379
    outer loop
      vertex 4.734119548809524 -9.929154651710261 9.26492774566474
      vertex 4.0352784475899375 -8.463433032422957 8.32742774566474
      vertex 5.091535172825996 -9.750706106937885 9.282268786127169
    endloop
  endfacet
  facet normal 0.3124690899405878 -0.9499279277038342 1.1157774719582333e-17
    outer loop
      vertex 3.246851375234434 -10.50989800840799 9.19556358381503
      vertex 3.6263351717657955 -10.385070689312343 9.212904624277456
      vertex 3.6263351717657955 -10.385070689312343 9.587904624277456
    endloop
  endfacet
  facet normal 0.3124690899405878 -0.9499279277038342 0
    outer loop
      vertex 3.246851375234434 -10.50989800840799 9.19556358381503
      vertex 3.6263351717657955 -10.385070689312343 9.587904624277456
      vertex 3.246851375234434 -10.50989800840799 9.57056358381503
    endloop
  endfacet
  facet normal 0.346755867311329 -0.9379554192418571 -8.715861087883805e-18
    outer loop
      vertex 3.6263351717657955 -10.385070689312343 9.212904624277456
      vertex 4.001036107584622 -10.246546250605816 9.230245664739886
      vertex 4.001036107584622 -10.246546250605816 9.605245664739886
    endloop
  endfacet
  facet normal 0.346755867311329 -0.9379554192418571 0
    outer loop
      vertex 3.6263351717657955 -10.385070689312343 9.212904624277456
      vertex 4.001036107584622 -10.246546250605816 9.605245664739886
      vertex 3.6263351717657955 -10.385070689312343 9.587904624277456
    endloop
  endfacet
  facet normal 0.1206319580754739 -0.486907195955016 0.8650834140232379
    outer loop
      vertex 3.246851375234434 -10.50989800840799 9.57056358381503
      vertex 3.6263351717657955 -10.385070689312343 9.587904624277456
      vertex 3.0910229476658775 -8.852047671634788 10.525404624277456
    endloop
  endfacet
  facet normal 0.138232496090018 -0.48220583136936723 0.8650834140232377
    outer loop
      vertex 3.6263351717657955 -10.385070689312343 9.587904624277456
      vertex 4.001036107584622 -10.246546250605816 9.605245664739886
      vertex 3.410411293273186 -8.733971928888174 10.542745664739886
    endloop
  endfacet
  facet normal 0.38058530002526103 -0.9247458188089753 0
    outer loop
      vertex 4.001036107584622 -10.246546250605816 9.230245664739886
      vertex 4.370459980610854 -10.094507395503703 9.622586705202313
      vertex 4.001036107584622 -10.246546250605816 9.605245664739886
    endloop
  endfacet
  facet normal 0.38058530002526103 -0.9247458188089753 -1.7447991940148007e-17
    outer loop
      vertex 4.001036107584622 -10.246546250605816 9.230245664739886
      vertex 4.370459980610854 -10.094507395503703 9.247586705202313
      vertex 4.370459980610854 -10.094507395503703 9.622586705202313
    endloop
  endfacet
  facet normal 0.413912769629588 -0.9103165488650437 -1.255685496589849e-17
    outer loop
      vertex 4.370459980610854 -10.094507395503703 9.247586705202313
      vertex 4.734119548809524 -9.929154651710261 9.26492774566474
      vertex 4.734119548809524 -9.929154651710261 9.63992774566474
    endloop
  endfacet
  facet normal 0.413912769629588 -0.9103165488650437 0
    outer loop
      vertex 4.370459980610854 -10.094507395503703 9.247586705202313
      vertex 4.734119548809524 -9.929154651710261 9.63992774566474
      vertex 4.370459980610854 -10.094507395503703 9.622586705202313
    endloop
  endfacet
  facet normal 0.1556507159394237 -0.4768684739102008 0.865083414023238
    outer loop
      vertex 4.001036107584622 -10.246546250605816 9.605245664739886
      vertex 4.370459980610854 -10.094507395503703 9.622586705202313
      vertex 3.7253015653667214 -8.604376740413459 10.560086705202313
    endloop
  endfacet
  facet normal 0.17286364431439669 -0.47090216314670413 0.8650834140232379
    outer loop
      vertex 4.370459980610854 -10.094507395503703 9.622586705202313
      vertex 4.734119548809524 -9.929154651710261 9.63992774566474
      vertex 4.0352784475899375 -8.463433032422957 10.57742774566474
    endloop
  endfacet
  facet normal 0.44669431972276286 -0.8946866405213716 2.1664111545906927e-17
    outer loop
      vertex 4.734119548809524 -9.929154651710261 9.26492774566474
      vertex 5.091535172825996 -9.750706106937885 9.282268786127169
      vertex 5.091535172825996 -9.750706106937885 9.657268786127169
    endloop
  endfacet
  facet normal 0.44669431972276286 -0.8946866405213716 0
    outer loop
      vertex 4.734119548809524 -9.929154651710261 9.26492774566474
      vertex 5.091535172825996 -9.750706106937885 9.657268786127169
      vertex 4.734119548809524 -9.929154651710261 9.63992774566474
    endloop
  endfacet
  facet normal 0.47888671392958715 -0.8778767084401555 -2.3737157828489568e-17
    outer loop
      vertex 5.091535172825996 -9.750706106937885 9.282268786127169
      vertex 5.442235448593855 -9.559397121265988 9.299609826589595
      vertex 5.442235448593855 -9.559397121265988 9.674609826589595
    endloop
  endfacet
  facet normal 0.47888671392958715 -0.8778767084401555 0
    outer loop
      vertex 5.091535172825996 -9.750706106937885 9.282268786127169
      vertex 5.442235448593855 -9.559397121265988 9.674609826589595
      vertex 5.091535172825996 -9.750706106937885 9.657268786127169
    endloop
  endfacet
  facet normal 0.510447492926752 -0.8599089236452854 2.480646203082531e-17
    outer loop
      vertex 5.442235448593855 -9.559397121265988 9.299609826589595
      vertex 5.785757829081063 -9.355480016718928 9.316950867052023
      vertex 5.785757829081063 -9.355480016718928 9.691950867052023
    endloop
  endfacet
  facet normal 0.510447492926752 -0.8599089236452854 0
    outer loop
      vertex 5.442235448593855 -9.559397121265988 9.299609826589595
      vertex 5.785757829081063 -9.355480016718928 9.691950867052023
      vertex 5.442235448593855 -9.559397121265988 9.674609826589595
    endloop
  endfacet
  facet normal 0.21436402363107415 -0.45273308083416913 -0.865494553934973
    outer loop
      vertex 3.0910229476658775 -8.852047671634788 5.275404624277457
      vertex 3.410411293273186 -8.733971928888174 5.292745664739885
      vertex 4.001036107584622 -10.246546250605816 6.230245664739885
    endloop
  endfacet
  facet normal 0.3467558673113316 -0.9379554192418562 0
    outer loop
      vertex 3.0910229476658775 -8.852047671634788 5.2
      vertex 3.410411293273186 -8.733971928888174 5.2
      vertex 3.0910229476658775 -8.852047671634788 5.275404624277457
    endloop
  endfacet
  facet normal 0.34675586731133157 -0.9379554192418561 7.26561505851514e-17
    outer loop
      vertex 3.0910229476658775 -8.852047671634788 5.275404624277457
      vertex 3.410411293273186 -8.733971928888174 5.2
      vertex 3.410411293273186 -8.733971928888174 5.292745664739885
    endloop
  endfacet
  facet normal 0.38058530002526 -0.9247458188089756 0
    outer loop
      vertex 3.410411293273186 -8.733971928888174 5.2
      vertex 3.7253015653667214 -8.604376740413459 5.2
      vertex 3.410411293273186 -8.733971928888174 5.292745664739885
    endloop
  endfacet
  facet normal 0.23066185240133996 -0.4446507471664522 -0.8654945539349732
    outer loop
      vertex 4.370459980610854 -10.094507395503703 6.247586705202313
      vertex 3.410411293273186 -8.733971928888174 5.292745664739885
      vertex 3.7253015653667214 -8.604376740413459 5.3100867052023135
    endloop
  endfacet
  facet normal 0.38058530002526 -0.9247458188089756 -6.139457631788916e-17
    outer loop
      vertex 3.410411293273186 -8.733971928888174 5.292745664739885
      vertex 3.7253015653667214 -8.604376740413459 5.2
      vertex 3.7253015653667214 -8.604376740413459 5.3100867052023135
    endloop
  endfacet
  facet normal 0.41391276962958845 -0.9103165488650437 0
    outer loop
      vertex 3.7253015653667214 -8.604376740413459 5.2
      vertex 4.0352784475899375 -8.463433032422957 5.2
      vertex 3.7253015653667214 -8.604376740413459 5.3100867052023135
    endloop
  endfacet
  facet normal 0.24665545570443445 -0.4359819529294074 -0.8654945539349729
    outer loop
      vertex 4.734119548809524 -9.929154651710261 6.264927745664741
      vertex 3.7253015653667214 -8.604376740413459 5.3100867052023135
      vertex 4.0352784475899375 -8.463433032422957 5.32742774566474
    endloop
  endfacet
  facet normal 0.2623237391921502 -0.4267381316043259 -0.865494553934973
    outer loop
      vertex 5.091535172825996 -9.750706106937885 6.282268786127168
      vertex 4.0352784475899375 -8.463433032422957 5.32742774566474
      vertex 4.33993310397441 -8.311326698964429 5.344768786127168
    endloop
  endfacet
  facet normal 0.4139127696295884 -0.9103165488650437 6.400767082130613e-17
    outer loop
      vertex 3.7253015653667214 -8.604376740413459 5.3100867052023135
      vertex 4.0352784475899375 -8.463433032422957 5.2
      vertex 4.0352784475899375 -8.463433032422957 5.32742774566474
    endloop
  endfacet
  facet normal 0.44669431972276336 -0.8946866405213714 0
    outer loop
      vertex 4.0352784475899375 -8.463433032422957 5.2
      vertex 4.33993310397441 -8.311326698964429 5.2
      vertex 4.0352784475899375 -8.463433032422957 5.32742774566474
    endloop
  endfacet
  facet normal 0.4466943197227633 -0.8946866405213715 -5.3140908898002806e-17
    outer loop
      vertex 4.0352784475899375 -8.463433032422957 5.32742774566474
      vertex 4.33993310397441 -8.311326698964429 5.2
      vertex 4.33993310397441 -8.311326698964429 5.344768786127168
    endloop
  endfacet
  facet normal 0.478886713929587 -0.8778767084401556 0
    outer loop
      vertex 4.33993310397441 -8.311326698964429 5.2
      vertex 4.6388637181634325 -8.148258356740957 5.2
      vertex 4.33993310397441 -8.311326698964429 5.344768786127168
    endloop
  endfacet
  facet normal 0.478886713929587 -0.8778767084401555 2.4810866250917335e-17
    outer loop
      vertex 4.33993310397441 -8.311326698964429 5.344768786127168
      vertex 4.6388637181634325 -8.148258356740957 5.2
      vertex 4.6388637181634325 -8.148258356740957 5.362109826589596
    endloop
  endfacet
  facet normal 0.1316812920661927 -0.48330033563890706 0.8654945539349731
    outer loop
      vertex 3.0910229476658775 -8.852047671634788 7.525404624277457
      vertex 3.6263351717657955 -10.385070689312343 6.587904624277457
      vertex 3.410411293273186 -8.733971928888174 7.542745664739885
    endloop
  endfacet
  facet normal 0.1491435747372164 -0.47820013720565396 0.8654945539349732
    outer loop
      vertex 4.001036107584622 -10.246546250605816 6.605245664739885
      vertex 3.7253015653667214 -8.604376740413459 7.560086705202313
      vertex 3.410411293273186 -8.733971928888174 7.542745664739885
    endloop
  endfacet
  facet normal 0.16640914835891832 -0.4724692291053055 0.8654945539349729
    outer loop
      vertex 4.370459980610854 -10.094507395503703 6.622586705202313
      vertex 4.0352784475899375 -8.463433032422957 7.577427745664741
      vertex 3.7253015653667214 -8.604376740413459 7.560086705202313
    endloop
  endfacet
  facet normal 0.18345524095083054 -0.4661151699704426 0.8654945539349731
    outer loop
      vertex 4.734119548809524 -9.929154651710261 6.639927745664741
      vertex 4.33993310397441 -8.311326698964429 7.594768786127168
      vertex 4.0352784475899375 -8.463433032422957 7.577427745664741
    endloop
  endfacet
  facet normal 0.2725147875235477 -0.4211488779076764 -0.865083414023238
    outer loop
      vertex 5.091535172825996 -9.750706106937885 6.282268786127168
      vertex 4.33993310397441 -8.311326698964429 5.344768786127168
      vertex 5.442235448593855 -9.559397121265988 6.299609826589596
    endloop
  endfacet
  facet normal 0.27764603758837847 -0.4169314750895821 -0.865494553934973
    outer loop
      vertex 5.442235448593855 -9.559397121265988 6.299609826589596
      vertex 4.33993310397441 -8.311326698964429 5.344768786127168
      vertex 4.6388637181634325 -8.148258356740957 5.362109826589596
    endloop
  endfacet
  facet normal 0.28762741388472196 -0.41097586007439174 -0.865083414023238
    outer loop
      vertex 5.442235448593855 -9.559397121265988 6.299609826589596
      vertex 4.6388637181634325 -8.148258356740957 5.362109826589596
      vertex 5.785757829081063 -9.355480016718928 6.316950867052023
    endloop
  endfacet
  facet normal 0.5104474929267507 -0.8599089236452863 0
    outer loop
      vertex 4.6388637181634325 -8.148258356740957 5.2
      vertex 4.931676023377272 -7.974443080512748 5.2
      vertex 4.6388637181634325 -8.148258356740957 5.362109826589596
    endloop
  endfacet
  facet normal 0.5413350304434436 -0.8408069842804566 0
    outer loop
      vertex 4.931676023377272 -7.974443080512748 5.2
      vertex 5.2179838224211395 -7.79011011942984 5.2
      vertex 4.931676023377272 -7.974443080512748 5.379450867052023
    endloop
  endfacet
  facet normal 0.5104474929267507 -0.8599089236452864 -1.0292821360624192e-17
    outer loop
      vertex 4.6388637181634325 -8.148258356740957 5.362109826589596
      vertex 4.931676023377272 -7.974443080512748 5.2
      vertex 4.931676023377272 -7.974443080512748 5.379450867052023
    endloop
  endfacet
  facet normal 0.5413350304434434 -0.8408069842804566 1.185300065581341e-17
    outer loop
      vertex 4.931676023377272 -7.974443080512748 5.379450867052023
      vertex 5.2179838224211395 -7.79011011942984 5.2
      vertex 5.2179838224211395 -7.79011011942984 5.396791907514452
    endloop
  endfacet
  facet normal 0.2926021419450936 -0.4065749176204127 -0.8654945539349731
    outer loop
      vertex 4.6388637181634325 -8.148258356740957 5.362109826589596
      vertex 4.931676023377272 -7.974443080512748 5.379450867052023
      vertex 5.785757829081063 -9.355480016718928 6.316950867052023
    endloop
  endfacet
  facet normal 0.3071723262964017 -0.3956821187096518 -0.8654945539349731
    outer loop
      vertex 4.931676023377272 -7.974443080512748 5.379450867052023
      vertex 5.2179838224211395 -7.79011011942984 5.396791907514452
      vertex 6.121649234354401 -9.139223744472403 6.3342919075144515
    endloop
  endfacet
  facet normal 0.3023606815290244 -0.4002607962906228 -0.8650834140232377
    outer loop
      vertex 4.931676023377272 -7.974443080512748 5.379450867052023
      vertex 6.121649234354401 -9.139223744472403 6.3342919075144515
      vertex 5.785757829081063 -9.355480016718928 6.316950867052023
    endloop
  endfacet
  facet normal 0.31669515839525214 -0.3890178189118146 -0.8650834140232379
    outer loop
      vertex 6.121649234354401 -9.139223744472403 6.3342919075144515
      vertex 5.2179838224211395 -7.79011011942984 5.396791907514452
      vertex 6.449466649157452 -8.910913530127297 6.35163294797688
    endloop
  endfacet
  facet normal 0.32133737367557097 -0.3842674451318885 -0.8654945539349729
    outer loop
      vertex 5.2179838224211395 -7.79011011942984 5.396791907514452
      vertex 5.4974094970499205 -7.595502594669904 5.414132947976879
      vertex 6.449466649157452 -8.910913530127297 6.35163294797688
    endloop
  endfacet
  facet normal 0.33061193839695996 -0.37726175657135524 -0.8650834140232376
    outer loop
      vertex 5.4974094970499205 -7.595502594669904 5.414132947976879
      vertex 6.7687777072141015 -8.670850497518765 6.368973988439307
      vertex 6.449466649157452 -8.910913530127297 6.35163294797688
    endloop
  endfacet
  facet normal 0.3350786014607977 -0.3723459519747437 -0.865494553934973
    outer loop
      vertex 5.4974094970499205 -7.595502594669904 5.414132947976879
      vertex 5.7695845060179884 -7.39087717877987 5.431473988439307
      vertex 6.7687777072141015 -8.670850497518765 6.368973988439307
    endloop
  endfacet
  facet normal 0.18984857866956203 -0.4643147681896907 0.865083414023238
    outer loop
      vertex 4.734119548809524 -9.929154651710261 6.639927745664741
      vertex 5.091535172825996 -9.750706106937885 6.657268786127168
      vertex 4.33993310397441 -8.311326698964429 7.594768786127168
    endloop
  endfacet
  facet normal 0.20658311716630332 -0.45711497731287765 0.865083414023238
    outer loop
      vertex 5.091535172825996 -9.750706106937885 6.657268786127168
      vertex 5.442235448593855 -9.559397121265988 6.674609826589596
      vertex 4.6388637181634325 -8.148258356740957 7.612109826589596
    endloop
  endfacet
  facet normal 0.22304518821914932 -0.4493122864936852 0.8650834140232377
    outer loop
      vertex 5.442235448593855 -9.559397121265988 6.674609826589596
      vertex 5.785757829081063 -9.355480016718928 6.691950867052023
      vertex 4.931676023377272 -7.974443080512748 7.629450867052023
    endloop
  endfacet
  facet normal 0.2002593700112673 -0.45914634032255147 0.865494553934973
    outer loop
      vertex 5.091535172825996 -9.750706106937885 6.657268786127168
      vertex 4.6388637181634325 -8.148258356740957 7.612109826589596
      vertex 4.33993310397441 -8.311326698964429 7.594768786127168
    endloop
  endfacet
  facet normal 0.21679937217008954 -0.45157193151873054 0.865494553934973
    outer loop
      vertex 5.442235448593855 -9.559397121265988 6.674609826589596
      vertex 4.931676023377272 -7.974443080512748 7.629450867052023
      vertex 4.6388637181634325 -8.148258356740957 7.612109826589596
    endloop
  endfacet
  facet normal 0.23305343242047177 -0.44340193362900304 0.865494553934973
    outer loop
      vertex 4.931676023377272 -7.974443080512748 7.629450867052023
      vertex 5.785757829081063 -9.355480016718928 6.691950867052023
      vertex 5.2179838224211395 -7.79011011942984 7.6467919075144515
    endloop
  endfacet
  facet normal 0.2392130796064851 -0.44091698688878034 0.8650834140232377
    outer loop
      vertex 5.785757829081063 -9.355480016718928 6.691950867052023
      vertex 6.121649234354401 -9.139223744472403 6.7092919075144515
      vertex 5.2179838224211395 -7.79011011942984 7.6467919075144515
    endloop
  endfacet
  facet normal 0.5413350304434447 -0.8408069842804557 -1.9972347364572744e-18
    outer loop
      vertex 5.785757829081063 -9.355480016718928 6.316950867052023
      vertex 6.121649234354401 -9.139223744472403 6.3342919075144515
      vertex 6.121649234354401 -9.139223744472403 6.7092919075144515
    endloop
  endfacet
  facet normal 0.5413350304434447 -0.8408069842804557 0
    outer loop
      vertex 5.785757829081063 -9.355480016718928 6.316950867052023
      vertex 6.121649234354401 -9.139223744472403 6.7092919075144515
      vertex 5.785757829081063 -9.355480016718928 6.691950867052023
    endloop
  endfacet
  facet normal 0.571508588163237 -0.8205960843531144 0
    outer loop
      vertex 6.121649234354401 -9.139223744472403 6.3342919075144515
      vertex 6.449466649157452 -8.910913530127297 6.72663294797688
      vertex 6.121649234354401 -9.139223744472403 6.7092919075144515
    endloop
  endfacet
  facet normal 0.24900011289125745 -0.4346471222601655 0.8654945539349729
    outer loop
      vertex 6.121649234354401 -9.139223744472403 6.7092919075144515
      vertex 5.4974094970499205 -7.595502594669904 7.66413294797688
      vertex 5.2179838224211395 -7.79011011942984 7.6467919075144515
    endloop
  endfacet
  facet normal 0.2550654671073406 -0.4319401512608126 0.8650834140232377
    outer loop
      vertex 6.121649234354401 -9.139223744472403 6.7092919075144515
      vertex 6.449466649157452 -8.910913530127297 6.72663294797688
      vertex 5.4974094970499205 -7.595502594669904 7.66413294797688
    endloop
  endfacet
  facet normal 0.2646183811218734 -0.4253190443435859 0.865494553934973
    outer loop
      vertex 5.4974094970499205 -7.595502594669904 7.66413294797688
      vertex 6.449466649157452 -8.910913530127297 6.72663294797688
      vertex 5.7695845060179884 -7.39087717877987 7.681473988439307
    endloop
  endfacet
  facet normal 0.5715085881632371 -0.8205960843531142 0
    outer loop
      vertex 5.2179838224211395 -7.79011011942984 5.2
      vertex 5.4974094970499205 -7.595502594669904 5.2
      vertex 5.2179838224211395 -7.79011011942984 5.396791907514452
    endloop
  endfacet
  facet normal 0.5715085881632372 -0.8205960843531143 4.697517690081945e-17
    outer loop
      vertex 5.2179838224211395 -7.79011011942984 5.396791907514452
      vertex 5.4974094970499205 -7.595502594669904 5.2
      vertex 5.4974094970499205 -7.595502594669904 5.414132947976879
    endloop
  endfacet
  facet normal 0.6009283694548343 -0.7993028805054779 0
    outer loop
      vertex 5.4974094970499205 -7.595502594669904 5.2
      vertex 5.7695845060179884 -7.39087717877987 5.2
      vertex 5.4974094970499205 -7.595502594669904 5.414132947976879
    endloop
  endfacet
  facet normal 0.6009283694548343 -0.7993028805054779 -4.570902055978685e-19
    outer loop
      vertex 5.4974094970499205 -7.595502594669904 5.414132947976879
      vertex 5.7695845060179884 -7.39087717877987 5.2
      vertex 5.7695845060179884 -7.39087717877987 5.431473988439307
    endloop
  endfacet
  facet normal 0.6295555718608203 -0.7769554568564375 0
    outer loop
      vertex 5.7695845060179884 -7.39087717877987 5.2
      vertex 6.026799349695556 -7.182459776503431 5.448333236094056
      vertex 5.7695845060179884 -7.39087717877987 5.431473988439307
    endloop
  endfacet
  facet normal 0.6295555718608203 -0.7769554568564375 1.2627380644029382e-17
    outer loop
      vertex 5.7695845060179884 -7.39087717877987 5.2
      vertex 6.026799349695556 -7.182459776503431 5.2
      vertex 6.026799349695556 -7.182459776503431 5.448333236094056
    endloop
  endfacet
  facet normal 0.2798876378025545 -0.4154300029056737 0.8654945539349729
    outer loop
      vertex 5.7695845060179884 -7.39087717877987 7.681473988439307
      vertex 6.7687777072141015 -8.670850497518765 6.743973988439307
      vertex 6.051619017156941 -7.212038704366128 7.676109304011169
    endloop
  endfacet
  facet normal 0.27988763780255677 -0.4154300029056774 0.8654945539349705
    outer loop
      vertex 5.7695845060179884 -7.39087717877987 7.681473988439307
      vertex 6.051619017156941 -7.212038704366128 7.676109304011169
      vertex 6.026799349695556 -7.182459776503431 7.698333236094056
    endloop
  endfacet
  facet normal 0.3467558673113316 -0.9379554192418563 0
    outer loop
      vertex 3.0910229476658775 -8.852047671634788 7.525404624277457
      vertex 3.410411293273186 -8.733971928888174 8.292745664739886
      vertex 3.0910229476658775 -8.852047671634788 8.275404624277456
    endloop
  endfacet
  facet normal 0.34675586731133157 -0.937955419241856 8.984723977948078e-18
    outer loop
      vertex 3.0910229476658775 -8.852047671634788 7.525404624277457
      vertex 3.410411293273186 -8.733971928888174 7.542745664739885
      vertex 3.410411293273186 -8.733971928888174 8.292745664739886
    endloop
  endfacet
  facet normal 0.38058530002526 -0.9247458188089757 0
    outer loop
      vertex 3.410411293273186 -8.733971928888174 7.542745664739885
      vertex 3.7253015653667214 -8.604376740413459 8.310086705202313
      vertex 3.410411293273186 -8.733971928888174 8.292745664739886
    endloop
  endfacet
  facet normal 0.38058530002526 -0.9247458188089757 -9.011635498837856e-18
    outer loop
      vertex 3.410411293273186 -8.733971928888174 7.542745664739885
      vertex 3.7253015653667214 -8.604376740413459 7.560086705202313
      vertex 3.7253015653667214 -8.604376740413459 8.310086705202313
    endloop
  endfacet
  facet normal 0.21436402363107832 -0.45273308083416747 -0.8654945539349728
    outer loop
      vertex 3.0910229476658775 -8.852047671634788 8.275404624277456
      vertex 3.410411293273186 -8.733971928888174 8.292745664739886
      vertex 4.001036107584622 -10.246546250605816 9.230245664739886
    endloop
  endfacet
  facet normal 0.2306618524013359 -0.4446507471664545 -0.865494553934973
    outer loop
      vertex 4.370459980610854 -10.094507395503703 9.247586705202313
      vertex 3.410411293273186 -8.733971928888174 8.292745664739886
      vertex 3.7253015653667214 -8.604376740413459 8.310086705202313
    endloop
  endfacet
  facet normal 0.4139127696295884 -0.9103165488650435 0
    outer loop
      vertex 3.7253015653667214 -8.604376740413459 7.560086705202313
      vertex 4.0352784475899375 -8.463433032422957 8.32742774566474
      vertex 3.7253015653667214 -8.604376740413459 8.310086705202313
    endloop
  endfacet
  facet normal 0.24665545570443806 -0.43598195292940495 -0.8654945539349731
    outer loop
      vertex 4.734119548809524 -9.929154651710261 9.26492774566474
      vertex 3.7253015653667214 -8.604376740413459 8.310086705202313
      vertex 4.0352784475899375 -8.463433032422957 8.32742774566474
    endloop
  endfacet
  facet normal 0.2623237391921502 -0.4267381316043259 -0.865494553934973
    outer loop
      vertex 5.091535172825996 -9.750706106937885 9.282268786127169
      vertex 4.0352784475899375 -8.463433032422957 8.32742774566474
      vertex 4.33993310397441 -8.311326698964429 8.344768786127169
    endloop
  endfacet
  facet normal 0.4139127696295884 -0.9103165488650435 1.087513759734637e-17
    outer loop
      vertex 3.7253015653667214 -8.604376740413459 7.560086705202313
      vertex 4.0352784475899375 -8.463433032422957 7.577427745664741
      vertex 4.0352784475899375 -8.463433032422957 8.32742774566474
    endloop
  endfacet
  facet normal 0.44669431972276336 -0.8946866405213715 -1.0257526499811024e-17
    outer loop
      vertex 4.0352784475899375 -8.463433032422957 7.577427745664741
      vertex 4.33993310397441 -8.311326698964429 7.594768786127168
      vertex 4.33993310397441 -8.311326698964429 8.344768786127169
    endloop
  endfacet
  facet normal 0.4466943197227633 -0.8946866405213714 0
    outer loop
      vertex 4.0352784475899375 -8.463433032422957 7.577427745664741
      vertex 4.33993310397441 -8.311326698964429 8.344768786127169
      vertex 4.0352784475899375 -8.463433032422957 8.32742774566474
    endloop
  endfacet
  facet normal 0.4788867139295869 -0.8778767084401555 0
    outer loop
      vertex 4.33993310397441 -8.311326698964429 7.594768786127168
      vertex 4.6388637181634325 -8.148258356740957 8.362109826589595
      vertex 4.33993310397441 -8.311326698964429 8.344768786127169
    endloop
  endfacet
  facet normal 0.478886713929587 -0.8778767084401555 5.36278030063183e-18
    outer loop
      vertex 4.33993310397441 -8.311326698964429 7.594768786127168
      vertex 4.6388637181634325 -8.148258356740957 7.612109826589596
      vertex 4.6388637181634325 -8.148258356740957 8.362109826589595
    endloop
  endfacet
  facet normal 0.1316812920661883 -0.48330033563890845 0.8654945539349729
    outer loop
      vertex 3.6263351717657955 -10.385070689312343 9.587904624277456
      vertex 3.410411293273186 -8.733971928888174 10.542745664739886
      vertex 3.0910229476658775 -8.852047671634788 10.525404624277456
    endloop
  endfacet
  facet normal 0.14914357473721848 -0.47820013720565313 0.8654945539349732
    outer loop
      vertex 4.001036107584622 -10.246546250605816 9.605245664739886
      vertex 3.7253015653667214 -8.604376740413459 10.560086705202313
      vertex 3.410411293273186 -8.733971928888174 10.542745664739886
    endloop
  endfacet
  facet normal 0.16640914835891832 -0.4724692291053055 0.8654945539349729
    outer loop
      vertex 4.370459980610854 -10.094507395503703 9.622586705202313
      vertex 4.0352784475899375 -8.463433032422957 10.57742774566474
      vertex 3.7253015653667214 -8.604376740413459 10.560086705202313
    endloop
  endfacet
  facet normal 0.18345524095082877 -0.46611516997044344 0.865494553934973
    outer loop
      vertex 4.734119548809524 -9.929154651710261 9.63992774566474
      vertex 4.33993310397441 -8.311326698964429 10.594768786127169
      vertex 4.0352784475899375 -8.463433032422957 10.57742774566474
    endloop
  endfacet
  facet normal 0.27251478752354436 -0.42114887790767824 -0.8650834140232381
    outer loop
      vertex 5.091535172825996 -9.750706106937885 9.282268786127169
      vertex 4.33993310397441 -8.311326698964429 8.344768786127169
      vertex 5.442235448593855 -9.559397121265988 9.299609826589595
    endloop
  endfacet
  facet normal 0.2776460375883747 -0.41693147508958434 -0.8654945539349732
    outer loop
      vertex 5.442235448593855 -9.559397121265988 9.299609826589595
      vertex 4.33993310397441 -8.311326698964429 8.344768786127169
      vertex 4.6388637181634325 -8.148258356740957 8.362109826589595
    endloop
  endfacet
  facet normal 0.28762741388472357 -0.4109758600743908 -0.8650834140232379
    outer loop
      vertex 5.442235448593855 -9.559397121265988 9.299609826589595
      vertex 4.6388637181634325 -8.148258356740957 8.362109826589595
      vertex 5.785757829081063 -9.355480016718928 9.316950867052023
    endloop
  endfacet
  facet normal 0.5104474929267506 -0.8599089236452863 -2.462740956767461e-18
    outer loop
      vertex 4.6388637181634325 -8.148258356740957 7.612109826589596
      vertex 4.931676023377272 -7.974443080512748 7.629450867052023
      vertex 4.931676023377272 -7.974443080512748 8.379450867052023
    endloop
  endfacet
  facet normal 0.5104474929267506 -0.8599089236452861 0
    outer loop
      vertex 4.6388637181634325 -8.148258356740957 7.612109826589596
      vertex 4.931676023377272 -7.974443080512748 8.379450867052023
      vertex 4.6388637181634325 -8.148258356740957 8.362109826589595
    endloop
  endfacet
  facet normal 0.5413350304434436 -0.8408069842804565 0
    outer loop
      vertex 4.931676023377272 -7.974443080512748 7.629450867052023
      vertex 5.2179838224211395 -7.79011011942984 8.396791907514451
      vertex 4.931676023377272 -7.974443080512748 8.379450867052023
    endloop
  endfacet
  facet normal 0.5413350304434436 -0.8408069842804565 3.110099478436765e-18
    outer loop
      vertex 4.931676023377272 -7.974443080512748 7.629450867052023
      vertex 5.2179838224211395 -7.79011011942984 7.6467919075144515
      vertex 5.2179838224211395 -7.79011011942984 8.396791907514451
    endloop
  endfacet
  facet normal 0.2926021419450955 -0.40657491762041154 -0.8654945539349729
    outer loop
      vertex 4.6388637181634325 -8.148258356740957 8.362109826589595
      vertex 4.931676023377272 -7.974443080512748 8.379450867052023
      vertex 5.785757829081063 -9.355480016718928 9.316950867052023
    endloop
  endfacet
  facet normal 0.3071723262964 -0.39568211870965336 -0.865494553934973
    outer loop
      vertex 4.931676023377272 -7.974443080512748 8.379450867052023
      vertex 5.2179838224211395 -7.79011011942984 8.396791907514451
      vertex 6.121649234354401 -9.139223744472403 9.334291907514451
    endloop
  endfacet
  facet normal 0.3023606815290244 -0.4002607962906228 -0.8650834140232377
    outer loop
      vertex 4.931676023377272 -7.974443080512748 8.379450867052023
      vertex 6.121649234354401 -9.139223744472403 9.334291907514451
      vertex 5.785757829081063 -9.355480016718928 9.316950867052023
    endloop
  endfacet
  facet normal 0.3166951583952523 -0.38901781891181486 -0.8650834140232376
    outer loop
      vertex 6.121649234354401 -9.139223744472403 9.334291907514451
      vertex 5.2179838224211395 -7.79011011942984 8.396791907514451
      vertex 6.449466649157452 -8.910913530127297 9.35163294797688
    endloop
  endfacet
  facet normal 0.32133737367557436 -0.3842674451318855 -0.8654945539349729
    outer loop
      vertex 5.2179838224211395 -7.79011011942984 8.396791907514451
      vertex 5.4974094970499205 -7.595502594669904 8.41413294797688
      vertex 6.449466649157452 -8.910913530127297 9.35163294797688
    endloop
  endfacet
  facet normal 0.33061193839696124 -0.3772617565713538 -0.8650834140232377
    outer loop
      vertex 5.4974094970499205 -7.595502594669904 8.41413294797688
      vertex 6.7687777072141015 -8.670850497518765 9.368973988439308
      vertex 6.449466649157452 -8.910913530127297 9.35163294797688
    endloop
  endfacet
  facet normal 0.3350786014607977 -0.3723459519747437 -0.865494553934973
    outer loop
      vertex 5.4974094970499205 -7.595502594669904 8.41413294797688
      vertex 5.7695845060179884 -7.39087717877987 8.431473988439308
      vertex 6.7687777072141015 -8.670850497518765 9.368973988439308
    endloop
  endfacet
  facet normal 0.18984857866956034 -0.4643147681896916 0.865083414023238
    outer loop
      vertex 4.734119548809524 -9.929154651710261 9.63992774566474
      vertex 5.091535172825996 -9.750706106937885 9.657268786127169
      vertex 4.33993310397441 -8.311326698964429 10.594768786127169
    endloop
  endfacet
  facet normal 0.20658311716630673 -0.45711497731287576 0.8650834140232381
    outer loop
      vertex 5.091535172825996 -9.750706106937885 9.657268786127169
      vertex 5.442235448593855 -9.559397121265988 9.674609826589595
      vertex 4.6388637181634325 -8.148258356740957 10.612109826589595
    endloop
  endfacet
  facet normal 0.20025937001127153 -0.4591463403225495 0.8654945539349732
    outer loop
      vertex 5.091535172825996 -9.750706106937885 9.657268786127169
      vertex 4.6388637181634325 -8.148258356740957 10.612109826589595
      vertex 4.33993310397441 -8.311326698964429 10.594768786127169
    endloop
  endfacet
  facet normal 0.22304518821914768 -0.4493122864936863 0.8650834140232377
    outer loop
      vertex 5.442235448593855 -9.559397121265988 9.674609826589595
      vertex 5.785757829081063 -9.355480016718928 9.691950867052023
      vertex 4.931676023377272 -7.974443080512748 10.629450867052023
    endloop
  endfacet
  facet normal 0.21679937217008746 -0.4515719315187316 0.865494553934973
    outer loop
      vertex 5.442235448593855 -9.559397121265988 9.674609826589595
      vertex 4.931676023377272 -7.974443080512748 10.629450867052023
      vertex 4.6388637181634325 -8.148258356740957 10.612109826589595
    endloop
  endfacet
  facet normal 0.2330534324204716 -0.4434019336290031 0.865494553934973
    outer loop
      vertex 5.785757829081063 -9.355480016718928 9.691950867052023
      vertex 5.2179838224211395 -7.79011011942984 10.646791907514451
      vertex 4.931676023377272 -7.974443080512748 10.629450867052023
    endloop
  endfacet
  facet normal 0.5413350304434447 -0.8408069842804557 0
    outer loop
      vertex 5.785757829081063 -9.355480016718928 9.316950867052023
      vertex 6.121649234354401 -9.139223744472403 9.709291907514451
      vertex 5.785757829081063 -9.355480016718928 9.691950867052023
    endloop
  endfacet
  facet normal 0.5413350304434447 -0.8408069842804557 -1.9972347364572744e-18
    outer loop
      vertex 5.785757829081063 -9.355480016718928 9.316950867052023
      vertex 6.121649234354401 -9.139223744472403 9.334291907514451
      vertex 6.121649234354401 -9.139223744472403 9.709291907514451
    endloop
  endfacet
  facet normal 0.571508588163237 -0.8205960843531144 0
    outer loop
      vertex 6.121649234354401 -9.139223744472403 9.334291907514451
      vertex 6.449466649157452 -8.910913530127297 9.72663294797688
      vertex 6.121649234354401 -9.139223744472403 9.709291907514451
    endloop
  endfacet
  facet normal 0.2392130796064851 -0.44091698688878034 0.8650834140232377
    outer loop
      vertex 5.785757829081063 -9.355480016718928 9.691950867052023
      vertex 6.121649234354401 -9.139223744472403 9.709291907514451
      vertex 5.2179838224211395 -7.79011011942984 10.646791907514451
    endloop
  endfacet
  facet normal 0.24900011289125745 -0.4346471222601655 0.8654945539349729
    outer loop
      vertex 6.121649234354401 -9.139223744472403 9.709291907514451
      vertex 5.4974094970499205 -7.595502594669904 10.66413294797688
      vertex 5.2179838224211395 -7.79011011942984 10.646791907514451
    endloop
  endfacet
  facet normal 0.2550654671073406 -0.4319401512608126 0.8650834140232377
    outer loop
      vertex 6.121649234354401 -9.139223744472403 9.709291907514451
      vertex 6.449466649157452 -8.910913530127297 9.72663294797688
      vertex 5.4974094970499205 -7.595502594669904 10.66413294797688
    endloop
  endfacet
  facet normal 0.2646183811218715 -0.42531904434358725 0.8654945539349729
    outer loop
      vertex 5.4974094970499205 -7.595502594669904 10.66413294797688
      vertex 6.449466649157452 -8.910913530127297 9.72663294797688
      vertex 5.7695845060179884 -7.39087717877987 10.681473988439308
    endloop
  endfacet
  facet normal 0.5715085881632372 -0.8205960843531143 1.3411910815343782e-17
    outer loop
      vertex 5.2179838224211395 -7.79011011942984 7.6467919075144515
      vertex 5.4974094970499205 -7.595502594669904 7.66413294797688
      vertex 5.4974094970499205 -7.595502594669904 8.41413294797688
    endloop
  endfacet
  facet normal 0.5715085881632372 -0.8205960843531143 0
    outer loop
      vertex 5.2179838224211395 -7.79011011942984 7.6467919075144515
      vertex 5.4974094970499205 -7.595502594669904 8.41413294797688
      vertex 5.2179838224211395 -7.79011011942984 8.396791907514451
    endloop
  endfacet
  facet normal 0.6009283694548343 -0.7993028805054779 -1.410726572883749e-19
    outer loop
      vertex 5.4974094970499205 -7.595502594669904 7.66413294797688
      vertex 5.7695845060179884 -7.39087717877987 7.681473988439307
      vertex 5.7695845060179884 -7.39087717877987 8.431473988439308
    endloop
  endfacet
  facet normal 0.6009283694548342 -0.7993028805054778 0
    outer loop
      vertex 5.4974094970499205 -7.595502594669904 7.66413294797688
      vertex 5.7695845060179884 -7.39087717877987 8.431473988439308
      vertex 5.4974094970499205 -7.595502594669904 8.41413294797688
    endloop
  endfacet
  facet normal 0.6295555718608205 -0.7769554568564375 0
    outer loop
      vertex 5.7695845060179884 -7.39087717877987 7.681473988439307
      vertex 6.026799349695556 -7.182459776503431 8.448333236094056
      vertex 5.7695845060179884 -7.39087717877987 8.431473988439308
    endloop
  endfacet
  facet normal 0.6295555718608203 -0.7769554568564374 4.181064398297681e-18
    outer loop
      vertex 5.7695845060179884 -7.39087717877987 7.681473988439307
      vertex 6.026799349695556 -7.182459776503431 7.698333236094056
      vertex 6.026799349695556 -7.182459776503431 8.448333236094056
    endloop
  endfacet
  facet normal 0.27988763780255826 -0.41543000290567106 0.8654945539349732
    outer loop
      vertex 5.7695845060179884 -7.39087717877987 10.681473988439308
      vertex 6.7687777072141015 -8.670850497518765 9.743973988439308
      vertex 6.051619017156941 -7.212038704366128 10.676109304011169
    endloop
  endfacet
  facet normal 0.027235874307217273 -0.999629034767759 -1.2463045690825919e-18
    outer loop
      vertex 0.09987585075339053 -10.999546573129107 12.056835260115607
      vertex 0.49921459022344467 -10.988666197173705 12.074176300578035
      vertex 0.49921459022344467 -10.988666197173705 12.449176300578035
    endloop
  endfacet
  facet normal 0.027235874307217273 -0.999629034767759 0
    outer loop
      vertex 0.09987585075339053 -10.999546573129107 12.056835260115607
      vertex 0.49921459022344467 -10.988666197173705 12.449176300578035
      vertex 0.09987585075339053 -10.999546573129107 12.431835260115607
    endloop
  endfacet
  facet normal 0.0635154493602373 -0.9979808553737727 0
    outer loop
      vertex 0.49921459022344467 -10.988666197173705 12.074176300578035
      vertex 0.8978949035586797 -10.963292604968789 12.466517341040463
      vertex 0.49921459022344467 -10.988666197173705 12.449176300578035
    endloop
  endfacet
  facet normal 0.0635154493602373 -0.9979808553737727 -4.76009680136831e-18
    outer loop
      vertex 0.49921459022344467 -10.988666197173705 12.074176300578035
      vertex 0.8978949035586797 -10.963292604968789 12.091517341040463
      vertex 0.8978949035586797 -10.963292604968789 12.466517341040463
    endloop
  endfacet
  facet normal 0.09971125235882808 -0.995016415016875 0
    outer loop
      vertex 0.8978949035586797 -10.963292604968789 12.091517341040463
      vertex 1.2953909617010546 -10.92345926235564 12.483858381502891
      vertex 0.8978949035586797 -10.963292604968789 12.466517341040463
    endloop
  endfacet
  facet normal 0.051161794763188446 -0.4990121817536205 -0.865083414023238
    outer loop
      vertex 0.09987585075339053 -10.999546573129107 12.056835260115607
      vertex 0.08513238075730768 -9.375815874985948 11.119335260115609
      vertex 0.49921459022344467 -10.988666197173705 12.074176300578035
    endloop
  endfacet
  facet normal 0.06924768992707615 -0.4968253659201218 -0.8650834140232377
    outer loop
      vertex 0.49921459022344467 -10.988666197173705 12.074176300578035
      vertex 0.4255215475404887 -9.366541638004426 11.136676300578035
      vertex 0.8978949035586797 -10.963292604968789 12.091517341040463
    endloop
  endfacet
  facet normal 0.05764972695183557 -0.4975898774003354 -0.865494553934973
    outer loop
      vertex 0.49921459022344467 -10.988666197173705 12.074176300578035
      vertex 0.08513238075730768 -9.375815874985948 11.119335260115609
      vertex 0.4255215475404887 -9.366541638004426 11.136676300578035
    endloop
  endfacet
  facet normal 0.0756796982686017 -0.4951684161766333 -0.865494553934973
    outer loop
      vertex 0.8978949035586797 -10.963292604968789 12.091517341040463
      vertex 0.4255215475404887 -9.366541638004426 11.136676300578035
      vertex 0.7653494837159988 -9.344913643884974 11.154017341040463
    endloop
  endfacet
  facet normal 0.0872422526465261 -0.49398327515722523 -0.865083414023238
    outer loop
      vertex 0.8978949035586797 -10.963292604968789 12.091517341040463
      vertex 0.7653494837159988 -9.344913643884974 11.154017341040463
      vertex 1.2953909617010546 -10.92345926235564 12.108858381502891
    endloop
  endfacet
  facet normal 0.10512174945979996 -0.4904896579668226 -0.8650834140232376
    outer loop
      vertex 1.2953909617010546 -10.92345926235564 12.108858381502891
      vertex 1.1041679820420998 -9.310960418309435 11.171358381502891
      vertex 1.6911784975351958 -10.869218706488272 12.12619942196532
    endloop
  endfacet
  facet normal 0.09360985381036063 -0.49209386541441963 -0.8654945539349731
    outer loop
      vertex 1.2953909617010546 -10.92345926235564 12.108858381502891
      vertex 0.7653494837159988 -9.344913643884974 11.154017341040463
      vertex 1.1041679820420998 -9.310960418309435 11.171358381502891
    endloop
  endfacet
  facet normal 0.1114165450635552 -0.4883702802126718 -0.8654945539349727
    outer loop
      vertex 1.6911784975351958 -10.869218706488272 12.12619942196532
      vertex 1.1041679820420998 -9.310960418309435 11.171358381502891
      vertex 1.441530166648921 -9.264726743003974 11.188699421965318
    endloop
  endfacet
  facet normal -0.02391390933761252 -0.5010576930075934 0.8650834140232379
    outer loop
      vertex 0.09987585075339053 -10.999546573129107 12.431835260115607
      vertex 0.49921459022344467 -10.988666197173705 12.449176300578035
      vertex 0.4255215475404887 -9.366541638004426 13.386676300578035
    endloop
  endfacet
  facet normal -0.005704230025621633 -0.5015956025940759 0.865083414023238
    outer loop
      vertex 0.49921459022344467 -10.988666197173705 12.449176300578035
      vertex 0.8978949035586797 -10.963292604968789 12.466517341040463
      vertex 0.7653494837159988 -9.344913643884974 13.404017341040463
    endloop
  endfacet
  facet normal -0.03046966278735615 -0.4999907766734573 0.865494553934973
    outer loop
      vertex 0.09987585075339053 -10.999546573129107 12.431835260115607
      vertex 0.4255215475404887 -9.366541638004426 13.386676300578035
      vertex 0.08513238075730768 -9.375815874985948 13.369335260115607
    endloop
  endfacet
  facet normal -0.012294401010506655 -0.5007674358549036 0.865494553934973
    outer loop
      vertex 0.49921459022344467 -10.988666197173705 12.449176300578035
      vertex 0.7653494837159988 -9.344913643884974 13.404017341040463
      vertex 0.4255215475404887 -9.366541638004426 13.386676300578035
    endloop
  endfacet
  facet normal 0.09971125235882808 -0.995016415016875 1.1071094418603808e-17
    outer loop
      vertex 0.8978949035586797 -10.963292604968789 12.091517341040463
      vertex 1.2953909617010546 -10.92345926235564 12.108858381502891
      vertex 1.2953909617010546 -10.92345926235564 12.483858381502891
    endloop
  endfacet
  facet normal 0.1357755437875065 -0.9907396235687795 0
    outer loop
      vertex 1.2953909617010546 -10.92345926235564 12.108858381502891
      vertex 1.6911784975351958 -10.869218706488272 12.50119942196532
      vertex 1.2953909617010546 -10.92345926235564 12.483858381502891
    endloop
  endfacet
  facet normal 0.1357755437875065 -0.9907396235687795 -8.236599540484022e-18
    outer loop
      vertex 1.2953909617010546 -10.92345926235564 12.108858381502891
      vertex 1.6911784975351958 -10.869218706488272 12.12619942196532
      vertex 1.6911784975351958 -10.869218706488272 12.50119942196532
    endloop
  endfacet
  facet normal 0.012512972732601001 -0.5014719456712338 0.8650834140232376
    outer loop
      vertex 0.8978949035586797 -10.963292604968789 12.466517341040463
      vertex 1.2953909617010546 -10.92345926235564 12.483858381502891
      vertex 1.1041679820420998 -9.310960418309435 13.421358381502891
    endloop
  endfacet
  facet normal 0.030713671830012754 -0.5006868853331565 0.8650834140232379
    outer loop
      vertex 1.2953909617010546 -10.92345926235564 12.483858381502891
      vertex 1.6911784975351958 -10.869218706488272 12.50119942196532
      vertex 1.441530166648921 -9.264726743003974 13.43869942196532
    endloop
  endfacet
  facet normal 0.005897076147654673 -0.5008836208160645 0.865494553934973
    outer loop
      vertex 0.8978949035586797 -10.963292604968789 12.466517341040463
      vertex 1.1041679820420998 -9.310960418309435 13.421358381502891
      vertex 0.7653494837159988 -9.344913643884974 13.404017341040463
    endloop
  endfacet
  facet normal 0.024080775510202736 -0.5003391783177981 0.865494553934973
    outer loop
      vertex 1.2953909617010546 -10.92345926235564 12.483858381502891
      vertex 1.441530166648921 -9.264726743003974 13.43869942196532
      vertex 1.1041679820420998 -9.310960418309435 13.421358381502891
    endloop
  endfacet
  facet normal 0.12286259866833253 -0.48634912216468956 -0.8650834140232376
    outer loop
      vertex 1.6911784975351958 -10.869218706488272 12.12619942196532
      vertex 1.441530166648921 -9.264726743003974 11.188699421965318
      vertex 2.0847354973569123 -10.800642476540922 12.143540462427746
    endloop
  endfacet
  facet normal 0.14044140143925135 -0.48156712880311703 -0.8650834140232382
    outer loop
      vertex 2.0847354973569123 -10.800642476540922 12.143540462427746
      vertex 1.7769910824337978 -9.206273596675404 11.206040462427747
      vertex 2.4755428893696303 -10.717821019353302 12.160881502890174
    endloop
  endfacet
  facet normal 0.12907628635463786 -0.4840025716975037 -0.8654945539349731
    outer loop
      vertex 2.0847354973569123 -10.800642476540922 12.143540462427746
      vertex 1.441530166648921 -9.264726743003974 11.188699421965318
      vertex 1.7769910824337978 -9.206273596675404 11.206040462427747
    endloop
  endfacet
  facet normal 0.1465657858258875 -0.47899650054477655 -0.865494553934973
    outer loop
      vertex 2.4755428893696303 -10.717821019353302 12.160881502890174
      vertex 1.7769910824337978 -9.206273596675404 11.206040462427747
      vertex 2.1101082819232615 -9.135678074584872 11.223381502890174
    endloop
  endfacet
  facet normal 0.15783497266659868 -0.47614998496821714 -0.8650834140232377
    outer loop
      vertex 2.4755428893696303 -10.717821019353302 12.160881502890174
      vertex 2.1101082819232615 -9.135678074584872 11.223381502890174
      vertex 2.8630852283006725 -10.620863570138093 12.178222543352602
    endloop
  endfacet
  facet normal 0.16386197615565026 -0.47335866938217913 -0.8654945539349732
    outer loop
      vertex 2.8630852283006725 -10.620863570138093 12.178222543352602
      vertex 2.1101082819232615 -9.135678074584872 11.223381502890174
      vertex 2.440442408827658 -9.053033286865091 11.240722543352602
    endloop
  endfacet
  facet normal 0.1809420449823187 -0.4670965140808898 -0.8654945539349729
    outer loop
      vertex 2.440442408827658 -9.053033286865091 11.240722543352602
      vertex 2.7675577775187308 -8.958448235715128 11.25806358381503
      vertex 3.246851375234434 -10.50989800840799 12.19556358381503
    endloop
  endfacet
  facet normal 0.1716607575845323 -0.9851561217926348 0
    outer loop
      vertex 1.6911784975351958 -10.869218706488272 12.12619942196532
      vertex 2.0847354973569123 -10.800642476540922 12.518540462427746
      vertex 1.6911784975351958 -10.869218706488272 12.50119942196532
    endloop
  endfacet
  facet normal 0.1716607575845323 -0.9851561217926348 -6.826563163562222e-18
    outer loop
      vertex 1.6911784975351958 -10.869218706488272 12.12619942196532
      vertex 2.0847354973569123 -10.800642476540922 12.143540462427746
      vertex 2.0847354973569123 -10.800642476540922 12.518540462427746
    endloop
  endfacet
  facet normal 0.20731956387799527 -0.978273273903278 0
    outer loop
      vertex 2.0847354973569123 -10.800642476540922 12.143540462427746
      vertex 2.4755428893696303 -10.717821019353302 12.535881502890174
      vertex 2.0847354973569123 -10.800642476540922 12.518540462427746
    endloop
  endfacet
  facet normal 0.04887386192663487 -0.49924145701481504 0.8650834140232379
    outer loop
      vertex 1.6911784975351958 -10.869218706488272 12.50119942196532
      vertex 2.0847354973569123 -10.800642476540922 12.518540462427746
      vertex 1.7769910824337978 -9.206273596675404 13.456040462427746
    endloop
  endfacet
  facet normal 0.06696959111078554 -0.4971375671263977 0.865083414023238
    outer loop
      vertex 2.0847354973569123 -10.800642476540922 12.518540462427746
      vertex 2.4755428893696303 -10.717821019353302 12.535881502890174
      vertex 2.1101082819232615 -9.135678074584872 13.473381502890174
    endloop
  endfacet
  facet normal 0.04223271415850913 -0.4991348264384159 0.8654945539349731
    outer loop
      vertex 1.6911784975351958 -10.869218706488272 12.50119942196532
      vertex 1.7769910824337978 -9.206273596675404 13.456040462427746
      vertex 1.441530166648921 -9.264726743003974 13.43869942196532
    endloop
  endfacet
  facet normal 0.0603289510639343 -0.4972721536265907 0.8654945539349729
    outer loop
      vertex 2.0847354973569123 -10.800642476540922 12.518540462427746
      vertex 2.1101082819232615 -9.135678074584872 13.473381502890174
      vertex 1.7769910824337978 -9.206273596675404 13.456040462427746
    endloop
  endfacet
  facet normal 0.07834561866420539 -0.49475361660631156 0.865494553934973
    outer loop
      vertex 2.4755428893696303 -10.717821019353302 12.535881502890174
      vertex 2.440442408827658 -9.053033286865091 13.490722543352602
      vertex 2.1101082819232615 -9.135678074584872 13.473381502890174
    endloop
  endfacet
  facet normal 0.20731956387799527 -0.978273273903278 -1.4575785030363018e-17
    outer loop
      vertex 2.0847354973569123 -10.800642476540922 12.143540462427746
      vertex 2.4755428893696303 -10.717821019353302 12.160881502890174
      vertex 2.4755428893696303 -10.717821019353302 12.535881502890174
    endloop
  endfacet
  facet normal 0.24270493141027005 -0.9701001578544023 -1.3282115388142757e-17
    outer loop
      vertex 2.4755428893696303 -10.717821019353302 12.160881502890174
      vertex 2.8630852283006725 -10.620863570138093 12.178222543352602
      vertex 2.8630852283006725 -10.620863570138093 12.553222543352602
    endloop
  endfacet
  facet normal 0.24270493141027005 -0.9701001578544023 0
    outer loop
      vertex 2.4755428893696303 -10.717821019353302 12.160881502890174
      vertex 2.8630852283006725 -10.620863570138093 12.553222543352602
      vertex 2.4755428893696303 -10.717821019353302 12.535881502890174
    endloop
  endfacet
  facet normal 0.277770189568705 -0.9606475533654191 -1.0288811627321859e-17
    outer loop
      vertex 2.8630852283006725 -10.620863570138093 12.178222543352602
      vertex 3.246851375234434 -10.50989800840799 12.19556358381503
      vertex 3.246851375234434 -10.50989800840799 12.57056358381503
    endloop
  endfacet
  facet normal 0.277770189568705 -0.9606475533654191 0
    outer loop
      vertex 2.8630852283006725 -10.620863570138093 12.178222543352602
      vertex 3.246851375234434 -10.50989800840799 12.57056358381503
      vertex 2.8630852283006725 -10.620863570138093 12.553222543352602
    endloop
  endfacet
  facet normal 0.17502037155077635 -0.4701048354613336 -0.8650834140232379
    outer loop
      vertex 2.8630852283006725 -10.620863570138093 12.178222543352602
      vertex 2.440442408827658 -9.053033286865091 11.240722543352602
      vertex 3.246851375234434 -10.50989800840799 12.19556358381503
    endloop
  endfacet
  facet normal 0.08497699248984435 -0.49437799053889947 0.8650834140232377
    outer loop
      vertex 2.4755428893696303 -10.717821019353302 12.535881502890174
      vertex 2.8630852283006725 -10.620863570138093 12.553222543352602
      vertex 2.440442408827658 -9.053033286865091 13.490722543352602
    endloop
  endfacet
  facet normal 0.09625895434292 -0.491582537136654 0.865494553934973
    outer loop
      vertex 2.8630852283006725 -10.620863570138093 12.553222543352602
      vertex 2.7675577775187308 -8.958448235715128 13.50806358381503
      vertex 2.440442408827658 -9.053033286865091 13.490722543352602
    endloop
  endfacet
  facet normal 0.10287231566884981 -0.4909663669242813 0.8650834140232376
    outer loop
      vertex 2.8630852283006725 -10.620863570138093 12.553222543352602
      vertex 3.246851375234434 -10.50989800840799 12.57056358381503
      vertex 2.7675577775187308 -8.958448235715128 13.50806358381503
    endloop
  endfacet
  facet normal 0.11404533177063357 -0.487763097630631 0.8654945539349727
    outer loop
      vertex 2.7675577775187308 -8.958448235715128 13.50806358381503
      vertex 3.246851375234434 -10.50989800840799 12.57056358381503
      vertex 3.0910229476658775 -8.852047671634788 13.525404624277458
    endloop
  endfacet
  facet normal 0.027235874307220565 -0.9996290347677588 -7.614937143927275e-19
    outer loop
      vertex 0.08513238075730768 -9.375815874985948 10.369335260115609
      vertex 0.4255215475404887 -9.366541638004426 10.386676300578035
      vertex 0.4255215475404887 -9.366541638004426 11.136676300578035
    endloop
  endfacet
  facet normal 0.027235874307220565 -0.9996290347677588 0
    outer loop
      vertex 0.08513238075730768 -9.375815874985948 10.369335260115609
      vertex 0.4255215475404887 -9.366541638004426 11.136676300578035
      vertex 0.08513238075730768 -9.375815874985948 11.119335260115609
    endloop
  endfacet
  facet normal 0.06351544936023797 -0.9979808553737727 1.660424093986982e-18
    outer loop
      vertex 0.4255215475404887 -9.366541638004426 10.386676300578035
      vertex 0.7653494837159988 -9.344913643884974 10.404017341040463
      vertex 0.7653494837159988 -9.344913643884974 11.154017341040463
    endloop
  endfacet
  facet normal 0.06351544936023797 -0.9979808553737727 0
    outer loop
      vertex 0.4255215475404887 -9.366541638004426 10.386676300578035
      vertex 0.7653494837159988 -9.344913643884974 11.154017341040463
      vertex 0.4255215475404887 -9.366541638004426 11.136676300578035
    endloop
  endfacet
  facet normal 0.09971125235882544 -0.9950164150168753 5.054724937574334e-19
    outer loop
      vertex 0.7653494837159988 -9.344913643884974 10.404017341040463
      vertex 1.1041679820420998 -9.310960418309435 10.421358381502891
      vertex 1.1041679820420998 -9.310960418309435 11.171358381502891
    endloop
  endfacet
  facet normal 0.09971125235882546 -0.9950164150168753 0
    outer loop
      vertex 0.7653494837159988 -9.344913643884974 10.404017341040463
      vertex 1.1041679820420998 -9.310960418309435 11.171358381502891
      vertex 0.7653494837159988 -9.344913643884974 11.154017341040463
    endloop
  endfacet
  facet normal 0.13577554378750856 -0.9907396235687792 -8.715539259089467e-19
    outer loop
      vertex 1.1041679820420998 -9.310960418309435 10.421358381502891
      vertex 1.441530166648921 -9.264726743003974 10.438699421965318
      vertex 1.441530166648921 -9.264726743003974 11.188699421965318
    endloop
  endfacet
  facet normal 0.13577554378750856 -0.9907396235687792 0
    outer loop
      vertex 1.1041679820420998 -9.310960418309435 10.421358381502891
      vertex 1.441530166648921 -9.264726743003974 11.188699421965318
      vertex 1.1041679820420998 -9.310960418309435 11.171358381502891
    endloop
  endfacet
  facet normal 0.17166075758452984 -0.9851561217926351 0
    outer loop
      vertex 1.441530166648921 -9.264726743003974 10.438699421965318
      vertex 1.7769910824337978 -9.206273596675404 11.206040462427747
      vertex 1.441530166648921 -9.264726743003974 11.188699421965318
    endloop
  endfacet
  facet normal 0.17166075758452984 -0.9851561217926351 4.138021279149789e-18
    outer loop
      vertex 1.441530166648921 -9.264726743003974 10.438699421965318
      vertex 1.7769910824337978 -9.206273596675404 10.456040462427747
      vertex 1.7769910824337978 -9.206273596675404 11.206040462427747
    endloop
  endfacet
  facet normal 0.2073195638779976 -0.9782732739032773 0
    outer loop
      vertex 1.7769910824337978 -9.206273596675404 10.456040462427747
      vertex 2.1101082819232615 -9.135678074584872 11.223381502890174
      vertex 1.7769910824337978 -9.206273596675404 11.206040462427747
    endloop
  endfacet
  facet normal 0.20731956387799766 -0.9782732739032775 6.148120125598548e-18
    outer loop
      vertex 1.7769910824337978 -9.206273596675404 10.456040462427747
      vertex 2.1101082819232615 -9.135678074584872 10.473381502890174
      vertex 2.1101082819232615 -9.135678074584872 11.223381502890174
    endloop
  endfacet
  facet normal 0.24270493141027075 -0.9701001578544021 -2.1337641468002934e-18
    outer loop
      vertex 2.1101082819232615 -9.135678074584872 10.473381502890174
      vertex 2.440442408827658 -9.053033286865091 10.490722543352602
      vertex 2.440442408827658 -9.053033286865091 11.240722543352602
    endloop
  endfacet
  facet normal 0.24270493141027075 -0.9701001578544021 0
    outer loop
      vertex 2.1101082819232615 -9.135678074584872 10.473381502890174
      vertex 2.440442408827658 -9.053033286865091 11.240722543352602
      vertex 2.1101082819232615 -9.135678074584872 11.223381502890174
    endloop
  endfacet
  facet normal 0.27777018956870136 -0.9606475533654202 5.5492785619234555e-18
    outer loop
      vertex 2.440442408827658 -9.053033286865091 10.490722543352602
      vertex 2.7675577775187308 -8.958448235715128 10.50806358381503
      vertex 2.7675577775187308 -8.958448235715128 11.25806358381503
    endloop
  endfacet
  facet normal 0.27777018956870136 -0.9606475533654202 0
    outer loop
      vertex 2.440442408827658 -9.053033286865091 10.490722543352602
      vertex 2.7675577775187308 -8.958448235715128 11.25806358381503
      vertex 2.440442408827658 -9.053033286865091 11.240722543352602
    endloop
  endfacet
  facet normal 0.3124690899405893 -0.9499279277038336 4.469758548601049e-18
    outer loop
      vertex 2.7675577775187308 -8.958448235715128 10.50806358381503
      vertex 3.0910229476658775 -8.852047671634788 10.525404624277456
      vertex 3.0910229476658775 -8.852047671634788 11.275404624277456
    endloop
  endfacet
  facet normal 0.3124690899405893 -0.9499279277038336 0
    outer loop
      vertex 2.7675577775187308 -8.958448235715128 10.50806358381503
      vertex 3.0910229476658775 -8.852047671634788 11.275404624277456
      vertex 2.7675577775187308 -8.958448235715128 11.25806358381503
    endloop
  endfacet
  facet normal 0.027235874307220565 -0.9996290347677589 -5.43601387101235e-19
    outer loop
      vertex 0.08513238075730768 -9.375815874985948 13.369335260115607
      vertex 0.4255215475404887 -9.366541638004426 13.386676300578035
      vertex 0.4255215475404887 -9.366541638004426 14.437299605349304
    endloop
  endfacet
  facet normal 0.06351544936023797 -0.9979808553737727 1.205206083086334e-18
    outer loop
      vertex 0.4255215475404887 -9.366541638004426 13.386676300578035
      vertex 0.7653494837159988 -9.344913643884974 13.404017341040463
      vertex 0.7653494837159988 -9.344913643884974 14.437299605349304
    endloop
  endfacet
  facet normal 0.02723587430722057 -0.999629034767759 0
    outer loop
      vertex 0.08513238075730768 -9.375815874985948 13.369335260115607
      vertex 0.4255215475404887 -9.366541638004426 14.437299605349304
      vertex 0.08513238075730768 -9.375815874985948 14.437299605349304
    endloop
  endfacet
  facet normal 0.06351544936023797 -0.9979808553737728 0
    outer loop
      vertex 0.4255215475404887 -9.366541638004426 13.386676300578035
      vertex 0.7653494837159988 -9.344913643884974 14.437299605349304
      vertex 0.4255215475404887 -9.366541638004426 14.437299605349304
    endloop
  endfacet
  facet normal 0.09971125235882546 -0.9950164150168753 3.7315581002094164e-19
    outer loop
      vertex 0.7653494837159988 -9.344913643884974 13.404017341040463
      vertex 1.1041679820420998 -9.310960418309435 13.421358381502891
      vertex 1.1041679820420998 -9.310960418309435 14.437299605349304
    endloop
  endfacet
  facet normal 0.13577554378750853 -0.9907396235687792 -6.545817388262589e-19
    outer loop
      vertex 1.1041679820420998 -9.310960418309435 13.421358381502891
      vertex 1.441530166648921 -9.264726743003974 13.43869942196532
      vertex 1.441530166648921 -9.264726743003974 14.437299605349304
    endloop
  endfacet
  facet normal 0.09971125235882546 -0.9950164150168753 0
    outer loop
      vertex 0.7653494837159988 -9.344913643884974 13.404017341040463
      vertex 1.1041679820420998 -9.310960418309435 14.437299605349304
      vertex 0.7653494837159988 -9.344913643884974 14.437299605349304
    endloop
  endfacet
  facet normal 0.13577554378750853 -0.9907396235687793 0
    outer loop
      vertex 1.1041679820420998 -9.310960418309435 13.421358381502891
      vertex 1.441530166648921 -9.264726743003974 14.437299605349304
      vertex 1.1041679820420998 -9.310960418309435 14.437299605349304
    endloop
  endfacet
  facet normal 0.17166075758452987 -0.9851561217926351 0
    outer loop
      vertex 1.441530166648921 -9.264726743003974 13.43869942196532
      vertex 1.7769910824337978 -9.206273596675404 14.437299605349304
      vertex 1.441530166648921 -9.264726743003974 14.437299605349304
    endloop
  endfacet
  facet normal 0.01926025915582554 -0.7069027434970404 0.7070484804124875
    outer loop
      vertex 0.08513238075730768 -9.375815874985948 14.437299605349304
      vertex 0.4255215475404887 -9.366541638004426 14.437299605349304
      vertex 0.35460128961707393 -7.805451365003689 15.999999999999998
    endloop
  endfacet
  facet normal 0.044915907647311265 -0.7057372085887286 0.7070484804124875
    outer loop
      vertex 0.4255215475404887 -9.366541638004426 14.437299605349304
      vertex 0.7653494837159988 -9.344913643884974 14.437299605349304
      vertex 0.6377912364299989 -7.787428036570812 15.999999999999998
    endloop
  endfacet
  facet normal 0.01926025915582246 -0.7069027434970403 0.7070484804124879
    outer loop
      vertex 0.08513238075730768 -9.375815874985948 14.437299605349304
      vertex 0.35460128961707393 -7.805451365003689 15.999999999999998
      vertex 0.07094365063108975 -7.813179895821623 15.999999999999998
    endloop
  endfacet
  facet normal 0.044915907647311556 -0.7057372085887283 0.7070484804124875
    outer loop
      vertex 0.4255215475404887 -9.366541638004426 14.437299605349304
      vertex 0.6377912364299989 -7.787428036570812 15.999999999999998
      vertex 0.35460128961707393 -7.805451365003689 15.999999999999998
    endloop
  endfacet
  facet normal 0.07051231546746332 -0.7036408598950243 0.7070484804124877
    outer loop
      vertex 0.7653494837159988 -9.344913643884974 14.437299605349304
      vertex 0.9201399850350833 -7.75913368192453 15.999999999999998
      vertex 0.6377912364299989 -7.787428036570812 15.999999999999998
    endloop
  endfacet
  facet normal 0.0705123154674627 -0.7036408598950242 0.7070484804124877
    outer loop
      vertex 0.7653494837159988 -9.344913643884974 14.437299605349304
      vertex 1.1041679820420998 -9.310960418309435 14.437299605349304
      vertex 0.9201399850350833 -7.75913368192453 15.999999999999998
    endloop
  endfacet
  facet normal 0.09601572289813605 -0.7006164623406593 0.7070484804124877
    outer loop
      vertex 1.1041679820420998 -9.310960418309435 14.437299605349304
      vertex 1.441530166648921 -9.264726743003974 14.437299605349304
      vertex 0.9201399850350833 -7.75913368192453 15.999999999999998
    endloop
  endfacet
  facet normal 0.09601572289813627 -0.7006164623406592 0.7070484804124875
    outer loop
      vertex 1.441530166648921 -9.264726743003974 14.437299605349304
      vertex 1.201275138874101 -7.720605619169979 15.999999999999998
      vertex 0.9201399850350833 -7.75913368192453 15.999999999999998
    endloop
  endfacet
  facet normal 0.12139249288159949 -0.6966680048763421 0.7070484804124876
    outer loop
      vertex 1.441530166648921 -9.264726743003974 14.437299605349304
      vertex 1.4808259020281649 -7.67189466389617 15.999999999999998
      vertex 1.201275138874101 -7.720605619169979 15.999999999999998
    endloop
  endfacet
  facet normal 0 0 1
    outer loop
      vertex 0.07094365063108975 -7.813179895821623 15.999999999999998
      vertex 0.35460128961707393 -7.805451365003689 15.999999999999998
      vertex 0.19932123453999862 -6.977153505940762 15.999999999999998
    endloop
  endfacet
  facet normal 0 0 1
    outer loop
      vertex 0.07094365063108975 -7.813179895821623 15.999999999999998
      vertex 0.19932123453999862 -6.977153505940762 15.999999999999998
      vertex -0.19932123453999862 -6.977153505940762 15.999999999999998
    endloop
  endfacet
  facet normal 0 0 1
    outer loop
      vertex 0.35460128961707393 -7.805451365003689 15.999999999999998
      vertex 0.6377912364299989 -7.787428036570812 15.999999999999998
      vertex 0.19932123453999862 -6.977153505940762 15.999999999999998
    endloop
  endfacet
  facet normal 0 0 1
    outer loop
      vertex 0.6377912364299989 -7.787428036570812 15.999999999999998
      vertex 0.9201399850350833 -7.75913368192453 15.999999999999998
      vertex 0.5973135591823047 -6.954395481421586 15.999999999999998
    endloop
  endfacet
  facet normal 0 0 1
    outer loop
      vertex 0.6377912364299989 -7.787428036570812 15.999999999999998
      vertex 0.5973135591823047 -6.954395481421586 15.999999999999998
      vertex 0.19932123453999862 -6.977153505940762 15.999999999999998
    endloop
  endfacet
  facet normal 0 0 1
    outer loop
      vertex 0.9201399850350833 -7.75913368192453 15.999999999999998
      vertex 1.201275138874101 -7.720605619169979 15.999999999999998
      vertex 0.5973135591823047 -6.954395481421586 15.999999999999998
    endloop
  endfacet
  facet normal 0 0 1
    outer loop
      vertex 1.201275138874101 -7.720605619169979 15.999999999999998
      vertex 0.993357571147531 -6.9089536643289104 15.999999999999998
      vertex 0.5973135591823047 -6.954395481421586 15.999999999999998
    endloop
  endfacet
  facet normal 0 0 1
    outer loop
      vertex 1.201275138874101 -7.720605619169979 15.999999999999998
      vertex 1.4808259020281649 -7.67189466389617 15.999999999999998
      vertex 0.993357571147531 -6.9089536643289104 15.999999999999998
    endloop
  endfacet
  facet normal 0 0 1
    outer loop
      vertex 1.4808259020281649 -7.67189466389617 15.999999999999998
      vertex 1.3861614571873015 -6.8409762764249065 15.999999999999998
      vertex 0.993357571147531 -6.9089536643289104 15.999999999999998
    endloop
  endfacet
  facet normal 0 0 1
    outer loop
      vertex 1.4808259020281649 -7.67189466389617 15.999999999999998
      vertex 1.7584235682693847 -7.61306506215406 15.999999999999998
      vertex 1.3861614571873015 -6.8409762764249065 15.999999999999998
    endloop
  endfacet
  facet normal 0.17166075758452984 -0.9851561217926351 3.1627893423974294e-18
    outer loop
      vertex 1.441530166648921 -9.264726743003974 13.43869942196532
      vertex 1.7769910824337978 -9.206273596675404 13.456040462427746
      vertex 1.7769910824337978 -9.206273596675404 14.437299605349304
    endloop
  endfacet
  facet normal 0.20731956387799763 -0.9782732739032773 4.783694882827888e-18
    outer loop
      vertex 1.7769910824337978 -9.206273596675404 13.456040462427746
      vertex 2.1101082819232615 -9.135678074584872 13.473381502890174
      vertex 2.1101082819232615 -9.135678074584872 14.437299605349304
    endloop
  endfacet
  facet normal 0.24270493141027075 -0.9701001578544021 -1.6906421826074157e-18
    outer loop
      vertex 2.1101082819232615 -9.135678074584872 13.473381502890174
      vertex 2.440442408827658 -9.053033286865091 13.490722543352602
      vertex 2.440442408827658 -9.053033286865091 14.437299605349304
    endloop
  endfacet
  facet normal 0.20731956387799763 -0.9782732739032775 0
    outer loop
      vertex 1.7769910824337978 -9.206273596675404 13.456040462427746
      vertex 2.1101082819232615 -9.135678074584872 14.437299605349304
      vertex 1.7769910824337978 -9.206273596675404 14.437299605349304
    endloop
  endfacet
  facet normal 0.24270493141027077 -0.9701001578544021 0
    outer loop
      vertex 2.1101082819232615 -9.135678074584872 13.473381502890174
      vertex 2.440442408827658 -9.053033286865091 14.437299605349304
      vertex 2.1101082819232615 -9.135678074584872 14.437299605349304
    endloop
  endfacet
  facet normal 0.27777018956870136 -0.9606475533654202 4.478903986708053e-18
    outer loop
      vertex 2.440442408827658 -9.053033286865091 13.490722543352602
      vertex 2.7675577775187308 -8.958448235715128 13.50806358381503
      vertex 2.7675577775187308 -8.958448235715128 14.437299605349304
    endloop
  endfacet
  facet normal 0.31246908994058936 -0.9499279277038337 3.676211604444246e-18
    outer loop
      vertex 2.7675577775187308 -8.958448235715128 13.50806358381503
      vertex 3.0910229476658775 -8.852047671634788 13.525404624277458
      vertex 3.0910229476658775 -8.852047671634788 14.437299605349304
    endloop
  endfacet
  facet normal 0.27777018956870136 -0.9606475533654202 0
    outer loop
      vertex 2.440442408827658 -9.053033286865091 13.490722543352602
      vertex 2.7675577775187308 -8.958448235715128 14.437299605349304
      vertex 2.440442408827658 -9.053033286865091 14.437299605349304
    endloop
  endfacet
  facet normal 0.3124690899405893 -0.9499279277038336 0
    outer loop
      vertex 2.7675577775187308 -8.958448235715128 13.50806358381503
      vertex 3.0910229476658775 -8.852047671634788 14.437299605349304
      vertex 2.7675577775187308 -8.958448235715128 14.437299605349304
    endloop
  endfacet
  facet normal 0.12139249288159869 -0.6966680048763422 0.7070484804124877
    outer loop
      vertex 1.441530166648921 -9.264726743003974 14.437299605349304
      vertex 1.7769910824337978 -9.206273596675404 14.437299605349304
      vertex 1.4808259020281649 -7.67189466389617 15.999999999999998
    endloop
  endfacet
  facet normal 0.14660915538534264 -0.6918006952176244 0.7070484804124877
    outer loop
      vertex 1.7769910824337978 -9.206273596675404 14.437299605349304
      vertex 2.1101082819232615 -9.135678074584872 14.437299605349304
      vertex 1.7584235682693847 -7.61306506215406 15.999999999999998
    endloop
  endfacet
  facet normal 0.17163245154642948 -0.686020952976332 0.7070484804124875
    outer loop
      vertex 2.1101082819232615 -9.135678074584872 14.437299605349304
      vertex 2.440442408827658 -9.053033286865091 14.437299605349304
      vertex 2.0337020073563816 -7.54419440572091 15.999999999999998
    endloop
  endfacet
  facet normal 0.14660915538534258 -0.6918006952176244 0.7070484804124877
    outer loop
      vertex 1.4808259020281649 -7.67189466389617 15.999999999999998
      vertex 1.7769910824337978 -9.206273596675404 14.437299605349304
      vertex 1.7584235682693847 -7.61306506215406 15.999999999999998
    endloop
  endfacet
  facet normal 0.17163245154642762 -0.6860209529763324 0.7070484804124877
    outer loop
      vertex 2.1101082819232615 -9.135678074584872 14.437299605349304
      vertex 2.0337020073563816 -7.54419440572091 15.999999999999998
      vertex 1.7584235682693847 -7.61306506215406 15.999999999999998
    endloop
  endfacet
  facet normal 0.19642937753746517 -0.6793364011935739 0.7070484804124875
    outer loop
      vertex 2.440442408827658 -9.053033286865091 14.437299605349304
      vertex 2.7675577775187308 -8.958448235715128 14.437299605349304
      vertex 2.0337020073563816 -7.54419440572091 15.999999999999998
    endloop
  endfacet
  facet normal 0.22096722809611435 -0.6717558562855345 0.7070484804124877
    outer loop
      vertex 2.7675577775187308 -8.958448235715128 14.437299605349304
      vertex 3.0910229476658775 -8.852047671634788 14.437299605349304
      vertex 2.3062981479322757 -7.465373529762607 15.999999999999998
    endloop
  endfacet
  facet normal 0.24521363966086154 -0.663289316415292 0.7070484804124876
    outer loop
      vertex 3.0910229476658775 -8.852047671634788 14.437299605349304
      vertex 3.410411293273186 -8.733971928888174 14.437299605349304
      vertex 2.842009411060989 -7.2783099407401455 15.999999999999998
    endloop
  endfacet
  facet normal 0.19642937753746773 -0.6793364011935726 0.7070484804124879
    outer loop
      vertex 2.7675577775187308 -8.958448235715128 14.437299605349304
      vertex 2.3062981479322757 -7.465373529762607 15.999999999999998
      vertex 2.0337020073563816 -7.54419440572091 15.999999999999998
    endloop
  endfacet
  facet normal 0.22096722809611266 -0.6717558562855351 0.7070484804124877
    outer loop
      vertex 3.0910229476658775 -8.852047671634788 14.437299605349304
      vertex 2.5758524563882315 -7.37670639302899 15.999999999999998
      vertex 2.3062981479322757 -7.465373529762607 15.999999999999998
    endloop
  endfacet
  facet normal 0.24521363966086163 -0.6632893164152919 0.7070484804124876
    outer loop
      vertex 3.0910229476658775 -8.852047671634788 14.437299605349304
      vertex 2.842009411060989 -7.2783099407401455 15.999999999999998
      vertex 2.5758524563882315 -7.37670639302899 15.999999999999998
    endloop
  endfacet
  facet normal 0 0 1
    outer loop
      vertex 1.7584235682693847 -7.61306506215406 15.999999999999998
      vertex 2.0337020073563816 -7.54419440572091 15.999999999999998
      vertex 1.3861614571873015 -6.8409762764249065 15.999999999999998
    endloop
  endfacet
  facet normal 0 0 1
    outer loop
      vertex 2.0337020073563816 -7.54419440572091 15.999999999999998
      vertex 1.7744439726705412 -6.750685045819661 15.999999999999998
      vertex 1.3861614571873015 -6.8409762764249065 15.999999999999998
    endloop
  endfacet
  facet normal 0 0 1
    outer loop
      vertex 2.0337020073563816 -7.54419440572091 15.999999999999998
      vertex 2.3062981479322757 -7.465373529762607 15.999999999999998
      vertex 1.7744439726705412 -6.750685045819661 15.999999999999998
    endloop
  endfacet
  facet normal 0 0 1
    outer loop
      vertex 2.3062981479322757 -7.465373529762607 15.999999999999998
      vertex 2.156938620737133 -6.638374483740172 15.999999999999998
      vertex 1.7744439726705412 -6.750685045819661 15.999999999999998
    endloop
  endfacet
  facet normal 0 0 1
    outer loop
      vertex 2.3062981479322757 -7.465373529762607 15.999999999999998
      vertex 2.5758524563882315 -7.37670639302899 15.999999999999998
      vertex 2.156938620737133 -6.638374483740172 15.999999999999998
    endloop
  endfacet
  facet normal 0 0 1
    outer loop
      vertex 2.5758524563882315 -7.37670639302899 15.999999999999998
      vertex 2.842009411060989 -7.2783099407401455 15.999999999999998
      vertex 2.156938620737133 -6.638374483740172 15.999999999999998
    endloop
  endfacet
  facet normal 0.26913663305608637 -0.6539479483059992 0.7070484804124877
    outer loop
      vertex 2.842009411060989 -7.2783099407401455 15.999999999999998
      vertex 3.410411293273186 -8.733971928888174 14.437299605349304
      vertex 3.104417971138935 -7.17031395034455 15.999999999999998
    endloop
  endfacet
  facet normal 0 0 1
    outer loop
      vertex 2.842009411060989 -7.2783099407401455 15.999999999999998
      vertex 2.532397783347472 -6.5044109238959384 15.999999999999998
      vertex 2.156938620737133 -6.638374483740172 15.999999999999998
    endloop
  endfacet
  facet normal 0 0 1
    outer loop
      vertex 2.842009411060989 -7.2783099407401455 15.999999999999998
      vertex 3.104417971138935 -7.17031395034455 15.999999999999998
      vertex 2.532397783347472 -6.5044109238959384 15.999999999999998
    endloop
  endfacet
  facet normal 0 0 1
    outer loop
      vertex 3.104417971138935 -7.17031395034455 15.999999999999998
      vertex 2.899596790753169 -6.349231327574538 15.999999999999998
      vertex 2.532397783347472 -6.5044109238959384 15.999999999999998
    endloop
  endfacet
  facet normal 0 0 1
    outer loop
      vertex 3.104417971138935 -7.17031395034455 15.999999999999998
      vertex 3.3627320396582814 -7.052860860352466 15.999999999999998
      vertex 2.899596790753169 -6.349231327574538 15.999999999999998
    endloop
  endfacet
  facet normal 0.19778346499214874 -0.4602182939482113 -0.8654945539349727
    outer loop
      vertex 2.7675577775187308 -8.958448235715128 11.25806358381503
      vertex 3.0910229476658775 -8.852047671634788 11.275404624277456
      vertex 3.6263351717657955 -10.385070689312343 12.212904624277458
    endloop
  endfacet
  facet normal 0.3124690899405878 -0.9499279277038342 1.1157774719582333e-17
    outer loop
      vertex 3.246851375234434 -10.50989800840799 12.19556358381503
      vertex 3.6263351717657955 -10.385070689312343 12.212904624277458
      vertex 3.6263351717657955 -10.385070689312343 12.587904624277458
    endloop
  endfacet
  facet normal 0.3124690899405878 -0.9499279277038342 0
    outer loop
      vertex 3.246851375234434 -10.50989800840799 12.19556358381503
      vertex 3.6263351717657955 -10.385070689312343 12.587904624277458
      vertex 3.246851375234434 -10.50989800840799 12.57056358381503
    endloop
  endfacet
  facet normal 0.346755867311329 -0.9379554192418571 -8.715861087883805e-18
    outer loop
      vertex 3.6263351717657955 -10.385070689312343 12.212904624277458
      vertex 4.001036107584622 -10.246546250605816 12.230245664739885
      vertex 4.001036107584622 -10.246546250605816 12.605245664739885
    endloop
  endfacet
  facet normal 0.346755867311329 -0.9379554192418571 0
    outer loop
      vertex 3.6263351717657955 -10.385070689312343 12.212904624277458
      vertex 4.001036107584622 -10.246546250605816 12.605245664739885
      vertex 3.6263351717657955 -10.385070689312343 12.587904624277458
    endloop
  endfacet
  facet normal 0.19197493185568748 -0.4634396533756079 -0.8650834140232377
    outer loop
      vertex 2.7675577775187308 -8.958448235715128 11.25806358381503
      vertex 3.6263351717657955 -10.385070689312343 12.212904624277458
      vertex 3.246851375234434 -10.50989800840799 12.19556358381503
    endloop
  endfacet
  facet normal 0.20867629180379943 -0.4561632295800653 -0.8650834140232375
    outer loop
      vertex 3.0910229476658775 -8.852047671634788 11.275404624277456
      vertex 4.001036107584622 -10.246546250605816 12.230245664739885
      vertex 3.6263351717657955 -10.385070689312343 12.212904624277458
    endloop
  endfacet
  facet normal 0.1206319580754704 -0.4869071959550173 0.8650834140232377
    outer loop
      vertex 3.0910229476658775 -8.852047671634788 13.525404624277458
      vertex 3.246851375234434 -10.50989800840799 12.57056358381503
      vertex 3.6263351717657955 -10.385070689312343 12.587904624277458
    endloop
  endfacet
  facet normal 0.13823249609002522 -0.4822058313693647 0.8650834140232381
    outer loop
      vertex 3.6263351717657955 -10.385070689312343 12.587904624277458
      vertex 4.001036107584622 -10.246546250605816 12.605245664739885
      vertex 3.410411293273186 -8.733971928888174 13.542745664739885
    endloop
  endfacet
  facet normal 0.38058530002526103 -0.9247458188089753 0
    outer loop
      vertex 4.001036107584622 -10.246546250605816 12.230245664739885
      vertex 4.370459980610854 -10.094507395503703 12.622586705202313
      vertex 4.001036107584622 -10.246546250605816 12.605245664739885
    endloop
  endfacet
  facet normal 0.38058530002526103 -0.9247458188089753 -1.7447991940148007e-17
    outer loop
      vertex 4.001036107584622 -10.246546250605816 12.230245664739885
      vertex 4.370459980610854 -10.094507395503703 12.247586705202313
      vertex 4.370459980610854 -10.094507395503703 12.622586705202313
    endloop
  endfacet
  facet normal 0.22510242356962598 -0.44828516112512506 -0.8650834140232383
    outer loop
      vertex 4.001036107584622 -10.246546250605816 12.230245664739885
      vertex 3.410411293273186 -8.733971928888174 11.292745664739886
      vertex 4.370459980610854 -10.094507395503703 12.247586705202313
    endloop
  endfacet
  facet normal 0.24123166233273305 -0.43981583858483936 -0.8650834140232379
    outer loop
      vertex 4.370459980610854 -10.094507395503703 12.247586705202313
      vertex 3.7253015653667214 -8.604376740413459 11.310086705202313
      vertex 4.734119548809524 -9.929154651710261 12.26492774566474
    endloop
  endfacet
  facet normal 0.413912769629588 -0.9103165488650437 0
    outer loop
      vertex 4.370459980610854 -10.094507395503703 12.247586705202313
      vertex 4.734119548809524 -9.929154651710261 12.63992774566474
      vertex 4.370459980610854 -10.094507395503703 12.622586705202313
    endloop
  endfacet
  facet normal 0.413912769629588 -0.9103165488650437 -1.255685496589849e-17
    outer loop
      vertex 4.370459980610854 -10.094507395503703 12.247586705202313
      vertex 4.734119548809524 -9.929154651710261 12.26492774566474
      vertex 4.734119548809524 -9.929154651710261 12.63992774566474
    endloop
  endfacet
  facet normal 0.2570427348520325 -0.43076643235248335 -0.865083414023238
    outer loop
      vertex 4.734119548809524 -9.929154651710261 12.26492774566474
      vertex 4.0352784475899375 -8.463433032422957 11.32742774566474
      vertex 5.091535172825996 -9.750706106937885 12.282268786127167
    endloop
  endfacet
  facet normal 0.15565071593942012 -0.47686847391020215 0.8650834140232377
    outer loop
      vertex 4.001036107584622 -10.246546250605816 12.605245664739885
      vertex 4.370459980610854 -10.094507395503703 12.622586705202313
      vertex 3.7253015653667214 -8.604376740413459 13.560086705202313
    endloop
  endfacet
  facet normal 0.17286364431439669 -0.47090216314670413 0.8650834140232379
    outer loop
      vertex 4.370459980610854 -10.094507395503703 12.622586705202313
      vertex 4.734119548809524 -9.929154651710261 12.63992774566474
      vertex 4.0352784475899375 -8.463433032422957 13.57742774566474
    endloop
  endfacet
  facet normal 0.44669431972276286 -0.8946866405213716 0
    outer loop
      vertex 4.734119548809524 -9.929154651710261 12.26492774566474
      vertex 5.091535172825996 -9.750706106937885 12.657268786127167
      vertex 4.734119548809524 -9.929154651710261 12.63992774566474
    endloop
  endfacet
  facet normal 0.44669431972276286 -0.8946866405213716 2.1664111545906927e-17
    outer loop
      vertex 4.734119548809524 -9.929154651710261 12.26492774566474
      vertex 5.091535172825996 -9.750706106937885 12.282268786127167
      vertex 5.091535172825996 -9.750706106937885 12.657268786127167
    endloop
  endfacet
  facet normal 0.47888671392958715 -0.8778767084401555 0
    outer loop
      vertex 5.091535172825996 -9.750706106937885 12.282268786127167
      vertex 5.442235448593855 -9.559397121265988 12.674609826589597
      vertex 5.091535172825996 -9.750706106937885 12.657268786127167
    endloop
  endfacet
  facet normal 0.47888671392958715 -0.8778767084401555 -2.3737157828489568e-17
    outer loop
      vertex 5.091535172825996 -9.750706106937885 12.282268786127167
      vertex 5.442235448593855 -9.559397121265988 12.299609826589597
      vertex 5.442235448593855 -9.559397121265988 12.674609826589597
    endloop
  endfacet
  facet normal 0.510447492926752 -0.8599089236452854 2.480646203082531e-17
    outer loop
      vertex 5.442235448593855 -9.559397121265988 12.299609826589597
      vertex 5.785757829081063 -9.355480016718928 12.316950867052023
      vertex 5.785757829081063 -9.355480016718928 12.691950867052023
    endloop
  endfacet
  facet normal 0.510447492926752 -0.8599089236452854 0
    outer loop
      vertex 5.442235448593855 -9.559397121265988 12.299609826589597
      vertex 5.785757829081063 -9.355480016718928 12.691950867052023
      vertex 5.442235448593855 -9.559397121265988 12.674609826589597
    endloop
  endfacet
  facet normal 0.3467558673113316 -0.9379554192418561 8.98472397794809e-18
    outer loop
      vertex 3.0910229476658775 -8.852047671634788 10.525404624277456
      vertex 3.410411293273186 -8.733971928888174 10.542745664739886
      vertex 3.410411293273186 -8.733971928888174 11.292745664739886
    endloop
  endfacet
  facet normal 0.3467558673113316 -0.9379554192418561 0
    outer loop
      vertex 3.0910229476658775 -8.852047671634788 10.525404624277456
      vertex 3.410411293273186 -8.733971928888174 11.292745664739886
      vertex 3.0910229476658775 -8.852047671634788 11.275404624277456
    endloop
  endfacet
  facet normal 0.38058530002526 -0.9247458188089757 0
    outer loop
      vertex 3.410411293273186 -8.733971928888174 10.542745664739886
      vertex 3.7253015653667214 -8.604376740413459 11.310086705202313
      vertex 3.410411293273186 -8.733971928888174 11.292745664739886
    endloop
  endfacet
  facet normal 0.38058530002526 -0.9247458188089757 -9.011635498837856e-18
    outer loop
      vertex 3.410411293273186 -8.733971928888174 10.542745664739886
      vertex 3.7253015653667214 -8.604376740413459 10.560086705202313
      vertex 3.7253015653667214 -8.604376740413459 11.310086705202313
    endloop
  endfacet
  facet normal 0.2143640236310781 -0.45273308083416675 -0.8654945539349733
    outer loop
      vertex 3.0910229476658775 -8.852047671634788 11.275404624277456
      vertex 3.410411293273186 -8.733971928888174 11.292745664739886
      vertex 4.001036107584622 -10.246546250605816 12.230245664739885
    endloop
  endfacet
  facet normal 0.2306618524013359 -0.4446507471664545 -0.865494553934973
    outer loop
      vertex 4.370459980610854 -10.094507395503703 12.247586705202313
      vertex 3.410411293273186 -8.733971928888174 11.292745664739886
      vertex 3.7253015653667214 -8.604376740413459 11.310086705202313
    endloop
  endfacet
  facet normal 0.4139127696295884 -0.9103165488650435 0
    outer loop
      vertex 3.7253015653667214 -8.604376740413459 10.560086705202313
      vertex 4.0352784475899375 -8.463433032422957 11.32742774566474
      vertex 3.7253015653667214 -8.604376740413459 11.310086705202313
    endloop
  endfacet
  facet normal 0.24665545570443806 -0.43598195292940495 -0.8654945539349731
    outer loop
      vertex 4.734119548809524 -9.929154651710261 12.26492774566474
      vertex 3.7253015653667214 -8.604376740413459 11.310086705202313
      vertex 4.0352784475899375 -8.463433032422957 11.32742774566474
    endloop
  endfacet
  facet normal 0.26232373919214974 -0.4267381316043252 -0.8654945539349734
    outer loop
      vertex 5.091535172825996 -9.750706106937885 12.282268786127167
      vertex 4.0352784475899375 -8.463433032422957 11.32742774566474
      vertex 4.33993310397441 -8.311326698964429 11.344768786127169
    endloop
  endfacet
  facet normal 0.4139127696295884 -0.9103165488650435 1.087513759734637e-17
    outer loop
      vertex 3.7253015653667214 -8.604376740413459 10.560086705202313
      vertex 4.0352784475899375 -8.463433032422957 10.57742774566474
      vertex 4.0352784475899375 -8.463433032422957 11.32742774566474
    endloop
  endfacet
  facet normal 0.4466943197227633 -0.8946866405213714 0
    outer loop
      vertex 4.0352784475899375 -8.463433032422957 10.57742774566474
      vertex 4.33993310397441 -8.311326698964429 11.344768786127169
      vertex 4.0352784475899375 -8.463433032422957 11.32742774566474
    endloop
  endfacet
  facet normal 0.4466943197227633 -0.8946866405213714 -1.0257526499811037e-17
    outer loop
      vertex 4.0352784475899375 -8.463433032422957 10.57742774566474
      vertex 4.33993310397441 -8.311326698964429 10.594768786127169
      vertex 4.33993310397441 -8.311326698964429 11.344768786127169
    endloop
  endfacet
  facet normal 0.478886713929587 -0.8778767084401555 0
    outer loop
      vertex 4.33993310397441 -8.311326698964429 10.594768786127169
      vertex 4.6388637181634325 -8.148258356740957 11.362109826589595
      vertex 4.33993310397441 -8.311326698964429 11.344768786127169
    endloop
  endfacet
  facet normal 0.478886713929587 -0.8778767084401555 5.3627803006318236e-18
    outer loop
      vertex 4.33993310397441 -8.311326698964429 10.594768786127169
      vertex 4.6388637181634325 -8.148258356740957 10.612109826589595
      vertex 4.6388637181634325 -8.148258356740957 11.362109826589595
    endloop
  endfacet
  facet normal 0.131681292066197 -0.4833003356389057 0.8654945539349732
    outer loop
      vertex 3.0910229476658775 -8.852047671634788 13.525404624277458
      vertex 3.6263351717657955 -10.385070689312343 12.587904624277458
      vertex 3.410411293273186 -8.733971928888174 13.542745664739885
    endloop
  endfacet
  facet normal 0.14914357473721393 -0.4782001372056547 0.8654945539349731
    outer loop
      vertex 4.001036107584622 -10.246546250605816 12.605245664739885
      vertex 3.7253015653667214 -8.604376740413459 13.560086705202313
      vertex 3.410411293273186 -8.733971928888174 13.542745664739885
    endloop
  endfacet
  facet normal 0.2776460375883749 -0.4169314750895851 -0.8654945539349727
    outer loop
      vertex 5.442235448593855 -9.559397121265988 12.299609826589597
      vertex 4.33993310397441 -8.311326698964429 11.344768786127169
      vertex 4.6388637181634325 -8.148258356740957 11.362109826589595
    endloop
  endfacet
  facet normal 0.5104474929267506 -0.8599089236452863 -2.462740956767461e-18
    outer loop
      vertex 4.6388637181634325 -8.148258356740957 10.612109826589595
      vertex 4.931676023377272 -7.974443080512748 10.629450867052023
      vertex 4.931676023377272 -7.974443080512748 11.379450867052023
    endloop
  endfacet
  facet normal 0.5104474929267506 -0.8599089236452863 0
    outer loop
      vertex 4.6388637181634325 -8.148258356740957 10.612109826589595
      vertex 4.931676023377272 -7.974443080512748 11.379450867052023
      vertex 4.6388637181634325 -8.148258356740957 11.362109826589595
    endloop
  endfacet
  facet normal 0.5413350304434436 -0.8408069842804565 0
    outer loop
      vertex 4.931676023377272 -7.974443080512748 10.629450867052023
      vertex 5.2179838224211395 -7.79011011942984 11.396791907514451
      vertex 4.931676023377272 -7.974443080512748 11.379450867052023
    endloop
  endfacet
  facet normal 0.5413350304434436 -0.8408069842804565 3.110099478436765e-18
    outer loop
      vertex 4.931676023377272 -7.974443080512748 10.629450867052023
      vertex 5.2179838224211395 -7.79011011942984 10.646791907514451
      vertex 5.2179838224211395 -7.79011011942984 11.396791907514451
    endloop
  endfacet
  facet normal 0.2926021419450955 -0.40657491762041154 -0.8654945539349729
    outer loop
      vertex 4.6388637181634325 -8.148258356740957 11.362109826589595
      vertex 4.931676023377272 -7.974443080512748 11.379450867052023
      vertex 5.785757829081063 -9.355480016718928 12.316950867052023
    endloop
  endfacet
  facet normal 0.3071723262964 -0.39568211870965336 -0.865494553934973
    outer loop
      vertex 4.931676023377272 -7.974443080512748 11.379450867052023
      vertex 5.2179838224211395 -7.79011011942984 11.396791907514451
      vertex 6.121649234354401 -9.139223744472403 12.334291907514451
    endloop
  endfacet
  facet normal 0.32133737367557436 -0.3842674451318855 -0.8654945539349729
    outer loop
      vertex 5.2179838224211395 -7.79011011942984 11.396791907514451
      vertex 5.4974094970499205 -7.595502594669904 11.41413294797688
      vertex 6.449466649157452 -8.910913530127297 12.35163294797688
    endloop
  endfacet
  facet normal 0.33507860146079727 -0.372345951974743 -0.8654945539349733
    outer loop
      vertex 5.4974094970499205 -7.595502594669904 11.41413294797688
      vertex 5.7695845060179884 -7.39087717877987 11.431473988439308
      vertex 6.7687777072141015 -8.670850497518765 12.368973988439306
    endloop
  endfacet
  facet normal 0.2725147875235508 -0.42114887790767386 -0.8650834140232382
    outer loop
      vertex 5.091535172825996 -9.750706106937885 12.282268786127167
      vertex 4.33993310397441 -8.311326698964429 11.344768786127169
      vertex 5.442235448593855 -9.559397121265988 12.299609826589597
    endloop
  endfacet
  facet normal 0.28762741388472063 -0.4109758600743933 -0.8650834140232376
    outer loop
      vertex 5.442235448593855 -9.559397121265988 12.299609826589597
      vertex 4.6388637181634325 -8.148258356740957 11.362109826589595
      vertex 5.785757829081063 -9.355480016718928 12.316950867052023
    endloop
  endfacet
  facet normal 0.18984857866956376 -0.4643147681896899 0.865083414023238
    outer loop
      vertex 4.734119548809524 -9.929154651710261 12.63992774566474
      vertex 5.091535172825996 -9.750706106937885 12.657268786127167
      vertex 4.33993310397441 -8.311326698964429 13.594768786127167
    endloop
  endfacet
  facet normal 0.20658311716629993 -0.45711497731287937 0.8650834140232376
    outer loop
      vertex 5.091535172825996 -9.750706106937885 12.657268786127167
      vertex 5.442235448593855 -9.559397121265988 12.674609826589597
      vertex 4.6388637181634325 -8.148258356740957 13.612109826589597
    endloop
  endfacet
  facet normal 0.22304518821915098 -0.4493122864936843 0.865083414023238
    outer loop
      vertex 5.442235448593855 -9.559397121265988 12.674609826589597
      vertex 5.785757829081063 -9.355480016718928 12.691950867052023
      vertex 4.931676023377272 -7.974443080512748 13.629450867052023
    endloop
  endfacet
  facet normal 0.3023606815290244 -0.4002607962906228 -0.8650834140232377
    outer loop
      vertex 4.931676023377272 -7.974443080512748 11.379450867052023
      vertex 6.121649234354401 -9.139223744472403 12.334291907514451
      vertex 5.785757829081063 -9.355480016718928 12.316950867052023
    endloop
  endfacet
  facet normal 0.5413350304434447 -0.8408069842804557 -1.9972347364572744e-18
    outer loop
      vertex 5.785757829081063 -9.355480016718928 12.316950867052023
      vertex 6.121649234354401 -9.139223744472403 12.334291907514451
      vertex 6.121649234354401 -9.139223744472403 12.709291907514451
    endloop
  endfacet
  facet normal 0.3166951583952523 -0.38901781891181486 -0.8650834140232376
    outer loop
      vertex 6.121649234354401 -9.139223744472403 12.334291907514451
      vertex 5.2179838224211395 -7.79011011942984 11.396791907514451
      vertex 6.449466649157452 -8.910913530127297 12.35163294797688
    endloop
  endfacet
  facet normal 0.2392130796064851 -0.44091698688878034 0.8650834140232377
    outer loop
      vertex 5.785757829081063 -9.355480016718928 12.691950867052023
      vertex 6.121649234354401 -9.139223744472403 12.709291907514451
      vertex 5.2179838224211395 -7.79011011942984 13.646791907514451
    endloop
  endfacet
  facet normal 0.5413350304434447 -0.8408069842804557 0
    outer loop
      vertex 5.785757829081063 -9.355480016718928 12.316950867052023
      vertex 6.121649234354401 -9.139223744472403 12.709291907514451
      vertex 5.785757829081063 -9.355480016718928 12.691950867052023
    endloop
  endfacet
  facet normal 0.571508588163237 -0.8205960843531144 0
    outer loop
      vertex 6.121649234354401 -9.139223744472403 12.334291907514451
      vertex 6.449466649157452 -8.910913530127297 12.72663294797688
      vertex 6.121649234354401 -9.139223744472403 12.709291907514451
    endloop
  endfacet
  facet normal 0.33061193839695807 -0.3772617565713562 -0.865083414023238
    outer loop
      vertex 5.4974094970499205 -7.595502594669904 11.41413294797688
      vertex 6.7687777072141015 -8.670850497518765 12.368973988439306
      vertex 6.449466649157452 -8.910913530127297 12.35163294797688
    endloop
  endfacet
  facet normal 0.2550654671073406 -0.4319401512608126 0.8650834140232377
    outer loop
      vertex 6.121649234354401 -9.139223744472403 12.709291907514451
      vertex 6.449466649157452 -8.910913530127297 12.72663294797688
      vertex 5.4974094970499205 -7.595502594669904 13.66413294797688
    endloop
  endfacet
  facet normal 0.5715085881632372 -0.8205960843531143 1.3411910815343782e-17
    outer loop
      vertex 5.2179838224211395 -7.79011011942984 10.646791907514451
      vertex 5.4974094970499205 -7.595502594669904 10.66413294797688
      vertex 5.4974094970499205 -7.595502594669904 11.41413294797688
    endloop
  endfacet
  facet normal 0.5715085881632372 -0.8205960843531143 0
    outer loop
      vertex 5.2179838224211395 -7.79011011942984 10.646791907514451
      vertex 5.4974094970499205 -7.595502594669904 11.41413294797688
      vertex 5.2179838224211395 -7.79011011942984 11.396791907514451
    endloop
  endfacet
  facet normal 0.6009283694548342 -0.7993028805054778 -1.4107265728837507e-19
    outer loop
      vertex 5.4974094970499205 -7.595502594669904 10.66413294797688
      vertex 5.7695845060179884 -7.39087717877987 10.681473988439308
      vertex 5.7695845060179884 -7.39087717877987 11.431473988439308
    endloop
  endfacet
  facet normal 0.2798876378025683 -0.41543000290568727 0.865494553934962
    outer loop
      vertex 5.7695845060179884 -7.39087717877987 10.681473988439308
      vertex 6.051619017156941 -7.212038704366128 10.676109304011169
      vertex 6.026799349695556 -7.182459776503431 10.698333236094056
    endloop
  endfacet
  facet normal 0.6295555718608203 -0.7769554568564374 4.181064398297681e-18
    outer loop
      vertex 5.7695845060179884 -7.39087717877987 10.681473988439308
      vertex 6.026799349695556 -7.182459776503431 10.698333236094056
      vertex 6.026799349695556 -7.182459776503431 11.448333236094056
    endloop
  endfacet
  facet normal 0.6009283694548342 -0.7993028805054778 0
    outer loop
      vertex 5.4974094970499205 -7.595502594669904 10.66413294797688
      vertex 5.7695845060179884 -7.39087717877987 11.431473988439308
      vertex 5.4974094970499205 -7.595502594669904 11.41413294797688
    endloop
  endfacet
  facet normal 0.6295555718608203 -0.7769554568564374 0
    outer loop
      vertex 5.7695845060179884 -7.39087717877987 10.681473988439308
      vertex 6.026799349695556 -7.182459776503431 11.448333236094056
      vertex 5.7695845060179884 -7.39087717877987 11.431473988439308
    endloop
  endfacet
  facet normal 0.3467558673113316 -0.9379554192418562 7.53285260682033e-18
    outer loop
      vertex 3.0910229476658775 -8.852047671634788 13.525404624277458
      vertex 3.410411293273186 -8.733971928888174 13.542745664739885
      vertex 3.410411293273186 -8.733971928888174 14.437299605349304
    endloop
  endfacet
  facet normal 0.38058530002526 -0.9247458188089757 -7.704773405630325e-18
    outer loop
      vertex 3.410411293273186 -8.733971928888174 13.542745664739885
      vertex 3.7253015653667214 -8.604376740413459 13.560086705202313
      vertex 3.7253015653667214 -8.604376740413459 14.437299605349304
    endloop
  endfacet
  facet normal 0.3467558673113316 -0.9379554192418561 0
    outer loop
      vertex 3.0910229476658775 -8.852047671634788 13.525404624277458
      vertex 3.410411293273186 -8.733971928888174 14.437299605349304
      vertex 3.0910229476658775 -8.852047671634788 14.437299605349304
    endloop
  endfacet
  facet normal 0.38058530002526 -0.9247458188089757 0
    outer loop
      vertex 3.410411293273186 -8.733971928888174 13.542745664739885
      vertex 3.7253015653667214 -8.604376740413459 14.437299605349304
      vertex 3.410411293273186 -8.733971928888174 14.437299605349304
    endloop
  endfacet
  facet normal 0.4139127696295884 -0.9103165488650437 0
    outer loop
      vertex 3.7253015653667214 -8.604376740413459 13.560086705202313
      vertex 4.0352784475899375 -8.463433032422957 14.437299605349304
      vertex 3.7253015653667214 -8.604376740413459 14.437299605349304
    endloop
  endfacet
  facet normal 0.16640914835891832 -0.4724692291053055 0.8654945539349729
    outer loop
      vertex 4.370459980610854 -10.094507395503703 12.622586705202313
      vertex 4.0352784475899375 -8.463433032422957 13.57742774566474
      vertex 3.7253015653667214 -8.604376740413459 13.560086705202313
    endloop
  endfacet
  facet normal 0.18345524095083263 -0.4661151699704416 0.8654945539349731
    outer loop
      vertex 4.734119548809524 -9.929154651710261 12.63992774566474
      vertex 4.33993310397441 -8.311326698964429 13.594768786127167
      vertex 4.0352784475899375 -8.463433032422957 13.57742774566474
    endloop
  endfacet
  facet normal 0.41391276962958845 -0.9103165488650435 9.485544975273251e-18
    outer loop
      vertex 3.7253015653667214 -8.604376740413459 13.560086705202313
      vertex 4.0352784475899375 -8.463433032422957 13.57742774566474
      vertex 4.0352784475899375 -8.463433032422957 14.437299605349304
    endloop
  endfacet
  facet normal 0.44669431972276324 -0.8946866405213714 -9.130995210312825e-18
    outer loop
      vertex 4.0352784475899375 -8.463433032422957 13.57742774566474
      vertex 4.33993310397441 -8.311326698964429 13.594768786127167
      vertex 4.33993310397441 -8.311326698964429 14.437299605349304
    endloop
  endfacet
  facet normal 0.47888671392958704 -0.8778767084401556 4.874133598115115e-18
    outer loop
      vertex 4.33993310397441 -8.311326698964429 13.594768786127167
      vertex 4.6388637181634325 -8.148258356740957 13.612109826589597
      vertex 4.6388637181634325 -8.148258356740957 14.437299605349304
    endloop
  endfacet
  facet normal 0.4466943197227633 -0.8946866405213715 0
    outer loop
      vertex 4.0352784475899375 -8.463433032422957 13.57742774566474
      vertex 4.33993310397441 -8.311326698964429 14.437299605349304
      vertex 4.0352784475899375 -8.463433032422957 14.437299605349304
    endloop
  endfacet
  facet normal 0.4788867139295871 -0.8778767084401556 0
    outer loop
      vertex 4.33993310397441 -8.311326698964429 13.594768786127167
      vertex 4.6388637181634325 -8.148258356740957 14.437299605349304
      vertex 4.33993310397441 -8.311326698964429 14.437299605349304
    endloop
  endfacet
  facet normal 0.2691366330560868 -0.653947948305999 0.7070484804124876
    outer loop
      vertex 3.104417971138935 -7.17031395034455 15.999999999999998
      vertex 3.410411293273186 -8.733971928888174 14.437299605349304
      vertex 3.7253015653667214 -8.604376740413459 14.437299605349304
    endloop
  endfacet
  facet normal 0.2927046556701834 -0.6437440725128207 0.7070484804124874
    outer loop
      vertex 3.7253015653667214 -8.604376740413459 14.437299605349304
      vertex 4.0352784475899375 -8.463433032422957 14.437299605349304
      vertex 3.3627320396582814 -7.052860860352466 15.999999999999998
    endloop
  endfacet
  facet normal 0.315886623071055 -0.6326911471730559 0.7070484804124876
    outer loop
      vertex 4.0352784475899375 -8.463433032422957 14.437299605349304
      vertex 4.33993310397441 -8.311326698964429 14.437299605349304
      vertex 3.616610919978675 -6.926105582470358 15.999999999999998
    endloop
  endfacet
  facet normal 0.2927046556701822 -0.6437440725128212 0.7070484804124876
    outer loop
      vertex 3.104417971138935 -7.17031395034455 15.999999999999998
      vertex 3.7253015653667214 -8.604376740413459 14.437299605349304
      vertex 3.3627320396582814 -7.052860860352466 15.999999999999998
    endloop
  endfacet
  facet normal 0.3158866230710565 -0.6326911471730552 0.7070484804124876
    outer loop
      vertex 4.0352784475899375 -8.463433032422957 14.437299605349304
      vertex 3.616610919978675 -6.926105582470358 15.999999999999998
      vertex 3.3627320396582814 -7.052860860352466 15.999999999999998
    endloop
  endfacet
  facet normal 0 0 1
    outer loop
      vertex 3.3627320396582814 -7.052860860352466 15.999999999999998
      vertex 3.616610919978675 -6.926105582470358 15.999999999999998
      vertex 2.899596790753169 -6.349231327574538 15.999999999999998
    endloop
  endfacet
  facet normal 0 0 1
    outer loop
      vertex 3.616610919978675 -6.926105582470358 15.999999999999998
      vertex 3.257337916115202 -6.173341858364745 15.999999999999998
      vertex 2.899596790753169 -6.349231327574538 15.999999999999998
    endloop
  endfacet
  facet normal 0 0 1
    outer loop
      vertex 3.616610919978675 -6.926105582470358 15.999999999999998
      vertex 3.865719765136194 -6.790215297284131 15.999999999999998
      vertex 3.257337916115202 -6.173341858364745 15.999999999999998
    endloop
  endfacet
  facet normal 0 0 1
    outer loop
      vertex 4.10973001948106 -6.645369233760624 15.999999999999998
      vertex 3.6044542822399515 -5.9773162311560935 15.999999999999998
      vertex 3.257337916115202 -6.173341858364745 15.999999999999998
    endloop
  endfacet
  facet normal 0 0 1
    outer loop
      vertex 3.865719765136194 -6.790215297284131 15.999999999999998
      vertex 4.10973001948106 -6.645369233760624 15.999999999999998
      vertex 3.257337916115202 -6.173341858364745 15.999999999999998
    endloop
  endfacet
  facet normal 0.33865196000409925 -0.6208037502558873 0.7070484804124876
    outer loop
      vertex 4.33993310397441 -8.311326698964429 14.437299605349304
      vertex 4.6388637181634325 -8.148258356740957 14.437299605349304
      vertex 3.865719765136194 -6.790215297284131 15.999999999999998
    endloop
  endfacet
  facet normal 0.3609706407186727 -0.6080975603351348 0.7070484804124876
    outer loop
      vertex 4.6388637181634325 -8.148258356740957 14.437299605349304
      vertex 4.931676023377272 -7.974443080512748 14.437299605349304
      vertex 3.865719765136194 -6.790215297284131 15.999999999999998
    endloop
  endfacet
  facet normal 0.33865196000409953 -0.6208037502558871 0.7070484804124876
    outer loop
      vertex 4.33993310397441 -8.311326698964429 14.437299605349304
      vertex 3.865719765136194 -6.790215297284131 15.999999999999998
      vertex 3.616610919978675 -6.926105582470358 15.999999999999998
    endloop
  endfacet
  facet normal 0.3609706407186734 -0.6080975603351344 0.7070484804124878
    outer loop
      vertex 3.865719765136194 -6.790215297284131 15.999999999999998
      vertex 4.931676023377272 -7.974443080512748 14.437299605349304
      vertex 4.10973001948106 -6.645369233760624 15.999999999999998
    endloop
  endfacet
  facet normal 0.38281322856976524 -0.5945893359104117 0.7070484804124877
    outer loop
      vertex 4.10973001948106 -6.645369233760624 15.999999999999998
      vertex 4.931676023377272 -7.974443080512748 14.437299605349304
      vertex 4.3483198520176165 -6.4917584328582 15.999999999999998
    endloop
  endfacet
  facet normal 0 0 1
    outer loop
      vertex 4.10973001948106 -6.645369233760624 15.999999999999998
      vertex 4.3483198520176165 -6.4917584328582 15.999999999999998
      vertex 3.6044542822399515 -5.9773162311560935 15.999999999999998
    endloop
  endfacet
  facet normal 0.20025937001126345 -0.4591463403225535 0.8654945539349729
    outer loop
      vertex 5.091535172825996 -9.750706106937885 12.657268786127167
      vertex 4.6388637181634325 -8.148258356740957 13.612109826589597
      vertex 4.33993310397441 -8.311326698964429 13.594768786127167
    endloop
  endfacet
  facet normal 0.21679937217009132 -0.4515719315187295 0.8654945539349731
    outer loop
      vertex 5.442235448593855 -9.559397121265988 12.674609826589597
      vertex 4.931676023377272 -7.974443080512748 13.629450867052023
      vertex 4.6388637181634325 -8.148258356740957 13.612109826589597
    endloop
  endfacet
  facet normal 0.5104474929267507 -0.8599089236452864 -2.286388069960563e-18
    outer loop
      vertex 4.6388637181634325 -8.148258356740957 13.612109826589597
      vertex 4.931676023377272 -7.974443080512748 13.629450867052023
      vertex 4.931676023377272 -7.974443080512748 14.437299605349304
    endloop
  endfacet
  facet normal 0.2330534324204716 -0.4434019336290031 0.865494553934973
    outer loop
      vertex 5.785757829081063 -9.355480016718928 12.691950867052023
      vertex 5.2179838224211395 -7.79011011942984 13.646791907514451
      vertex 4.931676023377272 -7.974443080512748 13.629450867052023
    endloop
  endfacet
  facet normal 0.5413350304434436 -0.8408069842804566 2.95072978443643e-18
    outer loop
      vertex 4.931676023377272 -7.974443080512748 13.629450867052023
      vertex 5.2179838224211395 -7.79011011942984 13.646791907514451
      vertex 5.2179838224211395 -7.79011011942984 14.437299605349304
    endloop
  endfacet
  facet normal 0.5104474929267506 -0.8599089236452863 0
    outer loop
      vertex 4.6388637181634325 -8.148258356740957 13.612109826589597
      vertex 4.931676023377272 -7.974443080512748 14.437299605349304
      vertex 4.6388637181634325 -8.148258356740957 14.437299605349304
    endloop
  endfacet
  facet normal 0.5413350304434436 -0.8408069842804566 0
    outer loop
      vertex 4.931676023377272 -7.974443080512748 13.629450867052023
      vertex 5.2179838224211395 -7.79011011942984 14.437299605349304
      vertex 4.931676023377272 -7.974443080512748 14.437299605349304
    endloop
  endfacet
  facet normal 0.24900011289125745 -0.4346471222601655 0.8654945539349729
    outer loop
      vertex 6.121649234354401 -9.139223744472403 12.709291907514451
      vertex 5.4974094970499205 -7.595502594669904 13.66413294797688
      vertex 5.2179838224211395 -7.79011011942984 13.646791907514451
    endloop
  endfacet
  facet normal 0.26461838112187525 -0.42531904434358464 0.865494553934973
    outer loop
      vertex 5.4974094970499205 -7.595502594669904 13.66413294797688
      vertex 6.449466649157452 -8.910913530127297 12.72663294797688
      vertex 5.7695845060179884 -7.39087717877987 13.681473988439306
    endloop
  endfacet
  facet normal 0.5715085881632372 -0.8205960843531143 1.3010045137865503e-17
    outer loop
      vertex 5.2179838224211395 -7.79011011942984 13.646791907514451
      vertex 5.4974094970499205 -7.595502594669904 13.66413294797688
      vertex 5.4974094970499205 -7.595502594669904 14.437299605349304
    endloop
  endfacet
  facet normal 0.5715085881632372 -0.8205960843531142 0
    outer loop
      vertex 5.2179838224211395 -7.79011011942984 13.646791907514451
      vertex 5.4974094970499205 -7.595502594669904 14.437299605349304
      vertex 5.2179838224211395 -7.79011011942984 14.437299605349304
    endloop
  endfacet
  facet normal 0.6009283694548342 -0.7993028805054779 -1.399853228034744e-19
    outer loop
      vertex 5.4974094970499205 -7.595502594669904 13.66413294797688
      vertex 5.7695845060179884 -7.39087717877987 13.681473988439306
      vertex 5.7695845060179884 -7.39087717877987 14.437299605349304
    endloop
  endfacet
  facet normal 0.2798876378025508 -0.4154300029056766 0.8654945539349729
    outer loop
      vertex 5.7695845060179884 -7.39087717877987 13.681473988439306
      vertex 6.7687777072141015 -8.670850497518765 12.743973988439306
      vertex 6.051619017156941 -7.212038704366128 13.67610930401117
    endloop
  endfacet
  facet normal 0.27988763780256104 -0.41543000290569304 0.8654945539349616
    outer loop
      vertex 5.7695845060179884 -7.39087717877987 13.681473988439306
      vertex 6.051619017156941 -7.212038704366128 13.67610930401117
      vertex 6.026799349695556 -7.182459776503431 13.698333236094058
    endloop
  endfacet
  facet normal 0.6009283694548342 -0.7993028805054778 0
    outer loop
      vertex 5.4974094970499205 -7.595502594669904 13.66413294797688
      vertex 5.7695845060179884 -7.39087717877987 14.437299605349304
      vertex 5.4974094970499205 -7.595502594669904 14.437299605349304
    endloop
  endfacet
  facet normal 0.6295555718608203 -0.7769554568564375 0
    outer loop
      vertex 5.7695845060179884 -7.39087717877987 13.681473988439306
      vertex 6.026799349695556 -7.182459776503431 14.437299605349304
      vertex 5.7695845060179884 -7.39087717877987 14.437299605349304
    endloop
  endfacet
  facet normal 0.6295555718608203 -0.7769554568564374 4.24349257177105e-18
    outer loop
      vertex 5.7695845060179884 -7.39087717877987 13.681473988439306
      vertex 6.026799349695556 -7.182459776503431 13.698333236094058
      vertex 6.026799349695556 -7.182459776503431 14.437299605349304
    endloop
  endfacet
  facet normal 0.38281322856976563 -0.5945893359104117 0.7070484804124877
    outer loop
      vertex 4.3483198520176165 -6.4917584328582 15.999999999999998
      vertex 4.931676023377272 -7.974443080512748 14.437299605349304
      vertex 5.2179838224211395 -7.79011011942984 14.437299605349304
    endloop
  endfacet
  facet normal 0.4041509148426978 -0.5802968933039385 0.7070484804124877
    outer loop
      vertex 4.581174580874935 -6.329585495558254 15.999999999999998
      vertex 5.2179838224211395 -7.79011011942984 14.437299605349304
      vertex 5.4974094970499205 -7.595502594669904 14.437299605349304
    endloop
  endfacet
  facet normal 0.42495555674962726 -0.5652390831621664 0.7070484804124875
    outer loop
      vertex 4.581174580874935 -6.329585495558254 15.999999999999998
      vertex 5.4974094970499205 -7.595502594669904 14.437299605349304
      vertex 5.7695845060179884 -7.39087717877987 14.437299605349304
    endloop
  endfacet
  facet normal 0.4041509148426967 -0.5802968933039392 0.7070484804124878
    outer loop
      vertex 4.3483198520176165 -6.4917584328582 15.999999999999998
      vertex 5.2179838224211395 -7.79011011942984 14.437299605349304
      vertex 4.581174580874935 -6.329585495558254 15.999999999999998
    endloop
  endfacet
  facet normal 0.4249555567496273 -0.5652390831621663 0.7070484804124877
    outer loop
      vertex 4.581174580874935 -6.329585495558254 15.999999999999998
      vertex 5.7695845060179884 -7.39087717877987 14.437299605349304
      vertex 4.807987088348323 -6.159064315649893 15.999999999999998
    endloop
  endfacet
  facet normal 0.4451997145477639 -0.5494357655931961 0.7070484804124877
    outer loop
      vertex 5.7695845060179884 -7.39087717877987 14.437299605349304
      vertex 5.022332791412963 -5.985383147086193 15.999999999999998
      vertex 4.807987088348323 -6.159064315649893 15.999999999999998
    endloop
  endfacet
  facet normal 0.4451997145477629 -0.5494357655931968 0.7070484804124877
    outer loop
      vertex 5.7695845060179884 -7.39087717877987 14.437299605349304
      vertex 6.026799349695556 -7.182459776503431 14.437299605349304
      vertex 5.022332791412963 -5.985383147086193 15.999999999999998
    endloop
  endfacet
  facet normal 0 0 1
    outer loop
      vertex 4.3483198520176165 -6.4917584328582 15.999999999999998
      vertex 3.93981366769005 -5.761793840800162 15.999999999999998
      vertex 3.6044542822399515 -5.9773162311560935 15.999999999999998
    endloop
  endfacet
  facet normal 0 0 1
    outer loop
      vertex 4.3483198520176165 -6.4917584328582 15.999999999999998
      vertex 4.581174580874935 -6.329585495558254 15.999999999999998
      vertex 3.93981366769005 -5.761793840800162 15.999999999999998
    endloop
  endfacet
  facet normal 0 0 1
    outer loop
      vertex 4.581174580874935 -6.329585495558254 15.999999999999998
      vertex 4.807987088348323 -6.159064315649893 15.999999999999998
      vertex 3.93981366769005 -5.761793840800162 15.999999999999998
    endloop
  endfacet
  facet normal 0 0 1
    outer loop
      vertex 4.807987088348323 -6.159064315649893 15.999999999999998
      vertex 4.262322199855357 -5.527477676537481 15.999999999999998
      vertex 3.93981366769005 -5.761793840800162 15.999999999999998
    endloop
  endfacet
  facet normal 0 0 1
    outer loop
      vertex 4.262322199855357 -5.527477676537481 15.999999999999998
      vertex 5.022332791412963 -5.985383147086193 15.999999999999998
      vertex 4.485189146516998 -5.345240278572643 15.999999999999998
    endloop
  endfacet
  facet normal 0 0 1
    outer loop
      vertex 4.807987088348323 -6.159064315649893 15.999999999999998
      vertex 5.022332791412963 -5.985383147086193 15.999999999999998
      vertex 4.262322199855357 -5.527477676537481 15.999999999999998
    endloop
  endfacet
  facet normal 0.3440926663581536 -0.3650081146227241 -0.8650834140232377
    outer loop
      vertex 5.7695845060179884 -7.39087717877987 5.431473988439307
      vertex 7.036680021115337 -8.38598869470232 6.355341027884188
      vertex 6.7687777072141015 -8.670850497518765 6.368973988439307
    endloop
  endfacet
  facet normal 0.571508588163237 -0.8205960843531144 -1.556057066069666e-17
    outer loop
      vertex 6.121649234354401 -9.139223744472403 6.3342919075144515
      vertex 6.449466649157452 -8.910913530127297 6.35163294797688
      vertex 6.449466649157452 -8.910913530127297 6.72663294797688
    endloop
  endfacet
  facet normal 0.6009283694548343 -0.7993028805054778 0
    outer loop
      vertex 6.449466649157452 -8.910913530127297 6.35163294797688
      vertex 6.7687777072141015 -8.670850497518765 6.743973988439307
      vertex 6.449466649157452 -8.910913530127297 6.72663294797688
    endloop
  endfacet
  facet normal 0.6009283694548344 -0.7993028805054779 3.55318394056563e-17
    outer loop
      vertex 6.449466649157452 -8.910913530127297 6.35163294797688
      vertex 6.7687777072141015 -8.670850497518765 6.368973988439307
      vertex 6.7687777072141015 -8.670850497518765 6.743973988439307
    endloop
  endfacet
  facet normal 0.6295555718608211 -0.7769554568564369 4.076866807889159e-17
    outer loop
      vertex 6.7687777072141015 -8.670850497518765 6.368973988439307
      vertex 7.070537755625437 -8.426338771439918 6.385833236094056
      vertex 7.070537755625437 -8.426338771439918 6.760833236094056
    endloop
  endfacet
  facet normal 0.3440926663581558 -0.3650081146227261 -0.8650834140232362
    outer loop
      vertex 6.7687777072141015 -8.670850497518765 6.368973988439307
      vertex 7.036680021115337 -8.38598869470232 6.355341027884188
      vertex 7.070537755625437 -8.426338771439918 6.385833236094056
    endloop
  endfacet
  facet normal 0.6295555718608211 -0.7769554568564369 0
    outer loop
      vertex 6.7687777072141015 -8.670850497518765 6.368973988439307
      vertex 7.070537755625437 -8.426338771439918 6.760833236094056
      vertex 6.7687777072141015 -8.670850497518765 6.743973988439307
    endloop
  endfacet
  facet normal 0.27058144262641043 -0.4223936193742869 0.8650834140232377
    outer loop
      vertex 5.7695845060179884 -7.39087717877987 7.681473988439307
      vertex 6.449466649157452 -8.910913530127297 6.72663294797688
      vertex 6.7687777072141015 -8.670850497518765 6.743973988439307
    endloop
  endfacet
  facet normal 0.28574054177024855 -0.4122899823798103 0.8650834140232379
    outer loop
      vertex 6.7687777072141015 -8.670850497518765 6.743973988439307
      vertex 7.070537755625437 -8.426338771439918 6.760833236094056
      vertex 6.051619017156941 -7.212038704366128 7.676109304011169
    endloop
  endfacet
  facet normal 0.3483778860161161 -0.3599333627823967 -0.8654945539349729
    outer loop
      vertex 5.7695845060179884 -7.39087717877987 5.431473988439307
      vertex 6.026799349695556 -7.182459776503431 5.448333236094056
      vertex 7.036680021115337 -8.38598869470232 6.355341027884188
    endloop
  endfacet
  facet normal 0.3440926663581491 -0.3650081146227279 -0.865083414023238
    outer loop
      vertex 5.7695845060179884 -7.39087717877987 8.431473988439308
      vertex 7.036680021115337 -8.38598869470232 9.355341027884187
      vertex 6.7687777072141015 -8.670850497518765 9.368973988439308
    endloop
  endfacet
  facet normal 0.571508588163237 -0.8205960843531144 -1.556057066069666e-17
    outer loop
      vertex 6.121649234354401 -9.139223744472403 9.334291907514451
      vertex 6.449466649157452 -8.910913530127297 9.35163294797688
      vertex 6.449466649157452 -8.910913530127297 9.72663294797688
    endloop
  endfacet
  facet normal 0.6009283694548343 -0.7993028805054778 0
    outer loop
      vertex 6.449466649157452 -8.910913530127297 9.35163294797688
      vertex 6.7687777072141015 -8.670850497518765 9.743973988439308
      vertex 6.449466649157452 -8.910913530127297 9.72663294797688
    endloop
  endfacet
  facet normal 0.6009283694548343 -0.7993028805054779 3.5531839405656296e-17
    outer loop
      vertex 6.449466649157452 -8.910913530127297 9.35163294797688
      vertex 6.7687777072141015 -8.670850497518765 9.368973988439308
      vertex 6.7687777072141015 -8.670850497518765 9.743973988439308
    endloop
  endfacet
  facet normal 0.3440926663581676 -0.36500811462274474 -0.8650834140232235
    outer loop
      vertex 6.7687777072141015 -8.670850497518765 9.368973988439308
      vertex 7.036680021115337 -8.38598869470232 9.355341027884187
      vertex 7.070537755625437 -8.426338771439918 9.385833236094056
    endloop
  endfacet
  facet normal 0.6295555718608211 -0.7769554568564369 4.076866807889159e-17
    outer loop
      vertex 6.7687777072141015 -8.670850497518765 9.368973988439308
      vertex 7.070537755625437 -8.426338771439918 9.385833236094056
      vertex 7.070537755625437 -8.426338771439918 9.760833236094056
    endloop
  endfacet
  facet normal 0.6295555718608211 -0.7769554568564369 0
    outer loop
      vertex 6.7687777072141015 -8.670850497518765 9.368973988439308
      vertex 7.070537755625437 -8.426338771439918 9.760833236094056
      vertex 6.7687777072141015 -8.670850497518765 9.743973988439308
    endloop
  endfacet
  facet normal 0.270581442626409 -0.42239361937428804 0.8650834140232377
    outer loop
      vertex 5.7695845060179884 -7.39087717877987 10.681473988439308
      vertex 6.449466649157452 -8.910913530127297 9.72663294797688
      vertex 6.7687777072141015 -8.670850497518765 9.743973988439308
    endloop
  endfacet
  facet normal 0.2857405417702499 -0.4122899823798087 0.8650834140232381
    outer loop
      vertex 6.7687777072141015 -8.670850497518765 9.743973988439308
      vertex 7.070537755625437 -8.426338771439918 9.760833236094056
      vertex 6.051619017156941 -7.212038704366128 10.676109304011169
    endloop
  endfacet
  facet normal 0.34837788601611386 -0.35993336278239757 -0.8654945539349733
    outer loop
      vertex 5.7695845060179884 -7.39087717877987 8.431473988439308
      vertex 6.026799349695556 -7.182459776503431 8.448333236094056
      vertex 7.036680021115337 -8.38598869470232 9.355341027884187
    endloop
  endfacet
  facet normal 0.571508588163237 -0.8205960843531144 -1.556057066069666e-17
    outer loop
      vertex 6.121649234354401 -9.139223744472403 12.334291907514451
      vertex 6.449466649157452 -8.910913530127297 12.35163294797688
      vertex 6.449466649157452 -8.910913530127297 12.72663294797688
    endloop
  endfacet
  facet normal 0.6009283694548344 -0.7993028805054779 3.55318394056563e-17
    outer loop
      vertex 6.449466649157452 -8.910913530127297 12.35163294797688
      vertex 6.7687777072141015 -8.670850497518765 12.368973988439306
      vertex 6.7687777072141015 -8.670850497518765 12.743973988439306
    endloop
  endfacet
  facet normal 0.6009283694548343 -0.7993028805054778 0
    outer loop
      vertex 6.449466649157452 -8.910913530127297 12.35163294797688
      vertex 6.7687777072141015 -8.670850497518765 12.743973988439306
      vertex 6.449466649157452 -8.910913530127297 12.72663294797688
    endloop
  endfacet
  facet normal 0.34409266635815167 -0.3650081146227249 -0.8650834140232383
    outer loop
      vertex 5.7695845060179884 -7.39087717877987 11.431473988439308
      vertex 7.036680021115337 -8.38598869470232 12.355341027884187
      vertex 6.7687777072141015 -8.670850497518765 12.368973988439306
    endloop
  endfacet
  facet normal 0.3440926663581706 -0.36500811462274213 -0.8650834140232233
    outer loop
      vertex 6.7687777072141015 -8.670850497518765 12.368973988439306
      vertex 7.036680021115337 -8.38598869470232 12.355341027884187
      vertex 7.070537755625437 -8.426338771439918 12.385833236094056
    endloop
  endfacet
  facet normal 0.6295555718608211 -0.7769554568564369 4.076866807889159e-17
    outer loop
      vertex 6.7687777072141015 -8.670850497518765 12.368973988439306
      vertex 7.070537755625437 -8.426338771439918 12.385833236094056
      vertex 7.070537755625437 -8.426338771439918 12.760833236094056
    endloop
  endfacet
  facet normal 0.270581442626412 -0.42239361937428577 0.8650834140232379
    outer loop
      vertex 5.7695845060179884 -7.39087717877987 13.681473988439306
      vertex 6.449466649157452 -8.910913530127297 12.72663294797688
      vertex 6.7687777072141015 -8.670850497518765 12.743973988439306
    endloop
  endfacet
  facet normal 0.28574054177024727 -0.41228998237981174 0.8650834140232375
    outer loop
      vertex 6.7687777072141015 -8.670850497518765 12.743973988439306
      vertex 7.070537755625437 -8.426338771439918 12.760833236094056
      vertex 6.051619017156941 -7.212038704366128 13.67610930401117
    endloop
  endfacet
  facet normal 0.6295555718608211 -0.7769554568564369 0
    outer loop
      vertex 6.7687777072141015 -8.670850497518765 12.368973988439306
      vertex 7.070537755625437 -8.426338771439918 12.760833236094056
      vertex 6.7687777072141015 -8.670850497518765 12.743973988439306
    endloop
  endfacet
  facet normal 0.34837788601611386 -0.35993336278239757 -0.8654945539349733
    outer loop
      vertex 5.7695845060179884 -7.39087717877987 11.431473988439308
      vertex 6.026799349695556 -7.182459776503431 11.448333236094056
      vertex 7.036680021115337 -8.38598869470232 12.355341027884187
    endloop
  endfacet
  facet normal 0 0 1
    outer loop
      vertex 4.109730019481063 6.645369233760622 15.999999999999998
      vertex 3.6044542822399546 5.977316231156091 15.999999999999998
      vertex 3.939813667690049 5.761793840800162 15.999999999999998
    endloop
  endfacet
  facet normal 0 0 1
    outer loop
      vertex 4.348319852017619 6.491758432858198 15.999999999999998
      vertex 3.939813667690049 5.761793840800162 15.999999999999998
      vertex 4.262322199855358 5.527477676537481 15.999999999999998
    endloop
  endfacet
  facet normal 0 0 1
    outer loop
      vertex 4.807987088348326 6.159064315649891 15.999999999999998
      vertex 4.262322199855358 5.527477676537481 15.999999999999998
      vertex 4.485189146516999 5.345240278572643 15.999999999999998
    endloop
  endfacet
  facet normal 0 0 1
    outer loop
      vertex 4.348319852017619 6.491758432858198 15.999999999999998
      vertex 4.262322199855358 5.527477676537481 15.999999999999998
      vertex 4.5811745808749365 6.329585495558252 15.999999999999998
    endloop
  endfacet
  facet normal 0 0 1
    outer loop
      vertex 4.807987088348326 6.159064315649891 15.999999999999998
      vertex 4.5811745808749365 6.329585495558252 15.999999999999998
      vertex 4.262322199855358 5.527477676537481 15.999999999999998
    endloop
  endfacet
  facet normal 0 0 1
    outer loop
      vertex 4.807987088348326 6.159064315649891 15.999999999999998
      vertex 4.485189146516999 5.345240278572643 15.999999999999998
      vertex 5.022332791412963 5.985383147086193 15.999999999999998
    endloop
  endfacet
  facet normal 0.027235874307220572 0.9996290347677589 0
    outer loop
      vertex 0.425521547540491 9.366541638004426 5.2
      vertex 0.08513238075731001 9.375815874985948 5.2
      vertex 0.425521547540491 9.366541638004426 6.5933236994219655
    endloop
  endfacet
  facet normal 0.027235874307220576 0.9996290347677589 -3.2905551151656534e-19
    outer loop
      vertex 0.425521547540491 9.366541638004426 6.5933236994219655
      vertex 0.08513238075731001 9.375815874985948 5.2
      vertex 0.08513238075731001 9.375815874985948 6.610664739884394
    endloop
  endfacet
  facet normal 0.06351544936023794 0.9979808553737727 2.3493775472084546e-19
    outer loop
      vertex 0.425521547540491 9.366541638004426 5.2
      vertex 0.7653494837160011 9.344913643884974 6.575982658959538
      vertex 0.7653494837160011 9.344913643884974 5.2
    endloop
  endfacet
  facet normal 0.06351544936023795 0.9979808553737727 0
    outer loop
      vertex 0.425521547540491 9.366541638004426 5.2
      vertex 0.425521547540491 9.366541638004426 6.5933236994219655
      vertex 0.7653494837160011 9.344913643884974 6.575982658959538
    endloop
  endfacet
  facet normal 0.09971125235882612 0.9950164150168751 -1.6546394589046511e-18
    outer loop
      vertex 0.7653494837160011 9.344913643884974 5.2
      vertex 1.1041679820420998 9.310960418309435 6.55864161849711
      vertex 1.1041679820420998 9.310960418309435 5.2
    endloop
  endfacet
  facet normal 0.09971125235882614 0.9950164150168753 0
    outer loop
      vertex 0.7653494837160011 9.344913643884974 5.2
      vertex 0.7653494837160011 9.344913643884974 6.575982658959538
      vertex 1.1041679820420998 9.310960418309435 6.55864161849711
    endloop
  endfacet
  facet normal 0.13577554378750856 0.9907396235687792 4.873370332766739e-19
    outer loop
      vertex 1.1041679820420998 9.310960418309435 5.2
      vertex 1.441530166648921 9.264726743003974 6.541300578034683
      vertex 1.441530166648921 9.264726743003974 5.2
    endloop
  endfacet
  facet normal 0.13577554378750853 0.9907396235687793 0
    outer loop
      vertex 1.1041679820420998 9.310960418309435 5.2
      vertex 1.1041679820420998 9.310960418309435 6.55864161849711
      vertex 1.441530166648921 9.264726743003974 6.541300578034683
    endloop
  endfacet
  facet normal 0.17166075758452984 0.9851561217926351 0
    outer loop
      vertex 1.441530166648921 9.264726743003974 5.2
      vertex 1.441530166648921 9.264726743003974 6.541300578034683
      vertex 1.7769910824337978 9.206273596675404 6.523959537572255
    endloop
  endfacet
  facet normal 0.17166075758452984 0.985156121792635 -2.3441169244894456e-18
    outer loop
      vertex 1.441530166648921 9.264726743003974 5.2
      vertex 1.7769910824337978 9.206273596675404 6.523959537572255
      vertex 1.7769910824337978 9.206273596675404 5.2
    endloop
  endfacet
  facet normal 0.20731956387799763 0.9782732739032775 -3.5290255758650346e-18
    outer loop
      vertex 1.7769910824337978 9.206273596675404 5.2
      vertex 2.1101082819232615 9.135678074584872 6.506618497109827
      vertex 2.1101082819232615 9.135678074584872 5.2
    endloop
  endfacet
  facet normal 0.24270493141027227 0.9701001578544017 3.9300976827994833e-19
    outer loop
      vertex 2.1101082819232615 9.135678074584872 5.2
      vertex 2.4404424088276557 9.053033286865091 6.4892774566474
      vertex 2.4404424088276557 9.053033286865091 5.2
    endloop
  endfacet
  facet normal 0.20731956387799758 0.9782732739032773 0
    outer loop
      vertex 1.7769910824337978 9.206273596675404 5.2
      vertex 1.7769910824337978 9.206273596675404 6.523959537572255
      vertex 2.1101082819232615 9.135678074584872 6.506618497109827
    endloop
  endfacet
  facet normal 0.24270493141027227 0.9701001578544017 0
    outer loop
      vertex 2.1101082819232615 9.135678074584872 5.2
      vertex 2.1101082819232615 9.135678074584872 6.506618497109827
      vertex 2.4404424088276557 9.053033286865091 6.4892774566474
    endloop
  endfacet
  facet normal 0.2777701895687017 0.9606475533654201 -2.4159324019326394e-18
    outer loop
      vertex 2.4404424088276557 9.053033286865091 5.2
      vertex 2.767557777518728 8.958448235715128 6.471936416184972
      vertex 2.767557777518728 8.958448235715128 5.2
    endloop
  endfacet
  facet normal 0.3124690899405889 0.9499279277038338 4.199310606887344e-19
    outer loop
      vertex 2.767557777518728 8.958448235715128 5.2
      vertex 3.0910229476658753 8.852047671634788 6.454595375722544
      vertex 3.0910229476658753 8.852047671634788 5.2
    endloop
  endfacet
  facet normal 0.27777018956870164 0.96064755336542 0
    outer loop
      vertex 2.4404424088276557 9.053033286865091 5.2
      vertex 2.4404424088276557 9.053033286865091 6.4892774566474
      vertex 2.767557777518728 8.958448235715128 6.471936416184972
    endloop
  endfacet
  facet normal 0.3124690899405889 0.9499279277038338 0
    outer loop
      vertex 2.767557777518728 8.958448235715128 5.2
      vertex 2.767557777518728 8.958448235715128 6.471936416184972
      vertex 3.0910229476658753 8.852047671634788 6.454595375722544
    endloop
  endfacet
  facet normal 0.06351544936023795 0.9979808553737727 0
    outer loop
      vertex 0.425521547540491 9.366541638004426 8.843323699421966
      vertex 0.425521547540491 9.366541638004426 9.593323699421966
      vertex 0.7653494837160011 9.344913643884974 8.82598265895954
    endloop
  endfacet
  facet normal 0.09971125235882614 0.9950164150168752 0
    outer loop
      vertex 0.7653494837160011 9.344913643884974 8.82598265895954
      vertex 0.7653494837160011 9.344913643884974 9.57598265895954
      vertex 1.1041679820420998 9.310960418309435 8.808641618497111
    endloop
  endfacet
  facet normal 0.13577554378750853 0.9907396235687792 0
    outer loop
      vertex 1.1041679820420998 9.310960418309435 8.808641618497111
      vertex 1.1041679820420998 9.310960418309435 9.55864161849711
      vertex 1.441530166648921 9.264726743003974 8.791300578034683
    endloop
  endfacet
  facet normal 0.17166075758452984 0.9851561217926351 0
    outer loop
      vertex 1.441530166648921 9.264726743003974 8.791300578034683
      vertex 1.441530166648921 9.264726743003974 9.541300578034683
      vertex 1.7769910824337978 9.206273596675404 8.773959537572255
    endloop
  endfacet
  facet normal 0.027235874307220572 0.9996290347677588 -6.189160100813888e-19
    outer loop
      vertex 0.425521547540491 9.366541638004426 8.843323699421966
      vertex 0.08513238075731001 9.375815874985948 8.860664739884394
      vertex 0.08513238075731001 9.375815874985948 9.610664739884394
    endloop
  endfacet
  facet normal 0.027235874307220572 0.9996290347677588 0
    outer loop
      vertex 0.425521547540491 9.366541638004426 8.843323699421966
      vertex 0.08513238075731001 9.375815874985948 9.610664739884394
      vertex 0.425521547540491 9.366541638004426 9.593323699421966
    endloop
  endfacet
  facet normal 0.06351544936023795 0.9979808553737727 0
    outer loop
      vertex 0.7653494837160011 9.344913643884974 8.82598265895954
      vertex 0.425521547540491 9.366541638004426 9.593323699421966
      vertex 0.7653494837160011 9.344913643884974 9.57598265895954
    endloop
  endfacet
  facet normal 0.09971125235882614 0.9950164150168752 0
    outer loop
      vertex 1.1041679820420998 9.310960418309435 8.808641618497111
      vertex 0.7653494837160011 9.344913643884974 9.57598265895954
      vertex 1.1041679820420998 9.310960418309435 9.55864161849711
    endloop
  endfacet
  facet normal 0.13577554378750856 0.9907396235687792 0
    outer loop
      vertex 1.441530166648921 9.264726743003974 8.791300578034683
      vertex 1.1041679820420998 9.310960418309435 9.55864161849711
      vertex 1.441530166648921 9.264726743003974 9.541300578034683
    endloop
  endfacet
  facet normal 0.2073195638779976 0.9782732739032773 0
    outer loop
      vertex 1.7769910824337978 9.206273596675404 8.773959537572255
      vertex 1.7769910824337978 9.206273596675404 9.523959537572255
      vertex 2.1101082819232615 9.135678074584872 8.756618497109827
    endloop
  endfacet
  facet normal 0.24270493141027227 0.9701001578544016 0
    outer loop
      vertex 2.1101082819232615 9.135678074584872 8.756618497109827
      vertex 2.1101082819232615 9.135678074584872 9.506618497109827
      vertex 2.4404424088276557 9.053033286865091 8.7392774566474
    endloop
  endfacet
  facet normal 0.27777018956870175 0.9606475533654202 0
    outer loop
      vertex 2.4404424088276557 9.053033286865091 8.7392774566474
      vertex 2.4404424088276557 9.053033286865091 9.4892774566474
      vertex 2.767557777518728 8.958448235715128 8.721936416184972
    endloop
  endfacet
  facet normal 0.3124690899405889 0.9499279277038339 0
    outer loop
      vertex 2.767557777518728 8.958448235715128 8.721936416184972
      vertex 2.767557777518728 8.958448235715128 9.471936416184972
      vertex 3.0910229476658753 8.852047671634788 8.704595375722544
    endloop
  endfacet
  facet normal 0.17166075758452984 0.9851561217926351 -4.138021279149789e-18
    outer loop
      vertex 1.441530166648921 9.264726743003974 9.541300578034683
      vertex 1.7769910824337978 9.206273596675404 9.523959537572255
      vertex 1.7769910824337978 9.206273596675404 8.773959537572255
    endloop
  endfacet
  facet normal 0.2073195638779976 0.9782732739032773 0
    outer loop
      vertex 2.1101082819232615 9.135678074584872 8.756618497109827
      vertex 1.7769910824337978 9.206273596675404 9.523959537572255
      vertex 2.1101082819232615 9.135678074584872 9.506618497109827
    endloop
  endfacet
  facet normal 0.24270493141027227 0.9701001578544016 0
    outer loop
      vertex 2.4404424088276557 9.053033286865091 8.7392774566474
      vertex 2.1101082819232615 9.135678074584872 9.506618497109827
      vertex 2.4404424088276557 9.053033286865091 9.4892774566474
    endloop
  endfacet
  facet normal 0.27777018956870175 0.9606475533654202 0
    outer loop
      vertex 2.767557777518728 8.958448235715128 8.721936416184972
      vertex 2.4404424088276557 9.053033286865091 9.4892774566474
      vertex 2.767557777518728 8.958448235715128 9.471936416184972
    endloop
  endfacet
  facet normal 0.3124690899405889 0.9499279277038339 0
    outer loop
      vertex 3.0910229476658753 8.852047671634788 8.704595375722544
      vertex 2.767557777518728 8.958448235715128 9.471936416184972
      vertex 3.0910229476658753 8.852047671634788 9.454595375722544
    endloop
  endfacet
  facet normal -0.030469662787356223 0.49999077667345726 -0.8654945539349729
    outer loop
      vertex 0.425521547540491 9.366541638004426 6.5933236994219655
      vertex 0.08513238075731001 9.375815874985948 6.610664739884394
      vertex 0.09987585075339327 10.999546573129107 7.548164739884394
    endloop
  endfacet
  facet normal -0.012294401010504332 0.5007674358549036 -0.8654945539349732
    outer loop
      vertex 0.425521547540491 9.366541638004426 6.5933236994219655
      vertex 0.4992145902234474 10.988666197173705 7.5308236994219655
      vertex 0.7653494837160011 9.344913643884974 6.575982658959538
    endloop
  endfacet
  facet normal -0.02391390933761258 0.5010576930075934 -0.865083414023238
    outer loop
      vertex 0.425521547540491 9.366541638004426 6.5933236994219655
      vertex 0.09987585075339327 10.999546573129107 7.548164739884394
      vertex 0.4992145902234474 10.988666197173705 7.5308236994219655
    endloop
  endfacet
  facet normal -0.005704230025619621 0.5015956025940758 -0.865083414023238
    outer loop
      vertex 0.7653494837160011 9.344913643884974 6.575982658959538
      vertex 0.4992145902234474 10.988666197173705 7.5308236994219655
      vertex 0.8978949035586825 10.963292604968789 7.513482658959538
    endloop
  endfacet
  facet normal 0.005897076147654785 0.5008836208160645 -0.865494553934973
    outer loop
      vertex 0.7653494837160011 9.344913643884974 6.575982658959538
      vertex 0.8978949035586825 10.963292604968789 7.513482658959538
      vertex 1.1041679820420998 9.310960418309435 6.55864161849711
    endloop
  endfacet
  facet normal 0.024080775510204884 0.5003391783177982 -0.8654945539349729
    outer loop
      vertex 1.1041679820420998 9.310960418309435 6.55864161849711
      vertex 1.2953909617010546 10.92345926235564 7.496141618497111
      vertex 1.441530166648921 9.264726743003974 6.541300578034683
    endloop
  endfacet
  facet normal 0.012512972732603173 0.5014719456712339 -0.8650834140232375
    outer loop
      vertex 1.1041679820420998 9.310960418309435 6.55864161849711
      vertex 0.8978949035586825 10.963292604968789 7.513482658959538
      vertex 1.2953909617010546 10.92345926235564 7.496141618497111
    endloop
  endfacet
  facet normal 0.030713671830012893 0.5006868853331565 -0.8650834140232379
    outer loop
      vertex 1.441530166648921 9.264726743003974 6.541300578034683
      vertex 1.2953909617010546 10.92345926235564 7.496141618497111
      vertex 1.6911784975351958 10.869218706488272 7.478800578034683
    endloop
  endfacet
  facet normal 0.1357755437875065 0.9907396235687795 0
    outer loop
      vertex 1.2953909617010546 10.92345926235564 7.496141618497111
      vertex 1.2953909617010546 10.92345926235564 7.871141618497111
      vertex 1.6911784975351958 10.869218706488272 7.478800578034683
    endloop
  endfacet
  facet normal 0.027235874307217273 0.999629034767759 0
    outer loop
      vertex 0.09987585075339327 10.999546573129107 7.548164739884394
      vertex 0.09987585075339327 10.999546573129107 7.923164739884394
      vertex 0.4992145902234474 10.988666197173705 7.5308236994219655
    endloop
  endfacet
  facet normal 0.0635154493602373 0.9979808553737727 0
    outer loop
      vertex 0.4992145902234474 10.988666197173705 7.5308236994219655
      vertex 0.4992145902234474 10.988666197173705 7.9058236994219655
      vertex 0.8978949035586825 10.963292604968789 7.513482658959538
    endloop
  endfacet
  facet normal 0.09971125235882879 0.995016415016875 9.000515882761733e-18
    outer loop
      vertex 1.2953909617010546 10.92345926235564 7.496141618497111
      vertex 0.8978949035586825 10.963292604968789 7.513482658959538
      vertex 0.8978949035586825 10.963292604968789 7.888482658959538
    endloop
  endfacet
  facet normal 0.04223271415850478 0.4991348264384165 -0.8654945539349729
    outer loop
      vertex 1.441530166648921 9.264726743003974 6.541300578034683
      vertex 1.6911784975351958 10.869218706488272 7.478800578034683
      vertex 1.7769910824337978 9.206273596675404 6.523959537572255
    endloop
  endfacet
  facet normal 0.06032895106393429 0.4972721536265907 -0.8654945539349729
    outer loop
      vertex 1.7769910824337978 9.206273596675404 6.523959537572255
      vertex 2.0847354973569123 10.800642476540922 7.461459537572255
      vertex 2.1101082819232615 9.135678074584872 6.506618497109827
    endloop
  endfacet
  facet normal 0.07834561866421019 0.49475361660631045 -0.8654945539349731
    outer loop
      vertex 2.1101082819232615 9.135678074584872 6.506618497109827
      vertex 2.4755428893696303 10.717821019353302 7.444118497109827
      vertex 2.4404424088276557 9.053033286865091 6.4892774566474
    endloop
  endfacet
  facet normal 0.0488738619266311 0.49924145701481576 -0.8650834140232376
    outer loop
      vertex 1.7769910824337978 9.206273596675404 6.523959537572255
      vertex 1.6911784975351958 10.869218706488272 7.478800578034683
      vertex 2.0847354973569123 10.800642476540922 7.461459537572255
    endloop
  endfacet
  facet normal 0.1716607575845323 0.9851561217926348 0
    outer loop
      vertex 1.6911784975351958 10.869218706488272 7.478800578034683
      vertex 1.6911784975351958 10.869218706488272 7.853800578034683
      vertex 2.0847354973569123 10.800642476540922 7.461459537572255
    endloop
  endfacet
  facet normal 0.06696959111078563 0.4971375671263977 -0.865083414023238
    outer loop
      vertex 2.1101082819232615 9.135678074584872 6.506618497109827
      vertex 2.0847354973569123 10.800642476540922 7.461459537572255
      vertex 2.4755428893696303 10.717821019353302 7.444118497109827
    endloop
  endfacet
  facet normal 0.20731956387799527 0.978273273903278 0
    outer loop
      vertex 2.0847354973569123 10.800642476540922 7.461459537572255
      vertex 2.0847354973569123 10.800642476540922 7.836459537572255
      vertex 2.4755428893696303 10.717821019353302 7.444118497109827
    endloop
  endfacet
  facet normal 0.09625895434291988 0.49158253713665356 -0.8654945539349732
    outer loop
      vertex 2.4404424088276557 9.053033286865091 6.4892774566474
      vertex 2.86308522830067 10.620863570138093 7.426777456647399
      vertex 2.767557777518728 8.958448235715128 6.471936416184972
    endloop
  endfacet
  facet normal 0.11404533177063331 0.4877630976306307 -0.865494553934973
    outer loop
      vertex 2.767557777518728 8.958448235715128 6.471936416184972
      vertex 3.246851375234431 10.509898008407992 7.409436416184972
      vertex 3.0910229476658753 8.852047671634788 6.454595375722544
    endloop
  endfacet
  facet normal 0.08497699248984662 0.49437799053889864 -0.8650834140232382
    outer loop
      vertex 2.4404424088276557 9.053033286865091 6.4892774566474
      vertex 2.4755428893696303 10.717821019353302 7.444118497109827
      vertex 2.86308522830067 10.620863570138093 7.426777456647399
    endloop
  endfacet
  facet normal 0.10287231566884952 0.4909663669242811 -0.865083414023238
    outer loop
      vertex 2.767557777518728 8.958448235715128 6.471936416184972
      vertex 2.86308522830067 10.620863570138093 7.426777456647399
      vertex 3.246851375234431 10.509898008407992 7.409436416184972
    endloop
  endfacet
  facet normal 0.20731956387799527 0.978273273903278 0
    outer loop
      vertex 2.4755428893696303 10.717821019353302 7.444118497109827
      vertex 2.0847354973569123 10.800642476540922 7.836459537572255
      vertex 2.4755428893696303 10.717821019353302 7.819118497109827
    endloop
  endfacet
  facet normal 0.24270493141027163 0.970100157854402 0
    outer loop
      vertex 2.4755428893696303 10.717821019353302 7.444118497109827
      vertex 2.4755428893696303 10.717821019353302 7.819118497109827
      vertex 2.86308522830067 10.620863570138093 7.426777456647399
    endloop
  endfacet
  facet normal 0.24270493141027163 0.970100157854402 0
    outer loop
      vertex 2.86308522830067 10.620863570138093 7.426777456647399
      vertex 2.4755428893696303 10.717821019353302 7.819118497109827
      vertex 2.86308522830067 10.620863570138093 7.801777456647399
    endloop
  endfacet
  facet normal 0.2777701895687012 0.9606475533654201 0
    outer loop
      vertex 2.86308522830067 10.620863570138093 7.426777456647399
      vertex 2.86308522830067 10.620863570138093 7.801777456647399
      vertex 3.246851375234431 10.509898008407992 7.409436416184972
    endloop
  endfacet
  facet normal 0.2777701895687012 0.9606475533654201 -2.000688316531796e-17
    outer loop
      vertex 2.86308522830067 10.620863570138093 7.801777456647399
      vertex 3.246851375234431 10.509898008407992 7.784436416184972
      vertex 3.246851375234431 10.509898008407992 7.409436416184972
    endloop
  endfacet
  facet normal 0.057649726951840015 0.49758987740033517 0.8654945539349729
    outer loop
      vertex 0.425521547540491 9.366541638004426 8.843323699421966
      vertex 0.4992145902234474 10.988666197173705 7.9058236994219655
      vertex 0.08513238075731001 9.375815874985948 8.860664739884394
    endloop
  endfacet
  facet normal 0.07567969826859715 0.4951684161766341 0.865494553934973
    outer loop
      vertex 0.425521547540491 9.366541638004426 8.843323699421966
      vertex 0.7653494837160011 9.344913643884974 8.82598265895954
      vertex 0.8978949035586825 10.963292604968789 7.888482658959538
    endloop
  endfacet
  facet normal 0.05116179476318839 0.49901218175362116 0.8650834140232376
    outer loop
      vertex 0.08513238075731001 9.375815874985948 8.860664739884394
      vertex 0.4992145902234474 10.988666197173705 7.9058236994219655
      vertex 0.09987585075339327 10.999546573129107 7.923164739884394
    endloop
  endfacet
  facet normal 0.06924768992707414 0.49682536592012183 0.865083414023238
    outer loop
      vertex 0.425521547540491 9.366541638004426 8.843323699421966
      vertex 0.8978949035586825 10.963292604968789 7.888482658959538
      vertex 0.4992145902234474 10.988666197173705 7.9058236994219655
    endloop
  endfacet
  facet normal 0.09360985381036142 0.4920938654144196 0.865494553934973
    outer loop
      vertex 0.7653494837160011 9.344913643884974 8.82598265895954
      vertex 1.1041679820420998 9.310960418309435 8.808641618497111
      vertex 1.2953909617010546 10.92345926235564 7.871141618497111
    endloop
  endfacet
  facet normal 0.1114165450635597 0.4883702802126702 0.8654945539349729
    outer loop
      vertex 1.1041679820420998 9.310960418309435 8.808641618497111
      vertex 1.441530166648921 9.264726743003974 8.791300578034683
      vertex 1.6911784975351958 10.869218706488272 7.853800578034683
    endloop
  endfacet
  facet normal 0.08724225264652487 0.4939832751572256 0.8650834140232377
    outer loop
      vertex 0.7653494837160011 9.344913643884974 8.82598265895954
      vertex 1.2953909617010546 10.92345926235564 7.871141618497111
      vertex 0.8978949035586825 10.963292604968789 7.888482658959538
    endloop
  endfacet
  facet normal 0.09971125235882879 0.995016415016875 0
    outer loop
      vertex 1.2953909617010546 10.92345926235564 7.496141618497111
      vertex 0.8978949035586825 10.963292604968789 7.888482658959538
      vertex 1.2953909617010546 10.92345926235564 7.871141618497111
    endloop
  endfacet
  facet normal 0.10512174945979984 0.4904896579668226 0.8650834140232377
    outer loop
      vertex 1.1041679820420998 9.310960418309435 8.808641618497111
      vertex 1.6911784975351958 10.869218706488272 7.853800578034683
      vertex 1.2953909617010546 10.92345926235564 7.871141618497111
    endloop
  endfacet
  facet normal 0.1357755437875065 0.9907396235687795 0
    outer loop
      vertex 1.6911784975351958 10.869218706488272 7.478800578034683
      vertex 1.2953909617010546 10.92345926235564 7.871141618497111
      vertex 1.6911784975351958 10.869218706488272 7.853800578034683
    endloop
  endfacet
  facet normal -0.030469662787356223 0.49999077667345726 -0.8654945539349729
    outer loop
      vertex 0.425521547540491 9.366541638004426 9.593323699421966
      vertex 0.08513238075731001 9.375815874985948 9.610664739884394
      vertex 0.09987585075339327 10.999546573129107 10.548164739884394
    endloop
  endfacet
  facet normal -0.012294401010502078 0.5007674358549035 -0.8654945539349732
    outer loop
      vertex 0.425521547540491 9.366541638004426 9.593323699421966
      vertex 0.4992145902234474 10.988666197173705 10.530823699421966
      vertex 0.7653494837160011 9.344913643884974 9.57598265895954
    endloop
  endfacet
  facet normal -0.02391390933761258 0.5010576930075934 -0.865083414023238
    outer loop
      vertex 0.425521547540491 9.366541638004426 9.593323699421966
      vertex 0.09987585075339327 10.999546573129107 10.548164739884394
      vertex 0.4992145902234474 10.988666197173705 10.530823699421966
    endloop
  endfacet
  facet normal -0.005704230025617845 0.5015956025940757 -0.8650834140232381
    outer loop
      vertex 0.7653494837160011 9.344913643884974 9.57598265895954
      vertex 0.4992145902234474 10.988666197173705 10.530823699421966
      vertex 0.8978949035586825 10.963292604968789 10.51348265895954
    endloop
  endfacet
  facet normal 0.005897076147650284 0.5008836208160647 -0.8654945539349728
    outer loop
      vertex 0.7653494837160011 9.344913643884974 9.57598265895954
      vertex 0.8978949035586825 10.963292604968789 10.51348265895954
      vertex 1.1041679820420998 9.310960418309435 9.55864161849711
    endloop
  endfacet
  facet normal 0.02408077551020707 0.5003391783177977 -0.8654945539349732
    outer loop
      vertex 1.1041679820420998 9.310960418309435 9.55864161849711
      vertex 1.2953909617010546 10.92345926235564 10.49614161849711
      vertex 1.441530166648921 9.264726743003974 9.541300578034683
    endloop
  endfacet
  facet normal 0.012512972732597365 0.5014719456712341 -0.8650834140232375
    outer loop
      vertex 1.1041679820420998 9.310960418309435 9.55864161849711
      vertex 0.8978949035586825 10.963292604968789 10.51348265895954
      vertex 1.2953909617010546 10.92345926235564 10.49614161849711
    endloop
  endfacet
  facet normal 0.030713671830016456 0.5006868853331561 -0.8650834140232381
    outer loop
      vertex 1.441530166648921 9.264726743003974 9.541300578034683
      vertex 1.2953909617010546 10.92345926235564 10.49614161849711
      vertex 1.6911784975351958 10.869218706488272 10.478800578034683
    endloop
  endfacet
  facet normal 0.027235874307217273 0.999629034767759 0
    outer loop
      vertex 0.4992145902234474 10.988666197173705 7.5308236994219655
      vertex 0.09987585075339327 10.999546573129107 7.923164739884394
      vertex 0.4992145902234474 10.988666197173705 7.9058236994219655
    endloop
  endfacet
  facet normal 0.0635154493602373 0.9979808553737727 0
    outer loop
      vertex 0.8978949035586825 10.963292604968789 7.513482658959538
      vertex 0.4992145902234474 10.988666197173705 7.9058236994219655
      vertex 0.8978949035586825 10.963292604968789 7.888482658959538
    endloop
  endfacet
  facet normal 0.12907628635463356 0.4840025716975055 0.865494553934973
    outer loop
      vertex 1.441530166648921 9.264726743003974 8.791300578034683
      vertex 1.7769910824337978 9.206273596675404 8.773959537572255
      vertex 2.0847354973569123 10.800642476540922 7.836459537572255
    endloop
  endfacet
  facet normal 0.14656578582589175 0.4789965005447754 0.8654945539349729
    outer loop
      vertex 1.7769910824337978 9.206273596675404 8.773959537572255
      vertex 2.1101082819232615 9.135678074584872 8.756618497109827
      vertex 2.4755428893696303 10.717821019353302 7.819118497109827
    endloop
  endfacet
  facet normal 0.12286259866833606 0.48634912216468823 0.8650834140232379
    outer loop
      vertex 1.441530166648921 9.264726743003974 8.791300578034683
      vertex 2.0847354973569123 10.800642476540922 7.836459537572255
      vertex 1.6911784975351958 10.869218706488272 7.853800578034683
    endloop
  endfacet
  facet normal 0.14044140143925146 0.4815671288031177 0.8650834140232376
    outer loop
      vertex 1.7769910824337978 9.206273596675404 8.773959537572255
      vertex 2.4755428893696303 10.717821019353302 7.819118497109827
      vertex 2.0847354973569123 10.800642476540922 7.836459537572255
    endloop
  endfacet
  facet normal 0.1716607575845323 0.9851561217926348 0
    outer loop
      vertex 2.0847354973569123 10.800642476540922 7.461459537572255
      vertex 1.6911784975351958 10.869218706488272 7.853800578034683
      vertex 2.0847354973569123 10.800642476540922 7.836459537572255
    endloop
  endfacet
  facet normal 0.17502037155077266 0.4701048354613351 0.8650834140232377
    outer loop
      vertex 2.4404424088276557 9.053033286865091 8.7392774566474
      vertex 3.246851375234431 10.509898008407992 7.784436416184972
      vertex 2.86308522830067 10.620863570138093 7.801777456647399
    endloop
  endfacet
  facet normal 0.16386197615564713 0.47335866938218035 0.8654945539349729
    outer loop
      vertex 2.1101082819232615 9.135678074584872 8.756618497109827
      vertex 2.4404424088276557 9.053033286865091 8.7392774566474
      vertex 2.86308522830067 10.620863570138093 7.801777456647399
    endloop
  endfacet
  facet normal 0.18094204498231883 0.4670965140808894 0.8654945539349732
    outer loop
      vertex 2.4404424088276557 9.053033286865091 8.7392774566474
      vertex 2.767557777518728 8.958448235715128 8.721936416184972
      vertex 3.246851375234431 10.509898008407992 7.784436416184972
    endloop
  endfacet
  facet normal 0.15783497266659782 0.47614998496821725 0.865083414023238
    outer loop
      vertex 2.1101082819232615 9.135678074584872 8.756618497109827
      vertex 2.86308522830067 10.620863570138093 7.801777456647399
      vertex 2.4755428893696303 10.717821019353302 7.819118497109827
    endloop
  endfacet
  facet normal 0.04223271415850478 0.4991348264384165 -0.8654945539349729
    outer loop
      vertex 1.441530166648921 9.264726743003974 9.541300578034683
      vertex 1.6911784975351958 10.869218706488272 10.478800578034683
      vertex 1.7769910824337978 9.206273596675404 9.523959537572255
    endloop
  endfacet
  facet normal 0.06032895106393429 0.4972721536265907 -0.8654945539349729
    outer loop
      vertex 1.7769910824337978 9.206273596675404 9.523959537572255
      vertex 2.0847354973569123 10.800642476540922 10.461459537572255
      vertex 2.1101082819232615 9.135678074584872 9.506618497109827
    endloop
  endfacet
  facet normal 0.07834561866421019 0.49475361660631045 -0.8654945539349731
    outer loop
      vertex 2.1101082819232615 9.135678074584872 9.506618497109827
      vertex 2.4755428893696303 10.717821019353302 10.444118497109827
      vertex 2.4404424088276557 9.053033286865091 9.4892774566474
    endloop
  endfacet
  facet normal 0.0488738619266311 0.49924145701481576 -0.8650834140232376
    outer loop
      vertex 1.7769910824337978 9.206273596675404 9.523959537572255
      vertex 1.6911784975351958 10.869218706488272 10.478800578034683
      vertex 2.0847354973569123 10.800642476540922 10.461459537572255
    endloop
  endfacet
  facet normal 0.06696959111078563 0.4971375671263977 -0.865083414023238
    outer loop
      vertex 2.1101082819232615 9.135678074584872 9.506618497109827
      vertex 2.0847354973569123 10.800642476540922 10.461459537572255
      vertex 2.4755428893696303 10.717821019353302 10.444118497109827
    endloop
  endfacet
  facet normal 0.11404533177063331 0.4877630976306307 -0.865494553934973
    outer loop
      vertex 2.767557777518728 8.958448235715128 9.471936416184972
      vertex 3.246851375234431 10.509898008407992 10.409436416184972
      vertex 3.0910229476658753 8.852047671634788 9.454595375722544
    endloop
  endfacet
  facet normal 0.09625895434291999 0.4915825371366539 -0.865494553934973
    outer loop
      vertex 2.4404424088276557 9.053033286865091 9.4892774566474
      vertex 2.86308522830067 10.620863570138093 10.4267774566474
      vertex 2.767557777518728 8.958448235715128 9.471936416184972
    endloop
  endfacet
  facet normal 0.08497699248984858 0.4943779905388986 -0.8650834140232381
    outer loop
      vertex 2.4404424088276557 9.053033286865091 9.4892774566474
      vertex 2.4755428893696303 10.717821019353302 10.444118497109827
      vertex 2.86308522830067 10.620863570138093 10.4267774566474
    endloop
  endfacet
  facet normal 0.10287231566884773 0.4909663669242815 -0.8650834140232379
    outer loop
      vertex 2.767557777518728 8.958448235715128 9.471936416184972
      vertex 2.86308522830067 10.620863570138093 10.4267774566474
      vertex 3.246851375234431 10.509898008407992 10.409436416184972
    endloop
  endfacet
  facet normal 0.41391276962959084 0.9103165488650425 0
    outer loop
      vertex 3.725301565366719 8.60437674041346 5.2
      vertex 3.725301565366719 8.60437674041346 6.419913294797688
      vertex 4.035278447589933 8.463433032422959 6.4025722543352614
    endloop
  endfacet
  facet normal 0.34675586731133157 0.9379554192418561 -5.4463684558796726e-18
    outer loop
      vertex 3.0910229476658753 8.852047671634788 5.2
      vertex 3.410411293273184 8.733971928888174 6.437254335260116
      vertex 3.410411293273184 8.733971928888174 5.2
    endloop
  endfacet
  facet normal 0.38058530002525554 0.9247458188089774 -9.423862181775503e-19
    outer loop
      vertex 3.410411293273184 8.733971928888174 5.2
      vertex 3.725301565366719 8.60437674041346 6.419913294797688
      vertex 3.725301565366719 8.60437674041346 5.2
    endloop
  endfacet
  facet normal 0.34675586731133157 0.9379554192418562 0
    outer loop
      vertex 3.0910229476658753 8.852047671634788 5.2
      vertex 3.0910229476658753 8.852047671634788 6.454595375722544
      vertex 3.410411293273184 8.733971928888174 6.437254335260116
    endloop
  endfacet
  facet normal 0.3805853000252556 0.9247458188089777 0
    outer loop
      vertex 3.410411293273184 8.733971928888174 5.2
      vertex 3.410411293273184 8.733971928888174 6.437254335260116
      vertex 3.725301565366719 8.60437674041346 6.419913294797688
    endloop
  endfacet
  facet normal 0.41391276962959084 0.9103165488650424 -5.05425786762526e-18
    outer loop
      vertex 3.725301565366719 8.60437674041346 5.2
      vertex 4.035278447589933 8.463433032422959 6.4025722543352614
      vertex 4.035278447589933 8.463433032422959 5.2
    endloop
  endfacet
  facet normal 0.44669431972276324 0.8946866405213714 6.490838905364584e-18
    outer loop
      vertex 4.035278447589933 8.463433032422959 5.2
      vertex 4.339933103974405 8.31132669896443 6.385231213872833
      vertex 4.339933103974405 8.31132669896443 5.2
    endloop
  endfacet
  facet normal 0.478886713929587 0.8778767084401555 0
    outer loop
      vertex 4.638863718163428 8.148258356740959 5.2
      vertex 4.339933103974405 8.31132669896443 5.2
      vertex 4.638863718163428 8.148258356740959 6.367890173410405
    endloop
  endfacet
  facet normal 0.44669431972276324 0.8946866405213714 0
    outer loop
      vertex 4.035278447589933 8.463433032422959 5.2
      vertex 4.035278447589933 8.463433032422959 6.4025722543352614
      vertex 4.339933103974405 8.31132669896443 6.385231213872833
    endloop
  endfacet
  facet normal 0.478886713929587 0.8778767084401555 0
    outer loop
      vertex 4.339933103974405 8.31132669896443 5.2
      vertex 4.339933103974405 8.31132669896443 6.385231213872833
      vertex 4.638863718163428 8.148258356740959 6.367890173410405
    endloop
  endfacet
  facet normal 0.13168129206619272 0.4833003356389071 -0.865494553934973
    outer loop
      vertex 3.0910229476658753 8.852047671634788 6.454595375722544
      vertex 3.626335171765793 10.385070689312343 7.392095375722544
      vertex 3.410411293273184 8.733971928888174 6.437254335260116
    endloop
  endfacet
  facet normal 0.1491435747372118 0.4782001372056556 -0.865494553934973
    outer loop
      vertex 3.410411293273184 8.733971928888174 6.437254335260116
      vertex 4.0010361075846195 10.246546250605816 7.374754335260116
      vertex 3.725301565366719 8.60437674041346 6.419913294797688
    endloop
  endfacet
  facet normal 0.1664091483589238 0.4724692291053038 -0.865494553934973
    outer loop
      vertex 3.725301565366719 8.60437674041346 6.419913294797688
      vertex 4.3704599806108515 10.094507395503705 7.357413294797689
      vertex 4.035278447589933 8.463433032422959 6.4025722543352614
    endloop
  endfacet
  facet normal 0.18345524095082852 0.4661151699704433 -0.8654945539349733
    outer loop
      vertex 4.035278447589933 8.463433032422959 6.4025722543352614
      vertex 4.7341195488095185 9.929154651710263 7.340072254335261
      vertex 4.339933103974405 8.31132669896443 6.385231213872833
    endloop
  endfacet
  facet normal 0.5715085881632359 0.820596084353115 -7.366577934738741e-18
    outer loop
      vertex 5.217983822421142 7.790110119429838 5.2
      vertex 5.497409497049924 7.595502594669902 6.315867052023123
      vertex 5.497409497049924 7.595502594669902 5.2
    endloop
  endfacet
  facet normal 0.571508588163236 0.820596084353115 0
    outer loop
      vertex 5.217983822421142 7.790110119429838 5.2
      vertex 5.217983822421142 7.790110119429838 6.333208092485549
      vertex 5.497409497049924 7.595502594669902 6.315867052023123
    endloop
  endfacet
  facet normal 0.6295555718608197 0.776955456856438 0
    outer loop
      vertex 5.76958450601799 7.390877178779868 5.2
      vertex 5.76958450601799 7.390877178779868 6.2985260115606945
      vertex 6.026799349695556 7.182459776503431 5.2
    endloop
  endfacet
  facet normal 0.6009283694548367 0.7993028805054759 0
    outer loop
      vertex 5.76958450601799 7.390877178779868 5.2
      vertex 5.497409497049924 7.595502594669902 5.2
      vertex 5.76958450601799 7.390877178779868 6.2985260115606945
    endloop
  endfacet
  facet normal 0.6009283694548367 0.799302880505476 0
    outer loop
      vertex 5.497409497049924 7.595502594669902 5.2
      vertex 5.497409497049924 7.595502594669902 6.315867052023123
      vertex 5.76958450601799 7.390877178779868 6.2985260115606945
    endloop
  endfacet
  facet normal 0.6295555718608197 0.776955456856438 1.012393699243547e-18
    outer loop
      vertex 5.76958450601799 7.390877178779868 6.2985260115606945
      vertex 6.026799349695556 7.182459776503431 6.281666763905945
      vertex 6.026799349695556 7.182459776503431 5.2
    endloop
  endfacet
  facet normal 0.2798876378025492 0.4154300029056698 -0.8654945539349767
    outer loop
      vertex 5.76958450601799 7.390877178779868 6.2985260115606945
      vertex 6.051619017156949 7.212038704366137 6.303890695988838
      vertex 6.026799349695556 7.182459776503431 6.281666763905945
    endloop
  endfacet
  facet normal 0.2798876378025526 0.4154300029056751 -0.865494553934973
    outer loop
      vertex 5.76958450601799 7.390877178779868 6.2985260115606945
      vertex 6.768777707214104 8.670850497518764 7.2360260115606945
      vertex 6.051619017156949 7.212038704366137 6.303890695988838
    endloop
  endfacet
  facet normal 0.5104474929267501 0.8599089236452867 8.068657454564978e-18
    outer loop
      vertex 4.638863718163428 8.148258356740959 5.2
      vertex 4.931676023377276 7.974443080512746 6.350549132947978
      vertex 4.931676023377276 7.974443080512746 5.2
    endloop
  endfacet
  facet normal 0.541335030443443 0.8408069842804571 0
    outer loop
      vertex 5.217983822421142 7.790110119429838 5.2
      vertex 4.931676023377276 7.974443080512746 5.2
      vertex 5.217983822421142 7.790110119429838 6.333208092485549
    endloop
  endfacet
  facet normal 0.5104474929267502 0.8599089236452867 0
    outer loop
      vertex 4.638863718163428 8.148258356740959 5.2
      vertex 4.638863718163428 8.148258356740959 6.367890173410405
      vertex 4.931676023377276 7.974443080512746 6.350549132947978
    endloop
  endfacet
  facet normal 0.5413350304434429 0.840806984280457 2.2590612643305518e-18
    outer loop
      vertex 5.217983822421142 7.790110119429838 6.333208092485549
      vertex 4.931676023377276 7.974443080512746 5.2
      vertex 4.931676023377276 7.974443080512746 6.350549132947978
    endloop
  endfacet
  facet normal 0.21679937217009024 0.4515719315187302 -0.8654945539349731
    outer loop
      vertex 4.638863718163428 8.148258356740959 6.367890173410405
      vertex 5.44223544859385 9.55939712126599 7.305390173410405
      vertex 4.931676023377276 7.974443080512746 6.350549132947978
    endloop
  endfacet
  facet normal 0.23305343242046925 0.44340193362900426 -0.865494553934973
    outer loop
      vertex 5.217983822421142 7.790110119429838 6.333208092485549
      vertex 4.931676023377276 7.974443080512746 6.350549132947978
      vertex 5.785757829081066 9.355480016718925 7.288049132947977
    endloop
  endfacet
  facet normal 0.20025937001126748 0.45914634032255164 -0.865494553934973
    outer loop
      vertex 4.638863718163428 8.148258356740959 6.367890173410405
      vertex 4.339933103974405 8.31132669896443 6.385231213872833
      vertex 5.09153517282599 9.750706106937887 7.322731213872833
    endloop
  endfacet
  facet normal 0.18984857866956206 0.46431476818969086 -0.865083414023238
    outer loop
      vertex 4.339933103974405 8.31132669896443 6.385231213872833
      vertex 4.7341195488095185 9.929154651710263 7.340072254335261
      vertex 5.09153517282599 9.750706106937887 7.322731213872833
    endloop
  endfacet
  facet normal 0.2065831171663029 0.4571149773128778 -0.8650834140232379
    outer loop
      vertex 4.638863718163428 8.148258356740959 6.367890173410405
      vertex 5.09153517282599 9.750706106937887 7.322731213872833
      vertex 5.44223544859385 9.55939712126599 7.305390173410405
    endloop
  endfacet
  facet normal 0.22304518821914895 0.4493122864936854 -0.865083414023238
    outer loop
      vertex 4.931676023377276 7.974443080512746 6.350549132947978
      vertex 5.44223544859385 9.55939712126599 7.305390173410405
      vertex 5.785757829081066 9.355480016718925 7.288049132947977
    endloop
  endfacet
  facet normal 0.24900011289126098 0.43464712226016355 -0.8654945539349729
    outer loop
      vertex 5.217983822421142 7.790110119429838 6.333208092485549
      vertex 6.121649234354405 9.139223744472401 7.27070809248555
      vertex 5.497409497049924 7.595502594669902 6.315867052023123
    endloop
  endfacet
  facet normal 0.26461838112187264 0.4253190443435863 -0.8654945539349728
    outer loop
      vertex 5.76958450601799 7.390877178779868 6.2985260115606945
      vertex 5.497409497049924 7.595502594669902 6.315867052023123
      vertex 6.449466649157456 8.910913530127296 7.253367052023123
    endloop
  endfacet
  facet normal 0.2550654671073421 0.43194015126081153 -0.8650834140232379
    outer loop
      vertex 5.497409497049924 7.595502594669902 6.315867052023123
      vertex 6.121649234354405 9.139223744472401 7.27070809248555
      vertex 6.449466649157456 8.910913530127296 7.253367052023123
    endloop
  endfacet
  facet normal 0.2392130796064851 0.4409169868887805 -0.8650834140232377
    outer loop
      vertex 5.217983822421142 7.790110119429838 6.333208092485549
      vertex 5.785757829081066 9.355480016718925 7.288049132947977
      vertex 6.121649234354405 9.139223744472401 7.27070809248555
    endloop
  endfacet
  facet normal 0.5413350304434417 0.8408069842804579 0
    outer loop
      vertex 5.785757829081066 9.355480016718925 7.288049132947977
      vertex 5.785757829081066 9.355480016718925 7.663049132947977
      vertex 6.121649234354405 9.139223744472401 7.27070809248555
    endloop
  endfacet
  facet normal 0.5413350304434417 0.8408069842804579 1.4506624492319787e-18
    outer loop
      vertex 5.785757829081066 9.355480016718925 7.663049132947977
      vertex 6.121649234354405 9.139223744472401 7.64570809248555
      vertex 6.121649234354405 9.139223744472401 7.27070809248555
    endloop
  endfacet
  facet normal 0.571508588163237 0.8205960843531144 0
    outer loop
      vertex 6.121649234354405 9.139223744472401 7.27070809248555
      vertex 6.121649234354405 9.139223744472401 7.64570809248555
      vertex 6.449466649157456 8.910913530127296 7.253367052023123
    endloop
  endfacet
  facet normal 0.4139127696295908 0.9103165488650423 0
    outer loop
      vertex 3.725301565366719 8.60437674041346 8.669913294797688
      vertex 3.725301565366719 8.60437674041346 9.419913294797688
      vertex 4.035278447589933 8.463433032422959 8.652572254335261
    endloop
  endfacet
  facet normal 0.21436402363107415 0.45273308083416913 0.865494553934973
    outer loop
      vertex 3.0910229476658753 8.852047671634788 8.704595375722544
      vertex 3.410411293273184 8.733971928888174 8.687254335260116
      vertex 4.0010361075846195 10.246546250605816 7.749754335260116
    endloop
  endfacet
  facet normal 0.23066185240133782 0.4446507471664533 0.8654945539349732
    outer loop
      vertex 3.410411293273184 8.733971928888174 8.687254335260116
      vertex 3.725301565366719 8.60437674041346 8.669913294797688
      vertex 4.3704599806108515 10.094507395503705 7.732413294797689
    endloop
  endfacet
  facet normal 0.3467558673113316 0.9379554192418561 0
    outer loop
      vertex 3.0910229476658753 8.852047671634788 8.704595375722544
      vertex 3.0910229476658753 8.852047671634788 9.454595375722544
      vertex 3.410411293273184 8.733971928888174 8.687254335260116
    endloop
  endfacet
  facet normal 0.3805853000252555 0.9247458188089774 0
    outer loop
      vertex 3.410411293273184 8.733971928888174 8.687254335260116
      vertex 3.410411293273184 8.733971928888174 9.437254335260116
      vertex 3.725301565366719 8.60437674041346 8.669913294797688
    endloop
  endfacet
  facet normal 0.4466943197227633 0.8946866405213714 0
    outer loop
      vertex 4.035278447589933 8.463433032422959 8.652572254335261
      vertex 4.035278447589933 8.463433032422959 9.402572254335261
      vertex 4.339933103974405 8.31132669896443 8.635231213872833
    endloop
  endfacet
  facet normal 0.478886713929587 0.8778767084401555 -5.3627803006318236e-18
    outer loop
      vertex 4.638863718163428 8.148258356740959 8.617890173410405
      vertex 4.339933103974405 8.31132669896443 8.635231213872833
      vertex 4.339933103974405 8.31132669896443 9.385231213872833
    endloop
  endfacet
  facet normal 0.24665545570443578 0.4359819529294067 0.865494553934973
    outer loop
      vertex 3.725301565366719 8.60437674041346 8.669913294797688
      vertex 4.035278447589933 8.463433032422959 8.652572254335261
      vertex 4.7341195488095185 9.929154651710263 7.715072254335261
    endloop
  endfacet
  facet normal 0.26232373919215013 0.4267381316043259 0.865494553934973
    outer loop
      vertex 4.035278447589933 8.463433032422959 8.652572254335261
      vertex 4.339933103974405 8.31132669896443 8.635231213872833
      vertex 5.09153517282599 9.750706106937887 7.697731213872833
    endloop
  endfacet
  facet normal 0.3467558673113316 0.9379554192418561 -8.98472397794809e-18
    outer loop
      vertex 3.0910229476658753 8.852047671634788 9.454595375722544
      vertex 3.410411293273184 8.733971928888174 9.437254335260116
      vertex 3.410411293273184 8.733971928888174 8.687254335260116
    endloop
  endfacet
  facet normal 0.13168129206619272 0.4833003356389071 -0.865494553934973
    outer loop
      vertex 3.0910229476658753 8.852047671634788 9.454595375722544
      vertex 3.626335171765793 10.385070689312343 10.392095375722544
      vertex 3.410411293273184 8.733971928888174 9.437254335260116
    endloop
  endfacet
  facet normal 0.3805853000252555 0.9247458188089774 0
    outer loop
      vertex 3.725301565366719 8.60437674041346 8.669913294797688
      vertex 3.410411293273184 8.733971928888174 9.437254335260116
      vertex 3.725301565366719 8.60437674041346 9.419913294797688
    endloop
  endfacet
  facet normal 0.1491435747372118 0.4782001372056556 -0.865494553934973
    outer loop
      vertex 3.410411293273184 8.733971928888174 9.437254335260116
      vertex 4.0010361075846195 10.246546250605816 10.374754335260116
      vertex 3.725301565366719 8.60437674041346 9.419913294797688
    endloop
  endfacet
  facet normal 0.4139127696295908 0.9103165488650423 0
    outer loop
      vertex 4.035278447589933 8.463433032422959 8.652572254335261
      vertex 3.725301565366719 8.60437674041346 9.419913294797688
      vertex 4.035278447589933 8.463433032422959 9.402572254335261
    endloop
  endfacet
  facet normal 0.4466943197227633 0.8946866405213714 0
    outer loop
      vertex 4.339933103974405 8.31132669896443 8.635231213872833
      vertex 4.035278447589933 8.463433032422959 9.402572254335261
      vertex 4.339933103974405 8.31132669896443 9.385231213872833
    endloop
  endfacet
  facet normal 0.478886713929587 0.8778767084401555 0
    outer loop
      vertex 4.638863718163428 8.148258356740959 8.617890173410405
      vertex 4.339933103974405 8.31132669896443 9.385231213872833
      vertex 4.638863718163428 8.148258356740959 9.367890173410405
    endloop
  endfacet
  facet normal 0.1664091483589236 0.4724692291053035 -0.8654945539349731
    outer loop
      vertex 3.725301565366719 8.60437674041346 9.419913294797688
      vertex 4.3704599806108515 10.094507395503705 10.357413294797688
      vertex 4.035278447589933 8.463433032422959 9.402572254335261
    endloop
  endfacet
  facet normal 0.1834552409508287 0.4661151699704436 -0.8654945539349731
    outer loop
      vertex 4.035278447589933 8.463433032422959 9.402572254335261
      vertex 4.7341195488095185 9.929154651710263 10.340072254335261
      vertex 4.339933103974405 8.31132669896443 9.385231213872833
    endloop
  endfacet
  facet normal 0.571508588163236 0.820596084353115 0
    outer loop
      vertex 5.217983822421142 7.790110119429838 8.583208092485549
      vertex 5.217983822421142 7.790110119429838 9.333208092485549
      vertex 5.497409497049924 7.595502594669902 8.565867052023123
    endloop
  endfacet
  facet normal 0.571508588163236 0.820596084353115 0
    outer loop
      vertex 5.497409497049924 7.595502594669902 8.565867052023123
      vertex 5.217983822421142 7.790110119429838 9.333208092485549
      vertex 5.497409497049924 7.595502594669902 9.315867052023123
    endloop
  endfacet
  facet normal 0.6295555718608198 0.776955456856438 0
    outer loop
      vertex 5.76958450601799 7.390877178779868 8.548526011560694
      vertex 5.76958450601799 7.390877178779868 9.298526011560694
      vertex 6.026799349695556 7.182459776503431 8.531666763905944
    endloop
  endfacet
  facet normal 0.6009283694548369 0.799302880505476 1.0577304923970254e-17
    outer loop
      vertex 5.76958450601799 7.390877178779868 8.548526011560694
      vertex 5.497409497049924 7.595502594669902 8.565867052023123
      vertex 5.497409497049924 7.595502594669902 9.315867052023123
    endloop
  endfacet
  facet normal 0.6009283694548369 0.799302880505476 0
    outer loop
      vertex 5.76958450601799 7.390877178779868 8.548526011560694
      vertex 5.497409497049924 7.595502594669902 9.315867052023123
      vertex 5.76958450601799 7.390877178779868 9.298526011560694
    endloop
  endfacet
  facet normal 0.6295555718608198 0.776955456856438 1.460096821946048e-18
    outer loop
      vertex 5.76958450601799 7.390877178779868 9.298526011560694
      vertex 6.026799349695556 7.182459776503431 9.281666763905944
      vertex 6.026799349695556 7.182459776503431 8.531666763905944
    endloop
  endfacet
  facet normal 0.279887637802567 0.4154300029056939 -0.8654945539349593
    outer loop
      vertex 5.76958450601799 7.390877178779868 9.298526011560694
      vertex 6.051619017156949 7.212038704366137 9.303890695988839
      vertex 6.026799349695556 7.182459776503431 9.281666763905944
    endloop
  endfacet
  facet normal 0.27988763780255443 0.41543000290567367 -0.865494553934973
    outer loop
      vertex 5.76958450601799 7.390877178779868 9.298526011560694
      vertex 6.768777707214104 8.670850497518764 10.236026011560694
      vertex 6.051619017156949 7.212038704366137 9.303890695988839
    endloop
  endfacet
  facet normal 0.2926021419450944 0.4065749176204124 0.8654945539349729
    outer loop
      vertex 5.785757829081066 9.355480016718925 7.663049132947977
      vertex 4.638863718163428 8.148258356740959 8.617890173410405
      vertex 4.931676023377276 7.974443080512746 8.600549132947977
    endloop
  endfacet
  facet normal 0.30717232629639957 0.3956821187096531 0.8654945539349731
    outer loop
      vertex 6.121649234354405 9.139223744472401 7.64570809248555
      vertex 4.931676023377276 7.974443080512746 8.600549132947977
      vertex 5.217983822421142 7.790110119429838 8.583208092485549
    endloop
  endfacet
  facet normal 0.5104474929267501 0.8599089236452867 0
    outer loop
      vertex 4.638863718163428 8.148258356740959 8.617890173410405
      vertex 4.638863718163428 8.148258356740959 9.367890173410405
      vertex 4.931676023377276 7.974443080512746 8.600549132947977
    endloop
  endfacet
  facet normal 0.5413350304434429 0.8408069842804571 3.4655479719358386e-18
    outer loop
      vertex 5.217983822421142 7.790110119429838 8.583208092485549
      vertex 4.931676023377276 7.974443080512746 8.600549132947977
      vertex 4.931676023377276 7.974443080512746 9.350549132947977
    endloop
  endfacet
  facet normal 0.5413350304434429 0.8408069842804571 0
    outer loop
      vertex 5.217983822421142 7.790110119429838 8.583208092485549
      vertex 4.931676023377276 7.974443080512746 9.350549132947977
      vertex 5.217983822421142 7.790110119429838 9.333208092485549
    endloop
  endfacet
  facet normal 0.27764603758837836 0.4169314750895821 0.865494553934973
    outer loop
      vertex 4.638863718163428 8.148258356740959 8.617890173410405
      vertex 5.44223544859385 9.55939712126599 7.680390173410405
      vertex 4.339933103974405 8.31132669896443 8.635231213872833
    endloop
  endfacet
  facet normal 0.27251478752354735 0.4211488779076767 0.8650834140232379
    outer loop
      vertex 4.339933103974405 8.31132669896443 8.635231213872833
      vertex 5.44223544859385 9.55939712126599 7.680390173410405
      vertex 5.09153517282599 9.750706106937887 7.697731213872833
    endloop
  endfacet
  facet normal 0.28762741388472335 0.4109758600743909 0.8650834140232379
    outer loop
      vertex 5.785757829081066 9.355480016718925 7.663049132947977
      vertex 5.44223544859385 9.55939712126599 7.680390173410405
      vertex 4.638863718163428 8.148258356740959 8.617890173410405
    endloop
  endfacet
  facet normal 0.32133737367557014 0.3842674451318887 0.8654945539349731
    outer loop
      vertex 5.217983822421142 7.790110119429838 8.583208092485549
      vertex 5.497409497049924 7.595502594669902 8.565867052023123
      vertex 6.449466649157456 8.910913530127296 7.628367052023123
    endloop
  endfacet
  facet normal 0.33507860146079904 0.37234595197474246 0.865494553934973
    outer loop
      vertex 5.76958450601799 7.390877178779868 8.548526011560694
      vertex 6.768777707214104 8.670850497518764 7.6110260115606945
      vertex 5.497409497049924 7.595502594669902 8.565867052023123
    endloop
  endfacet
  facet normal 0.33061193839696185 0.3772617565713533 0.8650834140232377
    outer loop
      vertex 5.497409497049924 7.595502594669902 8.565867052023123
      vertex 6.768777707214104 8.670850497518764 7.6110260115606945
      vertex 6.449466649157456 8.910913530127296 7.628367052023123
    endloop
  endfacet
  facet normal 0.30236068152902124 0.40026079629062483 0.8650834140232379
    outer loop
      vertex 5.785757829081066 9.355480016718925 7.663049132947977
      vertex 4.931676023377276 7.974443080512746 8.600549132947977
      vertex 6.121649234354405 9.139223744472401 7.64570809248555
    endloop
  endfacet
  facet normal 0.3166951583952505 0.3890178189118156 0.8650834140232381
    outer loop
      vertex 6.121649234354405 9.139223744472401 7.64570809248555
      vertex 5.217983822421142 7.790110119429838 8.583208092485549
      vertex 6.449466649157456 8.910913530127296 7.628367052023123
    endloop
  endfacet
  facet normal 0.5104474929267501 0.8599089236452867 1.2377849117871963e-17
    outer loop
      vertex 4.638863718163428 8.148258356740959 9.367890173410405
      vertex 4.931676023377276 7.974443080512746 9.350549132947977
      vertex 4.931676023377276 7.974443080512746 8.600549132947977
    endloop
  endfacet
  facet normal 0.21679937217008824 0.45157193151873115 -0.865494553934973
    outer loop
      vertex 4.638863718163428 8.148258356740959 9.367890173410405
      vertex 5.44223544859385 9.55939712126599 10.305390173410405
      vertex 4.931676023377276 7.974443080512746 9.350549132947977
    endloop
  endfacet
  facet normal 0.23305343242047136 0.44340193362900343 -0.8654945539349728
    outer loop
      vertex 5.217983822421142 7.790110119429838 9.333208092485549
      vertex 4.931676023377276 7.974443080512746 9.350549132947977
      vertex 5.785757829081066 9.355480016718925 10.288049132947977
    endloop
  endfacet
  facet normal 0.20025937001126748 0.45914634032255164 -0.865494553934973
    outer loop
      vertex 4.638863718163428 8.148258356740959 9.367890173410405
      vertex 4.339933103974405 8.31132669896443 9.385231213872833
      vertex 5.09153517282599 9.750706106937887 10.322731213872833
    endloop
  endfacet
  facet normal 0.1898485786695603 0.46431476818969175 -0.865083414023238
    outer loop
      vertex 4.339933103974405 8.31132669896443 9.385231213872833
      vertex 4.7341195488095185 9.929154651710263 10.340072254335261
      vertex 5.09153517282599 9.750706106937887 10.322731213872833
    endloop
  endfacet
  facet normal 0.2065831171663029 0.4571149773128778 -0.8650834140232379
    outer loop
      vertex 4.638863718163428 8.148258356740959 9.367890173410405
      vertex 5.09153517282599 9.750706106937887 10.322731213872833
      vertex 5.44223544859385 9.55939712126599 10.305390173410405
    endloop
  endfacet
  facet normal 0.22304518821914898 0.4493122864936856 -0.8650834140232377
    outer loop
      vertex 4.931676023377276 7.974443080512746 9.350549132947977
      vertex 5.44223544859385 9.55939712126599 10.305390173410405
      vertex 5.785757829081066 9.355480016718925 10.288049132947977
    endloop
  endfacet
  facet normal 0.24900011289126078 0.4346471222601633 -0.8654945539349731
    outer loop
      vertex 5.217983822421142 7.790110119429838 9.333208092485549
      vertex 6.121649234354405 9.139223744472401 10.270708092485549
      vertex 5.497409497049924 7.595502594669902 9.315867052023123
    endloop
  endfacet
  facet normal 0.26461838112187264 0.4253190443435863 -0.8654945539349728
    outer loop
      vertex 5.76958450601799 7.390877178779868 9.298526011560694
      vertex 5.497409497049924 7.595502594669902 9.315867052023123
      vertex 6.449466649157456 8.910913530127296 10.253367052023123
    endloop
  endfacet
  facet normal 0.2550654671073439 0.4319401512608104 -0.8650834140232379
    outer loop
      vertex 5.497409497049924 7.595502594669902 9.315867052023123
      vertex 6.121649234354405 9.139223744472401 10.270708092485549
      vertex 6.449466649157456 8.910913530127296 10.253367052023123
    endloop
  endfacet
  facet normal 0.23921307960648325 0.4409169868887813 -0.8650834140232377
    outer loop
      vertex 5.217983822421142 7.790110119429838 9.333208092485549
      vertex 5.785757829081066 9.355480016718925 10.288049132947977
      vertex 6.121649234354405 9.139223744472401 10.270708092485549
    endloop
  endfacet
  facet normal 0.5413350304434417 0.8408069842804579 0
    outer loop
      vertex 5.785757829081066 9.355480016718925 10.288049132947977
      vertex 5.785757829081066 9.355480016718925 10.663049132947977
      vertex 6.121649234354405 9.139223744472401 10.270708092485549
    endloop
  endfacet
  facet normal 0.571508588163237 0.8205960843531144 0
    outer loop
      vertex 6.121649234354405 9.139223744472401 10.270708092485549
      vertex 6.121649234354405 9.139223744472401 10.645708092485549
      vertex 6.449466649157456 8.910913530127296 10.253367052023123
    endloop
  endfacet
  facet normal 0.12063195807547232 0.48690719595501664 -0.8650834140232377
    outer loop
      vertex 3.0910229476658753 8.852047671634788 6.454595375722544
      vertex 3.246851375234431 10.509898008407992 7.409436416184972
      vertex 3.626335171765793 10.385070689312343 7.392095375722544
    endloop
  endfacet
  facet normal 0.13823249609002147 0.482205831369366 -0.865083414023238
    outer loop
      vertex 3.410411293273184 8.733971928888174 6.437254335260116
      vertex 3.626335171765793 10.385070689312343 7.392095375722544
      vertex 4.0010361075846195 10.246546250605816 7.374754335260116
    endloop
  endfacet
  facet normal 0.31246908994059147 0.949927927703833 0
    outer loop
      vertex 3.246851375234431 10.509898008407992 7.409436416184972
      vertex 3.246851375234431 10.509898008407992 7.784436416184972
      vertex 3.626335171765793 10.385070689312343 7.392095375722544
    endloop
  endfacet
  facet normal 0.31246908994059147 0.949927927703833 0
    outer loop
      vertex 3.626335171765793 10.385070689312343 7.392095375722544
      vertex 3.246851375234431 10.509898008407992 7.784436416184972
      vertex 3.626335171765793 10.385070689312343 7.767095375722544
    endloop
  endfacet
  facet normal 0.346755867311329 0.9379554192418571 0
    outer loop
      vertex 3.626335171765793 10.385070689312343 7.392095375722544
      vertex 3.626335171765793 10.385070689312343 7.767095375722544
      vertex 4.0010361075846195 10.246546250605816 7.374754335260116
    endloop
  endfacet
  facet normal 0.346755867311329 0.9379554192418571 0
    outer loop
      vertex 4.0010361075846195 10.246546250605816 7.374754335260116
      vertex 3.626335171765793 10.385070689312343 7.767095375722544
      vertex 4.0010361075846195 10.246546250605816 7.749754335260116
    endloop
  endfacet
  facet normal 0.15565071593942006 0.4768684739102026 -0.8650834140232376
    outer loop
      vertex 3.725301565366719 8.60437674041346 6.419913294797688
      vertex 4.0010361075846195 10.246546250605816 7.374754335260116
      vertex 4.3704599806108515 10.094507395503705 7.357413294797689
    endloop
  endfacet
  facet normal 0.3805853000252572 0.9247458188089769 0
    outer loop
      vertex 4.3704599806108515 10.094507395503705 7.357413294797689
      vertex 4.0010361075846195 10.246546250605816 7.749754335260116
      vertex 4.3704599806108515 10.094507395503705 7.732413294797689
    endloop
  endfacet
  facet normal 0.17286364431439744 0.47090216314670336 -0.865083414023238
    outer loop
      vertex 4.035278447589933 8.463433032422959 6.4025722543352614
      vertex 4.3704599806108515 10.094507395503705 7.357413294797689
      vertex 4.7341195488095185 9.929154651710263 7.340072254335261
    endloop
  endfacet
  facet normal 0.41391276962959056 0.9103165488650425 0
    outer loop
      vertex 4.3704599806108515 10.094507395503705 7.357413294797689
      vertex 4.3704599806108515 10.094507395503705 7.732413294797689
      vertex 4.7341195488095185 9.929154651710263 7.340072254335261
    endloop
  endfacet
  facet normal 0.41391276962959056 0.9103165488650425 0
    outer loop
      vertex 4.7341195488095185 9.929154651710263 7.340072254335261
      vertex 4.3704599806108515 10.094507395503705 7.732413294797689
      vertex 4.7341195488095185 9.929154651710263 7.715072254335261
    endloop
  endfacet
  facet normal 0.3805853000252572 0.9247458188089769 -2.3527215697042666e-18
    outer loop
      vertex 4.3704599806108515 10.094507395503705 7.357413294797689
      vertex 4.0010361075846195 10.246546250605816 7.374754335260116
      vertex 4.0010361075846195 10.246546250605816 7.749754335260116
    endloop
  endfacet
  facet normal 0.44669431972276286 0.8946866405213716 0
    outer loop
      vertex 4.7341195488095185 9.929154651710263 7.340072254335261
      vertex 4.7341195488095185 9.929154651710263 7.715072254335261
      vertex 5.09153517282599 9.750706106937887 7.322731213872833
    endloop
  endfacet
  facet normal 0.44669431972276286 0.8946866405213716 0
    outer loop
      vertex 5.09153517282599 9.750706106937887 7.322731213872833
      vertex 4.7341195488095185 9.929154651710263 7.715072254335261
      vertex 5.09153517282599 9.750706106937887 7.697731213872833
    endloop
  endfacet
  facet normal 0.4788867139295862 0.877876708440156 0
    outer loop
      vertex 5.09153517282599 9.750706106937887 7.322731213872833
      vertex 5.09153517282599 9.750706106937887 7.697731213872833
      vertex 5.44223544859385 9.55939712126599 7.305390173410405
    endloop
  endfacet
  facet normal 0.4788867139295862 0.877876708440156 0
    outer loop
      vertex 5.44223544859385 9.55939712126599 7.305390173410405
      vertex 5.09153517282599 9.750706106937887 7.697731213872833
      vertex 5.44223544859385 9.55939712126599 7.680390173410405
    endloop
  endfacet
  facet normal 0.5104474929267531 0.8599089236452848 3.366197827186017e-17
    outer loop
      vertex 5.785757829081066 9.355480016718925 7.288049132947977
      vertex 5.44223544859385 9.55939712126599 7.305390173410405
      vertex 5.44223544859385 9.55939712126599 7.680390173410405
    endloop
  endfacet
  facet normal 0.5104474929267531 0.8599089236452848 0
    outer loop
      vertex 5.785757829081066 9.355480016718925 7.288049132947977
      vertex 5.44223544859385 9.55939712126599 7.680390173410405
      vertex 5.785757829081066 9.355480016718925 7.663049132947977
    endloop
  endfacet
  facet normal 0.19778346499215255 0.4602182939482091 0.8654945539349731
    outer loop
      vertex 2.767557777518728 8.958448235715128 8.721936416184972
      vertex 3.0910229476658753 8.852047671634788 8.704595375722544
      vertex 3.626335171765793 10.385070689312343 7.767095375722544
    endloop
  endfacet
  facet normal 0.1919749318556892 0.46343965337560694 0.8650834140232379
    outer loop
      vertex 2.767557777518728 8.958448235715128 8.721936416184972
      vertex 3.626335171765793 10.385070689312343 7.767095375722544
      vertex 3.246851375234431 10.509898008407992 7.784436416184972
    endloop
  endfacet
  facet normal 0.2086762918038028 0.45616322958006333 0.8650834140232377
    outer loop
      vertex 3.0910229476658753 8.852047671634788 8.704595375722544
      vertex 4.0010361075846195 10.246546250605816 7.749754335260116
      vertex 3.626335171765793 10.385070689312343 7.767095375722544
    endloop
  endfacet
  facet normal 0.22510242356962248 0.4482851611251272 0.865083414023238
    outer loop
      vertex 3.410411293273184 8.733971928888174 8.687254335260116
      vertex 4.3704599806108515 10.094507395503705 7.732413294797689
      vertex 4.0010361075846195 10.246546250605816 7.749754335260116
    endloop
  endfacet
  facet normal 0.24123166233273438 0.43981583858483836 0.865083414023238
    outer loop
      vertex 3.725301565366719 8.60437674041346 8.669913294797688
      vertex 4.7341195488095185 9.929154651710263 7.715072254335261
      vertex 4.3704599806108515 10.094507395503705 7.732413294797689
    endloop
  endfacet
  facet normal 0.2570427348520343 0.43076643235248285 0.8650834140232377
    outer loop
      vertex 4.035278447589933 8.463433032422959 8.652572254335261
      vertex 5.09153517282599 9.750706106937887 7.697731213872833
      vertex 4.7341195488095185 9.929154651710263 7.715072254335261
    endloop
  endfacet
  facet normal 0.12063195807547232 0.48690719595501664 -0.8650834140232377
    outer loop
      vertex 3.0910229476658753 8.852047671634788 9.454595375722544
      vertex 3.246851375234431 10.509898008407992 10.409436416184972
      vertex 3.626335171765793 10.385070689312343 10.392095375722544
    endloop
  endfacet
  facet normal 0.13823249609002147 0.482205831369366 -0.865083414023238
    outer loop
      vertex 3.410411293273184 8.733971928888174 9.437254335260116
      vertex 3.626335171765793 10.385070689312343 10.392095375722544
      vertex 4.0010361075846195 10.246546250605816 10.374754335260116
    endloop
  endfacet
  facet normal 0.15565071593941815 0.47686847391020304 -0.8650834140232377
    outer loop
      vertex 3.725301565366719 8.60437674041346 9.419913294797688
      vertex 4.0010361075846195 10.246546250605816 10.374754335260116
      vertex 4.3704599806108515 10.094507395503705 10.357413294797688
    endloop
  endfacet
  facet normal 0.17286364431440115 0.47090216314670214 -0.865083414023238
    outer loop
      vertex 4.035278447589933 8.463433032422959 9.402572254335261
      vertex 4.3704599806108515 10.094507395503705 10.357413294797688
      vertex 4.7341195488095185 9.929154651710263 10.340072254335261
    endloop
  endfacet
  facet normal 0.44669431972276286 0.8946866405213716 0
    outer loop
      vertex 4.7341195488095185 9.929154651710263 10.340072254335261
      vertex 4.7341195488095185 9.929154651710263 10.715072254335261
      vertex 5.09153517282599 9.750706106937887 10.322731213872833
    endloop
  endfacet
  facet normal 0.4788867139295862 0.877876708440156 0
    outer loop
      vertex 5.09153517282599 9.750706106937887 10.322731213872833
      vertex 5.09153517282599 9.750706106937887 10.697731213872833
      vertex 5.44223544859385 9.55939712126599 10.305390173410405
    endloop
  endfacet
  facet normal 0.5104474929267531 0.8599089236452848 3.366197827186017e-17
    outer loop
      vertex 5.785757829081066 9.355480016718925 10.288049132947977
      vertex 5.44223544859385 9.55939712126599 10.305390173410405
      vertex 5.44223544859385 9.55939712126599 10.680390173410405
    endloop
  endfacet
  facet normal 0.02723587430722057 0.9996290347677589 -2.991739021541458e-19
    outer loop
      vertex 0.425521547540491 9.366541638004426 11.843323699421966
      vertex 0.08513238075731001 9.375815874985948 11.860664739884394
      vertex 0.08513238075731001 9.375815874985948 13.412227239884393
    endloop
  endfacet
  facet normal 0.06351544936023795 0.9979808553737728 0
    outer loop
      vertex 0.425521547540491 9.366541638004426 11.843323699421966
      vertex 0.425521547540491 9.366541638004426 13.394886199421967
      vertex 0.7653494837160011 9.344913643884974 11.82598265895954
    endloop
  endfacet
  facet normal 0.027235874307220572 0.9996290347677589 0
    outer loop
      vertex 0.425521547540491 9.366541638004426 11.843323699421966
      vertex 0.08513238075731001 9.375815874985948 13.412227239884393
      vertex 0.425521547540491 9.366541638004426 13.394886199421967
    endloop
  endfacet
  facet normal 0.06351544936023797 0.9979808553737728 0
    outer loop
      vertex 0.7653494837160011 9.344913643884974 11.82598265895954
      vertex 0.425521547540491 9.366541638004426 13.394886199421967
      vertex 0.7653494837160011 9.344913643884974 13.377545158959537
    endloop
  endfacet
  facet normal 0.09971125235882612 0.9950164150168752 0
    outer loop
      vertex 0.7653494837160011 9.344913643884974 11.82598265895954
      vertex 0.7653494837160011 9.344913643884974 13.377545158959537
      vertex 1.1041679820420998 9.310960418309435 11.808641618497111
    endloop
  endfacet
  facet normal 0.13577554378750856 0.9907396235687793 0
    outer loop
      vertex 1.1041679820420998 9.310960418309435 11.808641618497111
      vertex 1.1041679820420998 9.310960418309435 13.36020411849711
      vertex 1.441530166648921 9.264726743003974 11.791300578034683
    endloop
  endfacet
  facet normal 0.17166075758452984 0.9851561217926351 0
    outer loop
      vertex 1.441530166648921 9.264726743003974 11.791300578034683
      vertex 1.441530166648921 9.264726743003974 13.342863078034682
      vertex 1.7769910824337978 9.206273596675404 11.773959537572255
    endloop
  endfacet
  facet normal 0.09971125235882612 0.9950164150168752 0
    outer loop
      vertex 1.1041679820420998 9.310960418309435 11.808641618497111
      vertex 0.7653494837160011 9.344913643884974 13.377545158959537
      vertex 1.1041679820420998 9.310960418309435 13.36020411849711
    endloop
  endfacet
  facet normal 0.13577554378750856 0.9907396235687793 0
    outer loop
      vertex 1.441530166648921 9.264726743003974 11.791300578034683
      vertex 1.1041679820420998 9.310960418309435 13.36020411849711
      vertex 1.441530166648921 9.264726743003974 13.342863078034682
    endloop
  endfacet
  facet normal 0.2073195638779976 0.9782732739032773 0
    outer loop
      vertex 1.7769910824337978 9.206273596675404 11.773959537572255
      vertex 1.7769910824337978 9.206273596675404 13.325522037572254
      vertex 2.1101082819232615 9.135678074584872 11.756618497109827
    endloop
  endfacet
  facet normal 0.2427049314102723 0.9701001578544016 0
    outer loop
      vertex 2.1101082819232615 9.135678074584872 11.756618497109827
      vertex 2.1101082819232615 9.135678074584872 13.308180997109828
      vertex 2.4404424088276557 9.053033286865091 11.7392774566474
    endloop
  endfacet
  facet normal 0.17166075758452984 0.9851561217926351 0
    outer loop
      vertex 1.7769910824337978 9.206273596675404 11.773959537572255
      vertex 1.441530166648921 9.264726743003974 13.342863078034682
      vertex 1.7769910824337978 9.206273596675404 13.325522037572254
    endloop
  endfacet
  facet normal 0.20731956387799763 0.9782732739032775 0
    outer loop
      vertex 2.1101082819232615 9.135678074584872 11.756618497109827
      vertex 1.7769910824337978 9.206273596675404 13.325522037572254
      vertex 2.1101082819232615 9.135678074584872 13.308180997109828
    endloop
  endfacet
  facet normal 0.2427049314102723 0.9701001578544018 0
    outer loop
      vertex 2.4404424088276557 9.053033286865091 11.7392774566474
      vertex 2.1101082819232615 9.135678074584872 13.308180997109828
      vertex 2.4404424088276557 9.053033286865091 13.2908399566474
    endloop
  endfacet
  facet normal 0.2777701895687017 0.96064755336542 0
    outer loop
      vertex 2.4404424088276557 9.053033286865091 11.7392774566474
      vertex 2.4404424088276557 9.053033286865091 13.2908399566474
      vertex 2.767557777518728 8.958448235715128 11.721936416184972
    endloop
  endfacet
  facet normal 0.3124690899405889 0.9499279277038338 0
    outer loop
      vertex 2.767557777518728 8.958448235715128 11.721936416184972
      vertex 2.767557777518728 8.958448235715128 13.273498916184971
      vertex 3.0910229476658753 8.852047671634788 11.704595375722544
    endloop
  endfacet
  facet normal 0.2777701895687017 0.96064755336542 0
    outer loop
      vertex 2.767557777518728 8.958448235715128 11.721936416184972
      vertex 2.4404424088276557 9.053033286865091 13.2908399566474
      vertex 2.767557777518728 8.958448235715128 13.273498916184971
    endloop
  endfacet
  facet normal 0.3124690899405889 0.9499279277038338 0
    outer loop
      vertex 3.0910229476658753 8.852047671634788 11.704595375722544
      vertex 2.767557777518728 8.958448235715128 13.273498916184971
      vertex 3.0910229476658753 8.852047671634788 13.256157875722543
    endloop
  endfacet
  facet normal 0 0 1
    outer loop
      vertex 0.3546012896170758 7.805451365003689 15.999999999999998
      vertex 0.19932123454000034 6.977153505940762 15.999999999999998
      vertex 0.5973135591823011 6.954395481421587 15.999999999999998
    endloop
  endfacet
  facet normal 0 0 1
    outer loop
      vertex -0.21280755764270937 7.810603435679358 15.999999999999998
      vertex 0.19932123454000034 6.977153505940762 15.999999999999998
      vertex 0.07094365063109169 7.813179895821623 15.999999999999998
    endloop
  endfacet
  facet normal 0 0 1
    outer loop
      vertex 0.3546012896170758 7.805451365003689 15.999999999999998
      vertex 0.07094365063109169 7.813179895821623 15.999999999999998
      vertex 0.19932123454000034 6.977153505940762 15.999999999999998
    endloop
  endfacet
  facet normal 0 0 1
    outer loop
      vertex 0.6377912364300009 7.787428036570812 15.999999999999998
      vertex 0.5973135591823011 6.954395481421587 15.999999999999998
      vertex 0.993357571147531 6.9089536643289104 15.999999999999998
    endloop
  endfacet
  facet normal 0 0 1
    outer loop
      vertex 0.3546012896170758 7.805451365003689 15.999999999999998
      vertex 0.5973135591823011 6.954395481421587 15.999999999999998
      vertex 0.6377912364300009 7.787428036570812 15.999999999999998
    endloop
  endfacet
  facet normal 0 0 1
    outer loop
      vertex 0.6377912364300009 7.787428036570812 15.999999999999998
      vertex 0.993357571147531 6.9089536643289104 15.999999999999998
      vertex 0.9201399850350833 7.75913368192453 15.999999999999998
    endloop
  endfacet
  facet normal 0 0 1
    outer loop
      vertex 0.9201399850350833 7.75913368192453 15.999999999999998
      vertex 0.993357571147531 6.9089536643289104 15.999999999999998
      vertex 1.201275138874101 7.720605619169979 15.999999999999998
    endloop
  endfacet
  facet normal 0 0 1
    outer loop
      vertex 1.201275138874101 7.720605619169979 15.999999999999998
      vertex 0.993357571147531 6.9089536643289104 15.999999999999998
      vertex 1.3861614571873033 6.8409762764249065 15.999999999999998
    endloop
  endfacet
  facet normal 0 0 1
    outer loop
      vertex 1.201275138874101 7.720605619169979 15.999999999999998
      vertex 1.3861614571873033 6.8409762764249065 15.999999999999998
      vertex 1.4808259020281649 7.67189466389617 15.999999999999998
    endloop
  endfacet
  facet normal 0 0 1
    outer loop
      vertex 1.4808259020281649 7.67189466389617 15.999999999999998
      vertex 1.3861614571873033 6.8409762764249065 15.999999999999998
      vertex 1.7744439726705397 6.750685045819662 15.999999999999998
    endloop
  endfacet
  facet normal 0.027235874307220572 0.9996290347677589 -1.7222010715308212e-18
    outer loop
      vertex 0.425521547540491 9.366541638004426 13.394886199421967
      vertex 0.08513238075731001 9.375815874985948 13.412227239884393
      vertex 0.08513238075731001 9.375815874985948 13.681758489884393
    endloop
  endfacet
  facet normal 0.027235874307220572 0.9996290347677589 0
    outer loop
      vertex 0.425521547540491 9.366541638004426 13.394886199421967
      vertex 0.08513238075731001 9.375815874985948 13.681758489884393
      vertex 0.425521547540491 9.366541638004426 13.664417449421967
    endloop
  endfacet
  facet normal 0.02723587430722057 0.9996290347677589 -4.305502678826996e-18
    outer loop
      vertex 0.425521547540491 9.366541638004426 13.664417449421967
      vertex 0.08513238075731001 9.375815874985948 13.681758489884393
      vertex 0.08513238075731001 9.375815874985948 13.789570989884394
    endloop
  endfacet
  facet normal 0.027235874307220572 0.9996290347677589 0
    outer loop
      vertex 0.425521547540491 9.366541638004426 13.664417449421967
      vertex 0.08513238075731001 9.375815874985948 13.789570989884394
      vertex 0.425521547540491 9.366541638004426 13.772229949421966
    endloop
  endfacet
  facet normal 0.027235874307220565 0.9996290347677589 -1.722201071530821e-18
    outer loop
      vertex 0.425521547540491 9.366541638004426 13.772229949421966
      vertex 0.08513238075731001 9.375815874985948 13.789570989884394
      vertex 0.08513238075731001 9.375815874985948 14.059102239884394
    endloop
  endfacet
  facet normal 0.06351544936023795 0.9979808553737727 0
    outer loop
      vertex 0.425521547540491 9.366541638004426 13.394886199421967
      vertex 0.425521547540491 9.366541638004426 13.664417449421967
      vertex 0.7653494837160011 9.344913643884974 13.377545158959537
    endloop
  endfacet
  facet normal 0.06351544936023795 0.9979808553737727 0
    outer loop
      vertex 0.7653494837160011 9.344913643884974 13.377545158959537
      vertex 0.425521547540491 9.366541638004426 13.664417449421967
      vertex 0.7653494837160011 9.344913643884974 13.647076408959537
    endloop
  endfacet
  facet normal 0.06351544936023795 0.9979808553737727 0
    outer loop
      vertex 0.425521547540491 9.366541638004426 13.664417449421967
      vertex 0.425521547540491 9.366541638004426 13.772229949421966
      vertex 0.7653494837160011 9.344913643884974 13.647076408959537
    endloop
  endfacet
  facet normal 0.06351544936023795 0.9979808553737727 0
    outer loop
      vertex 0.425521547540491 9.366541638004426 13.772229949421966
      vertex 0.425521547540491 9.366541638004426 14.041761199421966
      vertex 0.7653494837160011 9.344913643884974 13.754888908959538
    endloop
  endfacet
  facet normal 0.06351544936023795 0.9979808553737728 2.9984489408071276e-18
    outer loop
      vertex 0.425521547540491 9.366541638004426 13.772229949421966
      vertex 0.7653494837160011 9.344913643884974 13.754888908959538
      vertex 0.7653494837160011 9.344913643884974 13.647076408959537
    endloop
  endfacet
  facet normal 0.027235874307220572 0.9996290347677589 0
    outer loop
      vertex 0.425521547540491 9.366541638004426 13.772229949421966
      vertex 0.08513238075731001 9.375815874985948 14.059102239884394
      vertex 0.425521547540491 9.366541638004426 14.041761199421966
    endloop
  endfacet
  facet normal 0.027235874307220576 0.9996290347677589 -1.2273671102664252e-18
    outer loop
      vertex 0.425521547540491 9.366541638004426 14.041761199421966
      vertex 0.08513238075731001 9.375815874985948 14.059102239884394
      vertex 0.08513238075731001 9.375815874985948 14.437299605349304
    endloop
  endfacet
  facet normal 0.027235874307220572 0.9996290347677589 0
    outer loop
      vertex 0.425521547540491 9.366541638004426 14.041761199421966
      vertex 0.08513238075731001 9.375815874985948 14.437299605349304
      vertex 0.425521547540491 9.366541638004426 14.437299605349304
    endloop
  endfacet
  facet normal 0.06351544936023795 0.9979808553737728 0
    outer loop
      vertex 0.425521547540491 9.366541638004426 14.041761199421966
      vertex 0.425521547540491 9.366541638004426 14.437299605349304
      vertex 0.7653494837160011 9.344913643884974 14.024420158959538
    endloop
  endfacet
  facet normal 0.06351544936023795 0.9979808553737727 0
    outer loop
      vertex 0.7653494837160011 9.344913643884974 13.754888908959538
      vertex 0.425521547540491 9.366541638004426 14.041761199421966
      vertex 0.7653494837160011 9.344913643884974 14.024420158959538
    endloop
  endfacet
  facet normal 0.06351544936023795 0.9979808553737727 0
    outer loop
      vertex 0.7653494837160011 9.344913643884974 14.024420158959538
      vertex 0.425521547540491 9.366541638004426 14.437299605349304
      vertex 0.7653494837160011 9.344913643884974 14.437299605349304
    endloop
  endfacet
  facet normal 0.09971125235882614 0.9950164150168753 0
    outer loop
      vertex 0.7653494837160011 9.344913643884974 13.377545158959537
      vertex 0.7653494837160011 9.344913643884974 13.647076408959537
      vertex 1.1041679820420998 9.310960418309435 13.36020411849711
    endloop
  endfacet
  facet normal 0.09971125235882612 0.9950164150168753 -8.340635946575387e-18
    outer loop
      vertex 0.7653494837160011 9.344913643884974 13.647076408959537
      vertex 1.1041679820420998 9.310960418309435 13.62973536849711
      vertex 1.1041679820420998 9.310960418309435 13.36020411849711
    endloop
  endfacet
  facet normal 0.09971125235882614 0.9950164150168752 0
    outer loop
      vertex 0.7653494837160011 9.344913643884974 13.647076408959537
      vertex 0.7653494837160011 9.344913643884974 13.754888908959538
      vertex 1.1041679820420998 9.310960418309435 13.62973536849711
    endloop
  endfacet
  facet normal 0.09971125235882614 0.9950164150168753 0
    outer loop
      vertex 0.7653494837160011 9.344913643884974 13.754888908959538
      vertex 0.7653494837160011 9.344913643884974 14.024420158959538
      vertex 1.1041679820420998 9.310960418309435 13.73754786849711
    endloop
  endfacet
  facet normal 0.09971125235882611 0.9950164150168751 -2.0851589866438536e-17
    outer loop
      vertex 0.7653494837160011 9.344913643884974 13.754888908959538
      vertex 1.1041679820420998 9.310960418309435 13.73754786849711
      vertex 1.1041679820420998 9.310960418309435 13.62973536849711
    endloop
  endfacet
  facet normal 0.09971125235882612 0.9950164150168752 -8.340635946575331e-18
    outer loop
      vertex 0.7653494837160011 9.344913643884974 14.024420158959538
      vertex 1.1041679820420998 9.310960418309435 14.007079118497112
      vertex 1.1041679820420998 9.310960418309435 13.73754786849711
    endloop
  endfacet
  facet normal 0.13577554378750853 0.9907396235687792 0
    outer loop
      vertex 1.1041679820420998 9.310960418309435 13.36020411849711
      vertex 1.1041679820420998 9.310960418309435 13.62973536849711
      vertex 1.441530166648921 9.264726743003974 13.342863078034682
    endloop
  endfacet
  facet normal 0.13577554378750853 0.9907396235687792 2.4251935329640256e-18
    outer loop
      vertex 1.1041679820420998 9.310960418309435 13.62973536849711
      vertex 1.441530166648921 9.264726743003974 13.612394328034682
      vertex 1.441530166648921 9.264726743003974 13.342863078034682
    endloop
  endfacet
  facet normal 0.17166075758452984 0.985156121792635 0
    outer loop
      vertex 1.441530166648921 9.264726743003974 13.342863078034682
      vertex 1.441530166648921 9.264726743003974 13.612394328034682
      vertex 1.7769910824337978 9.206273596675404 13.325522037572254
    endloop
  endfacet
  facet normal 0.13577554378750856 0.9907396235687792 0
    outer loop
      vertex 1.1041679820420998 9.310960418309435 13.62973536849711
      vertex 1.1041679820420998 9.310960418309435 13.73754786849711
      vertex 1.441530166648921 9.264726743003974 13.612394328034682
    endloop
  endfacet
  facet normal 0.13577554378750853 0.9907396235687792 6.062983832409984e-18
    outer loop
      vertex 1.1041679820420998 9.310960418309435 13.73754786849711
      vertex 1.441530166648921 9.264726743003974 13.720206828034684
      vertex 1.441530166648921 9.264726743003974 13.612394328034682
    endloop
  endfacet
  facet normal 0.13577554378750856 0.9907396235687792 0
    outer loop
      vertex 1.1041679820420998 9.310960418309435 13.73754786849711
      vertex 1.1041679820420998 9.310960418309435 14.007079118497112
      vertex 1.441530166648921 9.264726743003974 13.720206828034684
    endloop
  endfacet
  facet normal 0.13577554378750853 0.9907396235687792 0
    outer loop
      vertex 1.441530166648921 9.264726743003974 13.720206828034684
      vertex 1.1041679820420998 9.310960418309435 14.007079118497112
      vertex 1.441530166648921 9.264726743003974 13.989738078034684
    endloop
  endfacet
  facet normal 0.17166075758452984 0.9851561217926351 0
    outer loop
      vertex 1.441530166648921 9.264726743003974 13.612394328034682
      vertex 1.441530166648921 9.264726743003974 13.720206828034684
      vertex 1.7769910824337978 9.206273596675404 13.595053287572254
    endloop
  endfacet
  facet normal 0.17166075758452984 0.985156121792635 0
    outer loop
      vertex 1.441530166648921 9.264726743003974 13.720206828034684
      vertex 1.441530166648921 9.264726743003974 13.989738078034684
      vertex 1.7769910824337978 9.206273596675404 13.702865787572255
    endloop
  endfacet
  facet normal 0.09971125235882611 0.9950164150168752 0
    outer loop
      vertex 0.7653494837160011 9.344913643884974 14.024420158959538
      vertex 0.7653494837160011 9.344913643884974 14.437299605349304
      vertex 1.1041679820420998 9.310960418309435 14.007079118497112
    endloop
  endfacet
  facet normal 0.09971125235882611 0.9950164150168752 -5.225371875997495e-18
    outer loop
      vertex 0.7653494837160011 9.344913643884974 14.437299605349304
      vertex 1.1041679820420998 9.310960418309435 14.437299605349304
      vertex 1.1041679820420998 9.310960418309435 14.007079118497112
    endloop
  endfacet
  facet normal 0.13577554378750856 0.9907396235687793 0
    outer loop
      vertex 1.1041679820420998 9.310960418309435 14.007079118497112
      vertex 1.1041679820420998 9.310960418309435 14.437299605349304
      vertex 1.441530166648921 9.264726743003974 13.989738078034684
    endloop
  endfacet
  facet normal 0.17166075758452984 0.9851561217926351 0
    outer loop
      vertex 1.441530166648921 9.264726743003974 13.989738078034684
      vertex 1.441530166648921 9.264726743003974 14.437299605349304
      vertex 1.7769910824337978 9.206273596675404 13.972397037572255
    endloop
  endfacet
  facet normal 0.13577554378750856 0.9907396235687792 1.4605040972885168e-18
    outer loop
      vertex 1.1041679820420998 9.310960418309435 14.437299605349304
      vertex 1.441530166648921 9.264726743003974 14.437299605349304
      vertex 1.441530166648921 9.264726743003974 13.989738078034684
    endloop
  endfacet
  facet normal 0.01926025915582259 0.7069027434970403 0.7070484804124879
    outer loop
      vertex 0.3546012896170758 7.805451365003689 15.999999999999998
      vertex 0.08513238075731001 9.375815874985948 14.437299605349304
      vertex 0.07094365063109169 7.813179895821623 15.999999999999998
    endloop
  endfacet
  facet normal 0.044915907647311265 0.7057372085887286 0.7070484804124876
    outer loop
      vertex 0.3546012896170758 7.805451365003689 15.999999999999998
      vertex 0.6377912364300009 7.787428036570812 15.999999999999998
      vertex 0.7653494837160011 9.344913643884974 14.437299605349304
    endloop
  endfacet
  facet normal 0.019260259155825587 0.7069027434970405 0.7070484804124876
    outer loop
      vertex 0.3546012896170758 7.805451365003689 15.999999999999998
      vertex 0.425521547540491 9.366541638004426 14.437299605349304
      vertex 0.08513238075731001 9.375815874985948 14.437299605349304
    endloop
  endfacet
  facet normal 0.04491590764731103 0.7057372085887285 0.7070484804124876
    outer loop
      vertex 0.3546012896170758 7.805451365003689 15.999999999999998
      vertex 0.7653494837160011 9.344913643884974 14.437299605349304
      vertex 0.425521547540491 9.366541638004426 14.437299605349304
    endloop
  endfacet
  facet normal 0.07051231546746387 0.7036408598950241 0.7070484804124877
    outer loop
      vertex 0.6377912364300009 7.787428036570812 15.999999999999998
      vertex 0.9201399850350833 7.75913368192453 15.999999999999998
      vertex 1.1041679820420998 9.310960418309435 14.437299605349304
    endloop
  endfacet
  facet normal 0.09601572289813606 0.7006164623406592 0.7070484804124876
    outer loop
      vertex 0.9201399850350833 7.75913368192453 15.999999999999998
      vertex 1.201275138874101 7.720605619169979 15.999999999999998
      vertex 1.1041679820420998 9.310960418309435 14.437299605349304
    endloop
  endfacet
  facet normal 0.12139249288159938 0.696668004876342 0.7070484804124877
    outer loop
      vertex 1.201275138874101 7.720605619169979 15.999999999999998
      vertex 1.4808259020281649 7.67189466389617 15.999999999999998
      vertex 1.7769910824337978 9.206273596675404 14.437299605349304
    endloop
  endfacet
  facet normal 0.07051231546746325 0.7036408598950242 0.7070484804124877
    outer loop
      vertex 0.6377912364300009 7.787428036570812 15.999999999999998
      vertex 1.1041679820420998 9.310960418309435 14.437299605349304
      vertex 0.7653494837160011 9.344913643884974 14.437299605349304
    endloop
  endfacet
  facet normal 0.09601572289813612 0.7006164623406593 0.7070484804124877
    outer loop
      vertex 1.201275138874101 7.720605619169979 15.999999999999998
      vertex 1.441530166648921 9.264726743003974 14.437299605349304
      vertex 1.1041679820420998 9.310960418309435 14.437299605349304
    endloop
  endfacet
  facet normal 0.12139249288159862 0.6966680048763422 0.7070484804124877
    outer loop
      vertex 1.201275138874101 7.720605619169979 15.999999999999998
      vertex 1.7769910824337978 9.206273596675404 14.437299605349304
      vertex 1.441530166648921 9.264726743003974 14.437299605349304
    endloop
  endfacet
  facet normal 0 0 1
    outer loop
      vertex 2.0337020073563803 7.54419440572091 15.999999999999998
      vertex 1.7744439726705397 6.750685045819662 15.999999999999998
      vertex 2.156938620737133 6.638374483740172 15.999999999999998
    endloop
  endfacet
  facet normal 0 0 1
    outer loop
      vertex 1.4808259020281649 7.67189466389617 15.999999999999998
      vertex 1.7744439726705397 6.750685045819662 15.999999999999998
      vertex 1.7584235682693847 7.61306506215406 15.999999999999998
    endloop
  endfacet
  facet normal 0 0 1
    outer loop
      vertex 1.7584235682693847 7.61306506215406 15.999999999999998
      vertex 1.7744439726705397 6.750685045819662 15.999999999999998
      vertex 2.0337020073563803 7.54419440572091 15.999999999999998
    endloop
  endfacet
  facet normal 0 0 1
    outer loop
      vertex 2.0337020073563803 7.54419440572091 15.999999999999998
      vertex 2.156938620737133 6.638374483740172 15.999999999999998
      vertex 2.3062981479322735 7.4653735297626085 15.999999999999998
    endloop
  endfacet
  facet normal 0 0 1
    outer loop
      vertex 2.5758524563882297 7.376706393028989 15.999999999999998
      vertex 2.156938620737133 6.638374483740172 15.999999999999998
      vertex 2.5323977833474736 6.5044109238959384 15.999999999999998
    endloop
  endfacet
  facet normal 0 0 1
    outer loop
      vertex 2.8420094110609866 7.2783099407401455 15.999999999999998
      vertex 2.5323977833474736 6.5044109238959384 15.999999999999998
      vertex 2.8995967907531677 6.349231327574539 15.999999999999998
    endloop
  endfacet
  facet normal 0 0 1
    outer loop
      vertex 2.8420094110609866 7.2783099407401455 15.999999999999998
      vertex 2.8995967907531677 6.349231327574539 15.999999999999998
      vertex 3.1044179711389326 7.170313950344552 15.999999999999998
    endloop
  endfacet
  facet normal 0 0 1
    outer loop
      vertex 3.1044179711389326 7.170313950344552 15.999999999999998
      vertex 2.8995967907531677 6.349231327574539 15.999999999999998
      vertex 3.362732039658278 7.0528608603524665 15.999999999999998
    endloop
  endfacet
  facet normal 0 0 1
    outer loop
      vertex 2.3062981479322735 7.4653735297626085 15.999999999999998
      vertex 2.156938620737133 6.638374483740172 15.999999999999998
      vertex 2.5758524563882297 7.376706393028989 15.999999999999998
    endloop
  endfacet
  facet normal 0 0 1
    outer loop
      vertex 2.5758524563882297 7.376706393028989 15.999999999999998
      vertex 2.5323977833474736 6.5044109238959384 15.999999999999998
      vertex 2.8420094110609866 7.2783099407401455 15.999999999999998
    endloop
  endfacet
  facet normal 0.26913663305608254 0.6539479483060007 0.7070484804124877
    outer loop
      vertex 2.8420094110609866 7.2783099407401455 15.999999999999998
      vertex 3.1044179711389326 7.170313950344552 15.999999999999998
      vertex 3.410411293273184 8.733971928888174 14.437299605349304
    endloop
  endfacet
  facet normal 0.17166075758452987 0.985156121792635 -1.1514493994155936e-17
    outer loop
      vertex 1.441530166648921 9.264726743003974 13.612394328034682
      vertex 1.7769910824337978 9.206273596675404 13.595053287572254
      vertex 1.7769910824337978 9.206273596675404 13.325522037572254
    endloop
  endfacet
  facet normal 0.20731956387799763 0.9782732739032775 0
    outer loop
      vertex 1.7769910824337978 9.206273596675404 13.325522037572254
      vertex 1.7769910824337978 9.206273596675404 13.595053287572254
      vertex 2.1101082819232615 9.135678074584872 13.308180997109828
    endloop
  endfacet
  facet normal 0.17166075758452984 0.9851561217926351 -2.878623498538946e-17
    outer loop
      vertex 1.441530166648921 9.264726743003974 13.720206828034684
      vertex 1.7769910824337978 9.206273596675404 13.702865787572255
      vertex 1.7769910824337978 9.206273596675404 13.595053287572254
    endloop
  endfacet
  facet normal 0.17166075758452987 0.985156121792635 -1.1514493994155936e-17
    outer loop
      vertex 1.441530166648921 9.264726743003974 13.989738078034684
      vertex 1.7769910824337978 9.206273596675404 13.972397037572255
      vertex 1.7769910824337978 9.206273596675404 13.702865787572255
    endloop
  endfacet
  facet normal 0.2073195638779976 0.9782732739032775 0
    outer loop
      vertex 1.7769910824337978 9.206273596675404 13.595053287572254
      vertex 1.7769910824337978 9.206273596675404 13.702865787572255
      vertex 2.1101082819232615 9.135678074584872 13.577712247109828
    endloop
  endfacet
  facet normal 0.20731956387799763 0.9782732739032775 0
    outer loop
      vertex 1.7769910824337978 9.206273596675404 13.702865787572255
      vertex 1.7769910824337978 9.206273596675404 13.972397037572255
      vertex 2.1101082819232615 9.135678074584872 13.685524747109827
    endloop
  endfacet
  facet normal 0.20731956387799766 0.9782732739032775 -1.7107812523404657e-17
    outer loop
      vertex 1.7769910824337978 9.206273596675404 13.595053287572254
      vertex 2.1101082819232615 9.135678074584872 13.577712247109828
      vertex 2.1101082819232615 9.135678074584872 13.308180997109828
    endloop
  endfacet
  facet normal 0.24270493141027233 0.9701001578544017 0
    outer loop
      vertex 2.1101082819232615 9.135678074584872 13.308180997109828
      vertex 2.1101082819232615 9.135678074584872 13.577712247109828
      vertex 2.4404424088276557 9.053033286865091 13.2908399566474
    endloop
  endfacet
  facet normal 0.24270493141027225 0.9701001578544016 1.87992536852612e-18
    outer loop
      vertex 2.1101082819232615 9.135678074584872 13.577712247109828
      vertex 2.4404424088276557 9.053033286865091 13.5603712066474
      vertex 2.4404424088276557 9.053033286865091 13.2908399566474
    endloop
  endfacet
  facet normal 0.2073195638779976 0.9782732739032775 -4.2769531308511774e-17
    outer loop
      vertex 1.7769910824337978 9.206273596675404 13.702865787572255
      vertex 2.1101082819232615 9.135678074584872 13.685524747109827
      vertex 2.1101082819232615 9.135678074584872 13.577712247109828
    endloop
  endfacet
  facet normal 0.20731956387799763 0.9782732739032775 0
    outer loop
      vertex 2.1101082819232615 9.135678074584872 13.685524747109827
      vertex 1.7769910824337978 9.206273596675404 13.972397037572255
      vertex 2.1101082819232615 9.135678074584872 13.955055997109827
    endloop
  endfacet
  facet normal 0.24270493141027227 0.9701001578544016 0
    outer loop
      vertex 2.1101082819232615 9.135678074584872 13.577712247109828
      vertex 2.1101082819232615 9.135678074584872 13.685524747109827
      vertex 2.4404424088276557 9.053033286865091 13.5603712066474
    endloop
  endfacet
  facet normal 0.2427049314102723 0.9701001578544016 4.699813421315316e-18
    outer loop
      vertex 2.1101082819232615 9.135678074584872 13.685524747109827
      vertex 2.4404424088276557 9.053033286865091 13.6681837066474
      vertex 2.4404424088276557 9.053033286865091 13.5603712066474
    endloop
  endfacet
  facet normal 0.24270493141027233 0.9701001578544017 0
    outer loop
      vertex 2.1101082819232615 9.135678074584872 13.685524747109827
      vertex 2.1101082819232615 9.135678074584872 13.955055997109827
      vertex 2.4404424088276557 9.053033286865091 13.6681837066474
    endloop
  endfacet
  facet normal 0.24270493141027225 0.9701001578544016 1.87992536852612e-18
    outer loop
      vertex 2.1101082819232615 9.135678074584872 13.955055997109827
      vertex 2.4404424088276557 9.053033286865091 13.9377149566474
      vertex 2.4404424088276557 9.053033286865091 13.6681837066474
    endloop
  endfacet
  facet normal 0.20731956387799766 0.9782732739032775 0
    outer loop
      vertex 1.7769910824337978 9.206273596675404 13.972397037572255
      vertex 1.7769910824337978 9.206273596675404 14.437299605349304
      vertex 2.1101082819232615 9.135678074584872 13.955055997109827
    endloop
  endfacet
  facet normal 0.17166075758452987 0.9851561217926351 -6.675626624739747e-18
    outer loop
      vertex 1.441530166648921 9.264726743003974 14.437299605349304
      vertex 1.7769910824337978 9.206273596675404 14.437299605349304
      vertex 1.7769910824337978 9.206273596675404 13.972397037572255
    endloop
  endfacet
  facet normal 0.24270493141027227 0.9701001578544017 0
    outer loop
      vertex 2.1101082819232615 9.135678074584872 13.955055997109827
      vertex 2.1101082819232615 9.135678074584872 14.437299605349304
      vertex 2.4404424088276557 9.053033286865091 13.9377149566474
    endloop
  endfacet
  facet normal 0.24270493141027227 0.9701001578544016 1.0142398006066344e-18
    outer loop
      vertex 2.1101082819232615 9.135678074584872 14.437299605349304
      vertex 2.4404424088276557 9.053033286865091 14.437299605349304
      vertex 2.4404424088276557 9.053033286865091 13.9377149566474
    endloop
  endfacet
  facet normal 0.2073195638779976 0.9782732739032775 -9.561744345420319e-18
    outer loop
      vertex 1.7769910824337978 9.206273596675404 14.437299605349304
      vertex 2.1101082819232615 9.135678074584872 14.437299605349304
      vertex 2.1101082819232615 9.135678074584872 13.955055997109827
    endloop
  endfacet
  facet normal 0.2777701895687017 0.96064755336542 0
    outer loop
      vertex 2.4404424088276557 9.053033286865091 13.2908399566474
      vertex 2.4404424088276557 9.053033286865091 13.5603712066474
      vertex 2.767557777518728 8.958448235715128 13.273498916184971
    endloop
  endfacet
  facet normal 0.2777701895687017 0.9606475533654201 -1.1400950357553539e-17
    outer loop
      vertex 2.4404424088276557 9.053033286865091 13.5603712066474
      vertex 2.767557777518728 8.958448235715128 13.543030166184971
      vertex 2.767557777518728 8.958448235715128 13.273498916184971
    endloop
  endfacet
  facet normal 0.2777701895687017 0.9606475533654201 0
    outer loop
      vertex 2.4404424088276557 9.053033286865091 13.5603712066474
      vertex 2.4404424088276557 9.053033286865091 13.6681837066474
      vertex 2.767557777518728 8.958448235715128 13.543030166184971
    endloop
  endfacet
  facet normal 0.2777701895687017 0.96064755336542 0
    outer loop
      vertex 2.4404424088276557 9.053033286865091 13.6681837066474
      vertex 2.4404424088276557 9.053033286865091 13.9377149566474
      vertex 2.767557777518728 8.958448235715128 13.650842666184973
    endloop
  endfacet
  facet normal 0.2777701895687017 0.96064755336542 -2.850237589388347e-17
    outer loop
      vertex 2.4404424088276557 9.053033286865091 13.6681837066474
      vertex 2.767557777518728 8.958448235715128 13.650842666184973
      vertex 2.767557777518728 8.958448235715128 13.543030166184971
    endloop
  endfacet
  facet normal 0.2777701895687017 0.96064755336542 0
    outer loop
      vertex 2.767557777518728 8.958448235715128 13.650842666184973
      vertex 2.4404424088276557 9.053033286865091 13.9377149566474
      vertex 2.767557777518728 8.958448235715128 13.920373916184973
    endloop
  endfacet
  facet normal 0.3124690899405889 0.9499279277038338 0
    outer loop
      vertex 2.767557777518728 8.958448235715128 13.273498916184971
      vertex 2.767557777518728 8.958448235715128 13.543030166184971
      vertex 3.0910229476658753 8.852047671634788 13.256157875722543
    endloop
  endfacet
  facet normal 0.3124690899405889 0.9499279277038339 0
    outer loop
      vertex 2.767557777518728 8.958448235715128 13.543030166184971
      vertex 2.767557777518728 8.958448235715128 13.650842666184973
      vertex 3.0910229476658753 8.852047671634788 13.525689125722543
    endloop
  endfacet
  facet normal 0.3124690899405889 0.9499279277038338 1.9546659871994404e-18
    outer loop
      vertex 2.767557777518728 8.958448235715128 13.543030166184971
      vertex 3.0910229476658753 8.852047671634788 13.525689125722543
      vertex 3.0910229476658753 8.852047671634788 13.256157875722543
    endloop
  endfacet
  facet normal 0.3124690899405889 0.9499279277038338 0
    outer loop
      vertex 2.767557777518728 8.958448235715128 13.650842666184973
      vertex 2.767557777518728 8.958448235715128 13.920373916184973
      vertex 3.0910229476658753 8.852047671634788 13.633501625722545
    endloop
  endfacet
  facet normal 0.3124690899405889 0.9499279277038339 0
    outer loop
      vertex 3.0910229476658753 8.852047671634788 13.525689125722543
      vertex 2.767557777518728 8.958448235715128 13.650842666184973
      vertex 3.0910229476658753 8.852047671634788 13.633501625722545
    endloop
  endfacet
  facet normal 0.3124690899405889 0.9499279277038338 1.9546659871994404e-18
    outer loop
      vertex 2.767557777518728 8.958448235715128 13.920373916184973
      vertex 3.0910229476658753 8.852047671634788 13.903032875722545
      vertex 3.0910229476658753 8.852047671634788 13.633501625722545
    endloop
  endfacet
  facet normal 0.2777701895687017 0.9606475533654201 -6.150934399293192e-18
    outer loop
      vertex 2.767557777518728 8.958448235715128 13.920373916184973
      vertex 2.4404424088276557 9.053033286865091 13.9377149566474
      vertex 2.4404424088276557 9.053033286865091 14.437299605349304
    endloop
  endfacet
  facet normal 0.2777701895687017 0.96064755336542 0
    outer loop
      vertex 2.767557777518728 8.958448235715128 13.920373916184973
      vertex 2.4404424088276557 9.053033286865091 14.437299605349304
      vertex 2.767557777518728 8.958448235715128 14.437299605349304
    endloop
  endfacet
  facet normal 0.3124690899405889 0.9499279277038338 0
    outer loop
      vertex 2.767557777518728 8.958448235715128 13.920373916184973
      vertex 2.767557777518728 8.958448235715128 14.437299605349304
      vertex 3.0910229476658753 8.852047671634788 13.903032875722545
    endloop
  endfacet
  facet normal 0.3124690899405889 0.9499279277038338 0
    outer loop
      vertex 3.0910229476658753 8.852047671634788 13.903032875722545
      vertex 2.767557777518728 8.958448235715128 14.437299605349304
      vertex 3.0910229476658753 8.852047671634788 14.437299605349304
    endloop
  endfacet
  facet normal 0.14660915538534258 0.6918006952176244 0.7070484804124877
    outer loop
      vertex 1.4808259020281649 7.67189466389617 15.999999999999998
      vertex 1.7584235682693847 7.61306506215406 15.999999999999998
      vertex 2.1101082819232615 9.135678074584872 14.437299605349304
    endloop
  endfacet
  facet normal 0.17163245154642828 0.6860209529763325 0.7070484804124874
    outer loop
      vertex 1.7584235682693847 7.61306506215406 15.999999999999998
      vertex 2.0337020073563803 7.54419440572091 15.999999999999998
      vertex 2.4404424088276557 9.053033286865091 14.437299605349304
    endloop
  endfacet
  facet normal 0.1466091553853424 0.6918006952176244 0.7070484804124877
    outer loop
      vertex 1.4808259020281649 7.67189466389617 15.999999999999998
      vertex 2.1101082819232615 9.135678074584872 14.437299605349304
      vertex 1.7769910824337978 9.206273596675404 14.437299605349304
    endloop
  endfacet
  facet normal 0.1716324515464304 0.6860209529763317 0.7070484804124876
    outer loop
      vertex 1.7584235682693847 7.61306506215406 15.999999999999998
      vertex 2.4404424088276557 9.053033286865091 14.437299605349304
      vertex 2.1101082819232615 9.135678074584872 14.437299605349304
    endloop
  endfacet
  facet normal 0.19642937753746545 0.6793364011935739 0.7070484804124874
    outer loop
      vertex 2.0337020073563803 7.54419440572091 15.999999999999998
      vertex 2.767557777518728 8.958448235715128 14.437299605349304
      vertex 2.4404424088276557 9.053033286865091 14.437299605349304
    endloop
  endfacet
  facet normal 0.22096722809611416 0.6717558562855349 0.7070484804124874
    outer loop
      vertex 2.3062981479322735 7.4653735297626085 15.999999999999998
      vertex 3.0910229476658753 8.852047671634788 14.437299605349304
      vertex 2.767557777518728 8.958448235715128 14.437299605349304
    endloop
  endfacet
  facet normal 0.24521363966086165 0.6632893164152919 0.7070484804124875
    outer loop
      vertex 2.8420094110609866 7.2783099407401455 15.999999999999998
      vertex 3.410411293273184 8.733971928888174 14.437299605349304
      vertex 3.0910229476658753 8.852047671634788 14.437299605349304
    endloop
  endfacet
  facet normal 0.1964293775374644 0.6793364011935741 0.7070484804124872
    outer loop
      vertex 2.0337020073563803 7.54419440572091 15.999999999999998
      vertex 2.3062981479322735 7.4653735297626085 15.999999999999998
      vertex 2.767557777518728 8.958448235715128 14.437299605349304
    endloop
  endfacet
  facet normal 0.22096722809611855 0.671755856285533 0.7070484804124878
    outer loop
      vertex 2.3062981479322735 7.4653735297626085 15.999999999999998
      vertex 2.5758524563882297 7.376706393028989 15.999999999999998
      vertex 3.0910229476658753 8.852047671634788 14.437299605349304
    endloop
  endfacet
  facet normal 0.2452136396608597 0.6632893164152924 0.7070484804124878
    outer loop
      vertex 2.5758524563882297 7.376706393028989 15.999999999999998
      vertex 2.8420094110609866 7.2783099407401455 15.999999999999998
      vertex 3.0910229476658753 8.852047671634788 14.437299605349304
    endloop
  endfacet
  facet normal 0.057649726951840015 0.49758987740033517 0.8654945539349729
    outer loop
      vertex 0.425521547540491 9.366541638004426 11.843323699421966
      vertex 0.4992145902234474 10.988666197173705 10.905823699421966
      vertex 0.08513238075731001 9.375815874985948 11.860664739884394
    endloop
  endfacet
  facet normal 0.07567969826859712 0.49516841617663376 0.8654945539349732
    outer loop
      vertex 0.425521547540491 9.366541638004426 11.843323699421966
      vertex 0.7653494837160011 9.344913643884974 11.82598265895954
      vertex 0.8978949035586825 10.963292604968789 10.88848265895954
    endloop
  endfacet
  facet normal 0.05116179476318839 0.49901218175362116 0.8650834140232376
    outer loop
      vertex 0.08513238075731001 9.375815874985948 11.860664739884394
      vertex 0.4992145902234474 10.988666197173705 10.905823699421966
      vertex 0.09987585075339327 10.999546573129107 10.923164739884394
    endloop
  endfacet
  facet normal 0.06924768992707236 0.496825365920122 0.8650834140232381
    outer loop
      vertex 0.425521547540491 9.366541638004426 11.843323699421966
      vertex 0.8978949035586825 10.963292604968789 10.88848265895954
      vertex 0.4992145902234474 10.988666197173705 10.905823699421966
    endloop
  endfacet
  facet normal 0.09360985381036147 0.4920938654144203 0.8654945539349725
    outer loop
      vertex 0.7653494837160011 9.344913643884974 11.82598265895954
      vertex 1.1041679820420998 9.310960418309435 11.808641618497111
      vertex 1.2953909617010546 10.92345926235564 10.87114161849711
    endloop
  endfacet
  facet normal 0.1114165450635597 0.4883702802126702 0.8654945539349729
    outer loop
      vertex 1.1041679820420998 9.310960418309435 11.808641618497111
      vertex 1.441530166648921 9.264726743003974 11.791300578034683
      vertex 1.6911784975351958 10.869218706488272 10.853800578034683
    endloop
  endfacet
  facet normal 0.09971125235882879 0.995016415016875 0
    outer loop
      vertex 1.2953909617010546 10.92345926235564 10.49614161849711
      vertex 0.8978949035586825 10.963292604968789 10.88848265895954
      vertex 1.2953909617010546 10.92345926235564 10.87114161849711
    endloop
  endfacet
  facet normal 0.1357755437875065 0.9907396235687795 0
    outer loop
      vertex 1.2953909617010546 10.92345926235564 10.49614161849711
      vertex 1.2953909617010546 10.92345926235564 10.87114161849711
      vertex 1.6911784975351958 10.869218706488272 10.478800578034683
    endloop
  endfacet
  facet normal 0.1357755437875065 0.9907396235687795 8.236599540484022e-18
    outer loop
      vertex 1.2953909617010546 10.92345926235564 10.87114161849711
      vertex 1.6911784975351958 10.869218706488272 10.853800578034683
      vertex 1.6911784975351958 10.869218706488272 10.478800578034683
    endloop
  endfacet
  facet normal 0.08724225264653059 0.49398327515722473 0.8650834140232377
    outer loop
      vertex 0.7653494837160011 9.344913643884974 11.82598265895954
      vertex 1.2953909617010546 10.92345926235564 10.87114161849711
      vertex 0.8978949035586825 10.963292604968789 10.88848265895954
    endloop
  endfacet
  facet normal 0.10512174945979612 0.49048965796682387 0.8650834140232374
    outer loop
      vertex 1.1041679820420998 9.310960418309435 11.808641618497111
      vertex 1.6911784975351958 10.869218706488272 10.853800578034683
      vertex 1.2953909617010546 10.92345926235564 10.87114161849711
    endloop
  endfacet
  facet normal 0.027235874307217273 0.999629034767759 0
    outer loop
      vertex 0.09987585075339327 10.999546573129107 10.548164739884394
      vertex 0.09987585075339327 10.999546573129107 10.923164739884394
      vertex 0.4992145902234474 10.988666197173705 10.530823699421966
    endloop
  endfacet
  facet normal 0.027235874307217276 0.999629034767759 -5.118141219730867e-19
    outer loop
      vertex 0.09987585075339327 10.999546573129107 10.923164739884394
      vertex 0.4992145902234474 10.988666197173705 10.905823699421966
      vertex 0.4992145902234474 10.988666197173705 10.530823699421966
    endloop
  endfacet
  facet normal 0.0635154493602373 0.9979808553737727 0
    outer loop
      vertex 0.4992145902234474 10.988666197173705 10.530823699421966
      vertex 0.4992145902234474 10.988666197173705 10.905823699421966
      vertex 0.8978949035586825 10.963292604968789 10.51348265895954
    endloop
  endfacet
  facet normal 0.0635154493602373 0.9979808553737727 -4.642078438518174e-18
    outer loop
      vertex 0.4992145902234474 10.988666197173705 10.905823699421966
      vertex 0.8978949035586825 10.963292604968789 10.88848265895954
      vertex 0.8978949035586825 10.963292604968789 10.51348265895954
    endloop
  endfacet
  facet normal 0.09971125235882879 0.995016415016875 9.000515882761733e-18
    outer loop
      vertex 1.2953909617010546 10.92345926235564 10.49614161849711
      vertex 0.8978949035586825 10.963292604968789 10.51348265895954
      vertex 0.8978949035586825 10.963292604968789 10.88848265895954
    endloop
  endfacet
  facet normal 0.12907628635463356 0.4840025716975055 0.865494553934973
    outer loop
      vertex 1.441530166648921 9.264726743003974 11.791300578034683
      vertex 1.7769910824337978 9.206273596675404 11.773959537572255
      vertex 2.0847354973569123 10.800642476540922 10.836459537572255
    endloop
  endfacet
  facet normal 0.14656578582589175 0.4789965005447754 0.8654945539349729
    outer loop
      vertex 1.7769910824337978 9.206273596675404 11.773959537572255
      vertex 2.1101082819232615 9.135678074584872 11.756618497109827
      vertex 2.4755428893696303 10.717821019353302 10.819118497109827
    endloop
  endfacet
  facet normal 0.12286259866833606 0.48634912216468823 0.8650834140232379
    outer loop
      vertex 1.441530166648921 9.264726743003974 11.791300578034683
      vertex 2.0847354973569123 10.800642476540922 10.836459537572255
      vertex 1.6911784975351958 10.869218706488272 10.853800578034683
    endloop
  endfacet
  facet normal 0.1716607575845323 0.9851561217926348 6.826563163562222e-18
    outer loop
      vertex 2.0847354973569123 10.800642476540922 10.461459537572255
      vertex 1.6911784975351958 10.869218706488272 10.478800578034683
      vertex 1.6911784975351958 10.869218706488272 10.853800578034683
    endloop
  endfacet
  facet normal 0.14044140143925146 0.4815671288031177 0.8650834140232376
    outer loop
      vertex 1.7769910824337978 9.206273596675404 11.773959537572255
      vertex 2.4755428893696303 10.717821019353302 10.819118497109827
      vertex 2.0847354973569123 10.800642476540922 10.836459537572255
    endloop
  endfacet
  facet normal 0.1716607575845323 0.9851561217926348 0
    outer loop
      vertex 2.0847354973569123 10.800642476540922 10.461459537572255
      vertex 1.6911784975351958 10.869218706488272 10.853800578034683
      vertex 2.0847354973569123 10.800642476540922 10.836459537572255
    endloop
  endfacet
  facet normal 0.20731956387799527 0.978273273903278 0
    outer loop
      vertex 2.0847354973569123 10.800642476540922 10.461459537572255
      vertex 2.0847354973569123 10.800642476540922 10.836459537572255
      vertex 2.4755428893696303 10.717821019353302 10.444118497109827
    endloop
  endfacet
  facet normal 0.1750203715507744 0.47010483546133425 0.8650834140232379
    outer loop
      vertex 2.4404424088276557 9.053033286865091 11.7392774566474
      vertex 3.246851375234431 10.509898008407992 10.784436416184972
      vertex 2.86308522830067 10.620863570138093 10.8017774566474
    endloop
  endfacet
  facet normal 0.16386197615564707 0.4733586693821801 0.8654945539349732
    outer loop
      vertex 2.1101082819232615 9.135678074584872 11.756618497109827
      vertex 2.4404424088276557 9.053033286865091 11.7392774566474
      vertex 2.86308522830067 10.620863570138093 10.8017774566474
    endloop
  endfacet
  facet normal 0.18094204498231883 0.4670965140808894 0.8654945539349732
    outer loop
      vertex 2.4404424088276557 9.053033286865091 11.7392774566474
      vertex 2.767557777518728 8.958448235715128 11.721936416184972
      vertex 3.246851375234431 10.509898008407992 10.784436416184972
    endloop
  endfacet
  facet normal 0.15783497266659605 0.4761499849682177 0.865083414023238
    outer loop
      vertex 2.1101082819232615 9.135678074584872 11.756618497109827
      vertex 2.86308522830067 10.620863570138093 10.8017774566474
      vertex 2.4755428893696303 10.717821019353302 10.819118497109827
    endloop
  endfacet
  facet normal 0.20731956387799527 0.978273273903278 0
    outer loop
      vertex 2.4755428893696303 10.717821019353302 10.444118497109827
      vertex 2.0847354973569123 10.800642476540922 10.836459537572255
      vertex 2.4755428893696303 10.717821019353302 10.819118497109827
    endloop
  endfacet
  facet normal 0.24270493141027163 0.970100157854402 0
    outer loop
      vertex 2.4755428893696303 10.717821019353302 10.444118497109827
      vertex 2.4755428893696303 10.717821019353302 10.819118497109827
      vertex 2.86308522830067 10.620863570138093 10.4267774566474
    endloop
  endfacet
  facet normal 0.24270493141027163 0.970100157854402 0
    outer loop
      vertex 2.86308522830067 10.620863570138093 10.4267774566474
      vertex 2.4755428893696303 10.717821019353302 10.819118497109827
      vertex 2.86308522830067 10.620863570138093 10.8017774566474
    endloop
  endfacet
  facet normal 0.2777701895687012 0.9606475533654201 0
    outer loop
      vertex 2.86308522830067 10.620863570138093 10.4267774566474
      vertex 2.86308522830067 10.620863570138093 10.8017774566474
      vertex 3.246851375234431 10.509898008407992 10.409436416184972
    endloop
  endfacet
  facet normal 0.2777701895687012 0.9606475533654201 0
    outer loop
      vertex 3.246851375234431 10.509898008407992 10.409436416184972
      vertex 2.86308522830067 10.620863570138093 10.8017774566474
      vertex 3.246851375234431 10.509898008407992 10.784436416184972
    endloop
  endfacet
  facet normal 0.21436402363107415 0.45273308083416913 0.865494553934973
    outer loop
      vertex 3.0910229476658753 8.852047671634788 11.704595375722544
      vertex 3.410411293273184 8.733971928888174 11.687254335260116
      vertex 4.0010361075846195 10.246546250605816 10.749754335260116
    endloop
  endfacet
  facet normal 0.23066185240133796 0.44465074716645364 0.8654945539349731
    outer loop
      vertex 3.410411293273184 8.733971928888174 11.687254335260116
      vertex 3.725301565366719 8.60437674041346 11.669913294797688
      vertex 4.3704599806108515 10.094507395503705 10.732413294797688
    endloop
  endfacet
  facet normal 0.24665545570443562 0.4359819529294064 0.8654945539349731
    outer loop
      vertex 3.725301565366719 8.60437674041346 11.669913294797688
      vertex 4.035278447589933 8.463433032422959 11.652572254335261
      vertex 4.7341195488095185 9.929154651710263 10.715072254335261
    endloop
  endfacet
  facet normal 0.26232373919215013 0.4267381316043259 0.865494553934973
    outer loop
      vertex 4.035278447589933 8.463433032422959 11.652572254335261
      vertex 4.339933103974405 8.31132669896443 11.635231213872833
      vertex 5.09153517282599 9.750706106937887 10.697731213872833
    endloop
  endfacet
  facet normal 0.4139127696295908 0.9103165488650424 0
    outer loop
      vertex 3.725301565366719 8.60437674041346 11.669913294797688
      vertex 3.725301565366719 8.60437674041346 13.221475794797689
      vertex 4.035278447589933 8.463433032422959 11.652572254335261
    endloop
  endfacet
  facet normal 0.38058530002525554 0.9247458188089775 0
    outer loop
      vertex 3.410411293273184 8.733971928888174 11.687254335260116
      vertex 3.410411293273184 8.733971928888174 13.238816835260115
      vertex 3.725301565366719 8.60437674041346 11.669913294797688
    endloop
  endfacet
  facet normal 0.3467558673113316 0.9379554192418562 0
    outer loop
      vertex 3.0910229476658753 8.852047671634788 11.704595375722544
      vertex 3.0910229476658753 8.852047671634788 13.256157875722543
      vertex 3.410411293273184 8.733971928888174 11.687254335260116
    endloop
  endfacet
  facet normal 0.3467558673113316 0.9379554192418562 -4.343068992361616e-18
    outer loop
      vertex 3.0910229476658753 8.852047671634788 13.256157875722543
      vertex 3.410411293273184 8.733971928888174 13.238816835260115
      vertex 3.410411293273184 8.733971928888174 11.687254335260116
    endloop
  endfacet
  facet normal 0.3805853000252556 0.9247458188089775 0
    outer loop
      vertex 3.725301565366719 8.60437674041346 11.669913294797688
      vertex 3.410411293273184 8.733971928888174 13.238816835260115
      vertex 3.725301565366719 8.60437674041346 13.221475794797689
    endloop
  endfacet
  facet normal 0.4466943197227633 0.8946866405213715 0
    outer loop
      vertex 4.035278447589933 8.463433032422959 11.652572254335261
      vertex 4.035278447589933 8.463433032422959 13.20413475433526
      vertex 4.339933103974405 8.31132669896443 11.635231213872833
    endloop
  endfacet
  facet normal 0.478886713929587 0.8778767084401555 -2.5922805078582845e-18
    outer loop
      vertex 4.638863718163428 8.148258356740959 11.617890173410405
      vertex 4.339933103974405 8.31132669896443 11.635231213872833
      vertex 4.339933103974405 8.31132669896443 13.186793713872833
    endloop
  endfacet
  facet normal 0.41391276962959084 0.9103165488650425 0
    outer loop
      vertex 4.035278447589933 8.463433032422959 11.652572254335261
      vertex 3.725301565366719 8.60437674041346 13.221475794797689
      vertex 4.035278447589933 8.463433032422959 13.20413475433526
    endloop
  endfacet
  facet normal 0.4466943197227633 0.8946866405213715 0
    outer loop
      vertex 4.339933103974405 8.31132669896443 11.635231213872833
      vertex 4.035278447589933 8.463433032422959 13.20413475433526
      vertex 4.339933103974405 8.31132669896443 13.186793713872833
    endloop
  endfacet
  facet normal 0.478886713929587 0.8778767084401555 0
    outer loop
      vertex 4.638863718163428 8.148258356740959 11.617890173410405
      vertex 4.339933103974405 8.31132669896443 13.186793713872833
      vertex 4.638863718163428 8.148258356740959 13.169452673410404
    endloop
  endfacet
  facet normal 0.571508588163236 0.820596084353115 0
    outer loop
      vertex 5.217983822421142 7.790110119429838 11.583208092485549
      vertex 5.217983822421142 7.790110119429838 13.13477059248555
      vertex 5.497409497049924 7.595502594669902 11.565867052023123
    endloop
  endfacet
  facet normal 0.571508588163236 0.8205960843531149 0
    outer loop
      vertex 5.497409497049924 7.595502594669902 11.565867052023123
      vertex 5.217983822421142 7.790110119429838 13.13477059248555
      vertex 5.497409497049924 7.595502594669902 13.117429552023122
    endloop
  endfacet
  facet normal 0.5715085881632359 0.820596084353115 0
    outer loop
      vertex 5.217983822421142 7.790110119429838 13.13477059248555
      vertex 5.217983822421142 7.790110119429838 13.40430184248555
      vertex 5.497409497049924 7.595502594669902 13.117429552023122
    endloop
  endfacet
  facet normal 0.6295555718608197 0.776955456856438 0
    outer loop
      vertex 5.76958450601799 7.390877178779868 11.548526011560694
      vertex 5.76958450601799 7.390877178779868 13.100088511560694
      vertex 6.026799349695556 7.182459776503431 11.531666763905944
    endloop
  endfacet
  facet normal 0.6009283694548366 0.799302880505476 5.112896639985623e-18
    outer loop
      vertex 5.76958450601799 7.390877178779868 11.548526011560694
      vertex 5.497409497049924 7.595502594669902 11.565867052023123
      vertex 5.497409497049924 7.595502594669902 13.117429552023122
    endloop
  endfacet
  facet normal 0.6295555718608197 0.7769554568564379 0
    outer loop
      vertex 5.76958450601799 7.390877178779868 13.100088511560694
      vertex 5.76958450601799 7.390877178779868 13.369619761560694
      vertex 6.026799349695556 7.182459776503431 11.531666763905944
    endloop
  endfacet
  facet normal 0.6295555718608198 0.776955456856438 0
    outer loop
      vertex 5.76958450601799 7.390877178779868 13.369619761560694
      vertex 5.76958450601799 7.390877178779868 13.477432261560695
      vertex 6.026799349695556 7.182459776503431 11.531666763905944
    endloop
  endfacet
  facet normal 0.6295555718608197 0.7769554568564379 0
    outer loop
      vertex 5.76958450601799 7.390877178779868 13.477432261560695
      vertex 5.76958450601799 7.390877178779868 13.746963511560695
      vertex 6.026799349695556 7.182459776503431 11.531666763905944
    endloop
  endfacet
  facet normal 0.6009283694548367 0.799302880505476 0
    outer loop
      vertex 5.76958450601799 7.390877178779868 11.548526011560694
      vertex 5.497409497049924 7.595502594669902 13.117429552023122
      vertex 5.76958450601799 7.390877178779868 13.100088511560694
    endloop
  endfacet
  facet normal 0.6009283694548367 0.799302880505476 2.943250065800418e-17
    outer loop
      vertex 5.76958450601799 7.390877178779868 13.100088511560694
      vertex 5.497409497049924 7.595502594669902 13.117429552023122
      vertex 5.497409497049924 7.595502594669902 13.386960802023122
    endloop
  endfacet
  facet normal 0.2926021419450942 0.4065749176204124 0.8654945539349729
    outer loop
      vertex 4.638863718163428 8.148258356740959 11.617890173410405
      vertex 4.931676023377276 7.974443080512746 11.600549132947977
      vertex 5.785757829081066 9.355480016718925 10.663049132947977
    endloop
  endfacet
  facet normal 0.3071723262963998 0.3956821187096535 0.865494553934973
    outer loop
      vertex 5.217983822421142 7.790110119429838 11.583208092485549
      vertex 6.121649234354405 9.139223744472401 10.645708092485549
      vertex 4.931676023377276 7.974443080512746 11.600549132947977
    endloop
  endfacet
  facet normal 0.27251478752354735 0.4211488779076767 0.8650834140232379
    outer loop
      vertex 4.339933103974405 8.31132669896443 11.635231213872833
      vertex 5.44223544859385 9.55939712126599 10.680390173410405
      vertex 5.09153517282599 9.750706106937887 10.697731213872833
    endloop
  endfacet
  facet normal 0.2876274138847234 0.41097586007439085 0.8650834140232379
    outer loop
      vertex 4.638863718163428 8.148258356740959 11.617890173410405
      vertex 5.785757829081066 9.355480016718925 10.663049132947977
      vertex 5.44223544859385 9.55939712126599 10.680390173410405
    endloop
  endfacet
  facet normal 0.27764603758837836 0.4169314750895821 0.865494553934973
    outer loop
      vertex 4.638863718163428 8.148258356740959 11.617890173410405
      vertex 5.44223544859385 9.55939712126599 10.680390173410405
      vertex 4.339933103974405 8.31132669896443 11.635231213872833
    endloop
  endfacet
  facet normal 0.33061193839696185 0.3772617565713533 0.8650834140232377
    outer loop
      vertex 5.497409497049924 7.595502594669902 11.565867052023123
      vertex 6.768777707214104 8.670850497518764 10.611026011560694
      vertex 6.449466649157456 8.910913530127296 10.628367052023123
    endloop
  endfacet
  facet normal 0.32133737367557014 0.3842674451318887 0.8654945539349731
    outer loop
      vertex 5.217983822421142 7.790110119429838 11.583208092485549
      vertex 5.497409497049924 7.595502594669902 11.565867052023123
      vertex 6.449466649157456 8.910913530127296 10.628367052023123
    endloop
  endfacet
  facet normal 0.33507860146079904 0.37234595197474246 0.865494553934973
    outer loop
      vertex 5.76958450601799 7.390877178779868 11.548526011560694
      vertex 6.768777707214104 8.670850497518764 10.611026011560694
      vertex 5.497409497049924 7.595502594669902 11.565867052023123
    endloop
  endfacet
  facet normal 0.3023606815290229 0.40026079629062383 0.8650834140232377
    outer loop
      vertex 4.931676023377276 7.974443080512746 11.600549132947977
      vertex 6.121649234354405 9.139223744472401 10.645708092485549
      vertex 5.785757829081066 9.355480016718925 10.663049132947977
    endloop
  endfacet
  facet normal 0.3166951583952491 0.38901781891181686 0.865083414023238
    outer loop
      vertex 5.217983822421142 7.790110119429838 11.583208092485549
      vertex 6.449466649157456 8.910913530127296 10.628367052023123
      vertex 6.121649234354405 9.139223744472401 10.645708092485549
    endloop
  endfacet
  facet normal 0.5413350304434417 0.8408069842804579 0
    outer loop
      vertex 6.121649234354405 9.139223744472401 10.270708092485549
      vertex 5.785757829081066 9.355480016718925 10.663049132947977
      vertex 6.121649234354405 9.139223744472401 10.645708092485549
    endloop
  endfacet
  facet normal 0.5104474929267501 0.8599089236452866 0
    outer loop
      vertex 4.638863718163428 8.148258356740959 11.617890173410405
      vertex 4.638863718163428 8.148258356740959 13.169452673410404
      vertex 4.931676023377276 7.974443080512746 11.600549132947977
    endloop
  endfacet
  facet normal 0.5413350304434429 0.840806984280457 1.6751893519931553e-18
    outer loop
      vertex 5.217983822421142 7.790110119429838 11.583208092485549
      vertex 4.931676023377276 7.974443080512746 11.600549132947977
      vertex 4.931676023377276 7.974443080512746 13.152111632947976
    endloop
  endfacet
  facet normal 0.5104474929267501 0.8599089236452867 5.98325032888071e-18
    outer loop
      vertex 4.638863718163428 8.148258356740959 13.169452673410404
      vertex 4.931676023377276 7.974443080512746 13.152111632947976
      vertex 4.931676023377276 7.974443080512746 11.600549132947977
    endloop
  endfacet
  facet normal 0.541335030443443 0.8408069842804571 9.643263921908421e-18
    outer loop
      vertex 5.217983822421142 7.790110119429838 13.13477059248555
      vertex 4.931676023377276 7.974443080512746 13.152111632947976
      vertex 4.931676023377276 7.974443080512746 13.421642882947976
    endloop
  endfacet
  facet normal 0.5413350304434429 0.840806984280457 0
    outer loop
      vertex 5.217983822421142 7.790110119429838 11.583208092485549
      vertex 4.931676023377276 7.974443080512746 13.152111632947976
      vertex 5.217983822421142 7.790110119429838 13.13477059248555
    endloop
  endfacet
  facet normal 0 0 1
    outer loop
      vertex 3.362732039658278 7.0528608603524665 15.999999999999998
      vertex 2.8995967907531677 6.349231327574539 15.999999999999998
      vertex 3.257337916115203 6.173341858364744 15.999999999999998
    endloop
  endfacet
  facet normal 0 0 1
    outer loop
      vertex 3.6166109199786707 6.92610558247036 15.999999999999998
      vertex 3.257337916115203 6.173341858364744 15.999999999999998
      vertex 3.6044542822399546 5.977316231156091 15.999999999999998
    endloop
  endfacet
  facet normal 0 0 1
    outer loop
      vertex 3.6166109199786707 6.92610558247036 15.999999999999998
      vertex 3.362732039658278 7.0528608603524665 15.999999999999998
      vertex 3.257337916115203 6.173341858364744 15.999999999999998
    endloop
  endfacet
  facet normal 0 0 1
    outer loop
      vertex 3.6166109199786707 6.92610558247036 15.999999999999998
      vertex 3.6044542822399546 5.977316231156091 15.999999999999998
      vertex 3.8657197651361908 6.790215297284133 15.999999999999998
    endloop
  endfacet
  facet normal 0 0 1
    outer loop
      vertex 3.8657197651361908 6.790215297284133 15.999999999999998
      vertex 3.6044542822399546 5.977316231156091 15.999999999999998
      vertex 4.109730019481063 6.645369233760622 15.999999999999998
    endloop
  endfacet
  facet normal 0.2927046556701853 0.6437440725128197 0.7070484804124875
    outer loop
      vertex 3.1044179711389326 7.170313950344552 15.999999999999998
      vertex 3.362732039658278 7.0528608603524665 15.999999999999998
      vertex 4.035278447589933 8.463433032422959 14.437299605349304
    endloop
  endfacet
  facet normal 0.3158866230710557 0.6326911471730555 0.7070484804124875
    outer loop
      vertex 3.6166109199786707 6.92610558247036 15.999999999999998
      vertex 4.035278447589933 8.463433032422959 14.437299605349304
      vertex 3.362732039658278 7.0528608603524665 15.999999999999998
    endloop
  endfacet
  facet normal 0 0 1
    outer loop
      vertex 4.109730019481063 6.645369233760622 15.999999999999998
      vertex 3.939813667690049 5.761793840800162 15.999999999999998
      vertex 4.348319852017619 6.491758432858198 15.999999999999998
    endloop
  endfacet
  facet normal 0.3828132285697653 0.5945893359104119 0.7070484804124877
    outer loop
      vertex 4.109730019481063 6.645369233760622 15.999999999999998
      vertex 4.348319852017619 6.491758432858198 15.999999999999998
      vertex 5.217983822421142 7.790110119429838 14.437299605349304
    endloop
  endfacet
  facet normal 0.3386519600040991 0.6208037502558872 0.7070484804124877
    outer loop
      vertex 3.6166109199786707 6.92610558247036 15.999999999999998
      vertex 4.638863718163428 8.148258356740959 14.437299605349304
      vertex 4.339933103974405 8.31132669896443 14.437299605349304
    endloop
  endfacet
  facet normal 0.3609706407186724 0.6080975603351353 0.7070484804124874
    outer loop
      vertex 3.8657197651361908 6.790215297284133 15.999999999999998
      vertex 4.931676023377276 7.974443080512746 14.437299605349304
      vertex 4.638863718163428 8.148258356740959 14.437299605349304
    endloop
  endfacet
  facet normal 0.3386519600040981 0.6208037502558881 0.7070484804124875
    outer loop
      vertex 3.6166109199786707 6.92610558247036 15.999999999999998
      vertex 3.8657197651361908 6.790215297284133 15.999999999999998
      vertex 4.638863718163428 8.148258356740959 14.437299605349304
    endloop
  endfacet
  facet normal 0.3609706407186737 0.6080975603351343 0.7070484804124877
    outer loop
      vertex 3.8657197651361908 6.790215297284133 15.999999999999998
      vertex 4.109730019481063 6.645369233760622 15.999999999999998
      vertex 4.931676023377276 7.974443080512746 14.437299605349304
    endloop
  endfacet
  facet normal 0.4139127696295909 0.9103165488650425 0
    outer loop
      vertex 3.725301565366719 8.60437674041346 13.221475794797689
      vertex 3.725301565366719 8.60437674041346 13.491007044797689
      vertex 4.035278447589933 8.463433032422959 13.20413475433526
    endloop
  endfacet
  facet normal 0.4139127696295909 0.9103165488650425 0
    outer loop
      vertex 3.725301565366719 8.60437674041346 13.491007044797689
      vertex 3.725301565366719 8.60437674041346 13.598819544797689
      vertex 4.035278447589933 8.463433032422959 13.47366600433526
    endloop
  endfacet
  facet normal 0.4139127696295909 0.9103165488650425 0
    outer loop
      vertex 3.725301565366719 8.60437674041346 13.598819544797689
      vertex 3.725301565366719 8.60437674041346 13.868350794797689
      vertex 4.035278447589933 8.463433032422959 13.58147850433526
    endloop
  endfacet
  facet normal 0.41391276962959084 0.9103165488650423 0
    outer loop
      vertex 3.725301565366719 8.60437674041346 13.868350794797689
      vertex 3.725301565366719 8.60437674041346 14.437299605349304
      vertex 4.035278447589933 8.463433032422959 13.85100975433526
    endloop
  endfacet
  facet normal 0.3467558673113316 0.9379554192418562 -2.5000971069072946e-17
    outer loop
      vertex 3.0910229476658753 8.852047671634788 13.525689125722543
      vertex 3.410411293273184 8.733971928888174 13.508348085260115
      vertex 3.410411293273184 8.733971928888174 13.238816835260115
    endloop
  endfacet
  facet normal 0.3467558673113316 0.9379554192418562 0
    outer loop
      vertex 3.0910229476658753 8.852047671634788 13.256157875722543
      vertex 3.0910229476658753 8.852047671634788 13.525689125722543
      vertex 3.410411293273184 8.733971928888174 13.238816835260115
    endloop
  endfacet
  facet normal 0.34675586731133157 0.9379554192418561 0
    outer loop
      vertex 3.0910229476658753 8.852047671634788 13.525689125722543
      vertex 3.0910229476658753 8.852047671634788 13.633501625722545
      vertex 3.410411293273184 8.733971928888174 13.508348085260115
    endloop
  endfacet
  facet normal 0.38058530002525554 0.9247458188089774 -4.265291970370441e-18
    outer loop
      vertex 3.725301565366719 8.60437674041346 13.221475794797689
      vertex 3.410411293273184 8.733971928888174 13.238816835260115
      vertex 3.410411293273184 8.733971928888174 13.508348085260115
    endloop
  endfacet
  facet normal 0.38058530002525554 0.9247458188089773 0
    outer loop
      vertex 3.410411293273184 8.733971928888174 13.508348085260115
      vertex 3.410411293273184 8.733971928888174 13.616160585260117
      vertex 3.725301565366719 8.60437674041346 13.491007044797689
    endloop
  endfacet
  facet normal 0.34675586731133157 0.9379554192418561 -6.250242767268154e-17
    outer loop
      vertex 3.0910229476658753 8.852047671634788 13.633501625722545
      vertex 3.410411293273184 8.733971928888174 13.616160585260117
      vertex 3.410411293273184 8.733971928888174 13.508348085260115
    endloop
  endfacet
  facet normal 0.3467558673113316 0.9379554192418562 -2.5000971069072946e-17
    outer loop
      vertex 3.0910229476658753 8.852047671634788 13.903032875722545
      vertex 3.410411293273184 8.733971928888174 13.885691835260117
      vertex 3.410411293273184 8.733971928888174 13.616160585260117
    endloop
  endfacet
  facet normal 0.3467558673113316 0.9379554192418562 0
    outer loop
      vertex 3.0910229476658753 8.852047671634788 13.633501625722545
      vertex 3.0910229476658753 8.852047671634788 13.903032875722545
      vertex 3.410411293273184 8.733971928888174 13.616160585260117
    endloop
  endfacet
  facet normal 0.38058530002525554 0.9247458188089774 0
    outer loop
      vertex 3.410411293273184 8.733971928888174 13.616160585260117
      vertex 3.410411293273184 8.733971928888174 13.885691835260117
      vertex 3.725301565366719 8.60437674041346 13.598819544797689
    endloop
  endfacet
  facet normal 0.38058530002525554 0.9247458188089774 0
    outer loop
      vertex 3.725301565366719 8.60437674041346 13.221475794797689
      vertex 3.410411293273184 8.733971928888174 13.508348085260115
      vertex 3.725301565366719 8.60437674041346 13.491007044797689
    endloop
  endfacet
  facet normal 0.3805853000252555 0.9247458188089774 -1.0663229925926136e-17
    outer loop
      vertex 3.410411293273184 8.733971928888174 13.616160585260117
      vertex 3.725301565366719 8.60437674041346 13.598819544797689
      vertex 3.725301565366719 8.60437674041346 13.491007044797689
    endloop
  endfacet
  facet normal 0.38058530002525554 0.9247458188089774 -4.265291970370441e-18
    outer loop
      vertex 3.410411293273184 8.733971928888174 13.885691835260117
      vertex 3.725301565366719 8.60437674041346 13.868350794797689
      vertex 3.725301565366719 8.60437674041346 13.598819544797689
    endloop
  endfacet
  facet normal 0.3467558673113316 0.9379554192418562 -1.2216185755272326e-17
    outer loop
      vertex 3.0910229476658753 8.852047671634788 14.437299605349304
      vertex 3.410411293273184 8.733971928888174 14.437299605349304
      vertex 3.410411293273184 8.733971928888174 13.885691835260117
    endloop
  endfacet
  facet normal 0.34675586731133157 0.9379554192418562 0
    outer loop
      vertex 3.0910229476658753 8.852047671634788 13.903032875722545
      vertex 3.0910229476658753 8.852047671634788 14.437299605349304
      vertex 3.410411293273184 8.733971928888174 13.885691835260117
    endloop
  endfacet
  facet normal 0.38058530002525554 0.9247458188089774 0
    outer loop
      vertex 3.410411293273184 8.733971928888174 13.885691835260117
      vertex 3.410411293273184 8.733971928888174 14.437299605349304
      vertex 3.725301565366719 8.60437674041346 13.868350794797689
    endloop
  endfacet
  facet normal 0.38058530002525554 0.9247458188089774 0
    outer loop
      vertex 3.725301565366719 8.60437674041346 13.868350794797689
      vertex 3.410411293273184 8.733971928888174 14.437299605349304
      vertex 3.725301565366719 8.60437674041346 14.437299605349304
    endloop
  endfacet
  facet normal 0.4139127696295909 0.9103165488650425 0
    outer loop
      vertex 4.035278447589933 8.463433032422959 13.20413475433526
      vertex 3.725301565366719 8.60437674041346 13.491007044797689
      vertex 4.035278447589933 8.463433032422959 13.47366600433526
    endloop
  endfacet
  facet normal 0.4139127696295909 0.9103165488650425 -5.637667504103755e-17
    outer loop
      vertex 3.725301565366719 8.60437674041346 13.598819544797689
      vertex 4.035278447589933 8.463433032422959 13.58147850433526
      vertex 4.035278447589933 8.463433032422959 13.47366600433526
    endloop
  endfacet
  facet normal 0.4466943197227633 0.8946866405213714 0
    outer loop
      vertex 4.339933103974405 8.31132669896443 13.186793713872833
      vertex 4.035278447589933 8.463433032422959 13.47366600433526
      vertex 4.339933103974405 8.31132669896443 13.456324963872833
    endloop
  endfacet
  facet normal 0.44669431972276324 0.8946866405213715 7.135670608564106e-17
    outer loop
      vertex 4.035278447589933 8.463433032422959 13.58147850433526
      vertex 4.339933103974405 8.31132669896443 13.564137463872834
      vertex 4.339933103974405 8.31132669896443 13.456324963872833
    endloop
  endfacet
  facet normal 0.4466943197227633 0.8946866405213714 0
    outer loop
      vertex 4.035278447589933 8.463433032422959 13.20413475433526
      vertex 4.035278447589933 8.463433032422959 13.47366600433526
      vertex 4.339933103974405 8.31132669896443 13.186793713872833
    endloop
  endfacet
  facet normal 0.44669431972276324 0.8946866405213715 0
    outer loop
      vertex 4.035278447589933 8.463433032422959 13.47366600433526
      vertex 4.035278447589933 8.463433032422959 13.58147850433526
      vertex 4.339933103974405 8.31132669896443 13.456324963872833
    endloop
  endfacet
  facet normal 0.4139127696295909 0.9103165488650425 -2.2550670016414948e-17
    outer loop
      vertex 3.725301565366719 8.60437674041346 13.868350794797689
      vertex 4.035278447589933 8.463433032422959 13.85100975433526
      vertex 4.035278447589933 8.463433032422959 13.58147850433526
    endloop
  endfacet
  facet normal 0.4466943197227633 0.8946866405213714 2.8542682434256796e-17
    outer loop
      vertex 4.035278447589933 8.463433032422959 13.85100975433526
      vertex 4.339933103974405 8.31132669896443 13.833668713872834
      vertex 4.339933103974405 8.31132669896443 13.564137463872834
    endloop
  endfacet
  facet normal 0.4466943197227633 0.8946866405213714 0
    outer loop
      vertex 4.035278447589933 8.463433032422959 13.58147850433526
      vertex 4.035278447589933 8.463433032422959 13.85100975433526
      vertex 4.339933103974405 8.31132669896443 13.564137463872834
    endloop
  endfacet
  facet normal 0.478886713929587 0.8778767084401555 0
    outer loop
      vertex 4.638863718163428 8.148258356740959 13.169452673410404
      vertex 4.339933103974405 8.31132669896443 13.456324963872833
      vertex 4.638863718163428 8.148258356740959 13.438983923410404
    endloop
  endfacet
  facet normal 0.4788867139295871 0.8778767084401555 0
    outer loop
      vertex 4.638863718163428 8.148258356740959 13.438983923410404
      vertex 4.339933103974405 8.31132669896443 13.564137463872834
      vertex 4.638863718163428 8.148258356740959 13.546796423410406
    endloop
  endfacet
  facet normal 0.478886713929587 0.8778767084401555 0
    outer loop
      vertex 4.638863718163428 8.148258356740959 13.546796423410406
      vertex 4.339933103974405 8.31132669896443 13.833668713872834
      vertex 4.638863718163428 8.148258356740959 13.816327673410406
    endloop
  endfacet
  facet normal 0.4788867139295869 0.8778767084401555 -1.492251909741029e-17
    outer loop
      vertex 4.638863718163428 8.148258356740959 13.169452673410404
      vertex 4.339933103974405 8.31132669896443 13.186793713872833
      vertex 4.339933103974405 8.31132669896443 13.456324963872833
    endloop
  endfacet
  facet normal 0.4788867139295871 0.8778767084401555 -3.730629774352524e-17
    outer loop
      vertex 4.638863718163428 8.148258356740959 13.438983923410404
      vertex 4.339933103974405 8.31132669896443 13.456324963872833
      vertex 4.339933103974405 8.31132669896443 13.564137463872834
    endloop
  endfacet
  facet normal 0.4788867139295869 0.8778767084401555 -1.492251909741029e-17
    outer loop
      vertex 4.638863718163428 8.148258356740959 13.546796423410406
      vertex 4.339933103974405 8.31132669896443 13.564137463872834
      vertex 4.339933103974405 8.31132669896443 13.833668713872834
    endloop
  endfacet
  facet normal 0.41391276962959084 0.9103165488650425 -1.0367074011854669e-17
    outer loop
      vertex 3.725301565366719 8.60437674041346 14.437299605349304
      vertex 4.035278447589933 8.463433032422959 14.437299605349304
      vertex 4.035278447589933 8.463433032422959 13.85100975433526
    endloop
  endfacet
  facet normal 0.4466943197227633 0.8946866405213714 0
    outer loop
      vertex 4.339933103974405 8.31132669896443 13.833668713872834
      vertex 4.035278447589933 8.463433032422959 14.437299605349304
      vertex 4.339933103974405 8.31132669896443 14.437299605349304
    endloop
  endfacet
  facet normal 0.44669431972276336 0.8946866405213714 0
    outer loop
      vertex 4.035278447589933 8.463433032422959 13.85100975433526
      vertex 4.035278447589933 8.463433032422959 14.437299605349304
      vertex 4.339933103974405 8.31132669896443 13.833668713872834
    endloop
  endfacet
  facet normal 0.478886713929587 0.8778767084401555 0
    outer loop
      vertex 4.638863718163428 8.148258356740959 13.816327673410406
      vertex 4.339933103974405 8.31132669896443 14.437299605349304
      vertex 4.638863718163428 8.148258356740959 14.437299605349304
    endloop
  endfacet
  facet normal 0.478886713929587 0.8778767084401556 -6.663153397659818e-18
    outer loop
      vertex 4.638863718163428 8.148258356740959 13.816327673410406
      vertex 4.339933103974405 8.31132669896443 13.833668713872834
      vertex 4.339933103974405 8.31132669896443 14.437299605349304
    endloop
  endfacet
  facet normal 0.26913663305608376 0.6539479483060002 0.7070484804124875
    outer loop
      vertex 3.1044179711389326 7.170313950344552 15.999999999999998
      vertex 3.725301565366719 8.60437674041346 14.437299605349304
      vertex 3.410411293273184 8.733971928888174 14.437299605349304
    endloop
  endfacet
  facet normal 0.29270465567018505 0.6437440725128198 0.7070484804124874
    outer loop
      vertex 3.1044179711389326 7.170313950344552 15.999999999999998
      vertex 4.035278447589933 8.463433032422959 14.437299605349304
      vertex 3.725301565366719 8.60437674041346 14.437299605349304
    endloop
  endfacet
  facet normal 0.31588662307105475 0.6326911471730559 0.7070484804124877
    outer loop
      vertex 3.6166109199786707 6.92610558247036 15.999999999999998
      vertex 4.339933103974405 8.31132669896443 14.437299605349304
      vertex 4.035278447589933 8.463433032422959 14.437299605349304
    endloop
  endfacet
  facet normal 0.5715085881632359 0.820596084353115 0
    outer loop
      vertex 5.497409497049924 7.595502594669902 13.117429552023122
      vertex 5.217983822421142 7.790110119429838 13.40430184248555
      vertex 5.497409497049924 7.595502594669902 13.386960802023122
    endloop
  endfacet
  facet normal 0.571508588163236 0.820596084353115 0
    outer loop
      vertex 5.217983822421142 7.790110119429838 13.40430184248555
      vertex 5.217983822421142 7.790110119429838 13.512114342485551
      vertex 5.497409497049924 7.595502594669902 13.386960802023122
    endloop
  endfacet
  facet normal 0.5715085881632359 0.820596084353115 -7.624460617772083e-17
    outer loop
      vertex 5.217983822421142 7.790110119429838 13.512114342485551
      vertex 5.497409497049924 7.595502594669902 13.494773302023122
      vertex 5.497409497049924 7.595502594669902 13.386960802023122
    endloop
  endfacet
  facet normal 0.5715085881632359 0.820596084353115 0
    outer loop
      vertex 5.217983822421142 7.790110119429838 13.512114342485551
      vertex 5.217983822421142 7.790110119429838 13.781645592485551
      vertex 5.497409497049924 7.595502594669902 13.494773302023122
    endloop
  endfacet
  facet normal 0.571508588163236 0.820596084353115 -3.049784247108823e-17
    outer loop
      vertex 5.217983822421142 7.790110119429838 13.781645592485551
      vertex 5.497409497049924 7.595502594669902 13.764304552023122
      vertex 5.497409497049924 7.595502594669902 13.494773302023122
    endloop
  endfacet
  facet normal 0.571508588163236 0.820596084353115 0
    outer loop
      vertex 5.217983822421142 7.790110119429838 13.781645592485551
      vertex 5.217983822421142 7.790110119429838 14.437299605349304
      vertex 5.497409497049924 7.595502594669902 13.764304552023122
    endloop
  endfacet
  facet normal 0.571508588163236 0.820596084353115 -1.2214237776204613e-17
    outer loop
      vertex 5.217983822421142 7.790110119429838 14.437299605349304
      vertex 5.497409497049924 7.595502594669902 14.437299605349304
      vertex 5.497409497049924 7.595502594669902 13.764304552023122
    endloop
  endfacet
  facet normal 0.6295555718608197 0.776955456856438 0
    outer loop
      vertex 5.76958450601799 7.390877178779868 13.746963511560695
      vertex 5.76958450601799 7.390877178779868 14.437299605349304
      vertex 6.026799349695556 7.182459776503431 11.531666763905944
    endloop
  endfacet
  facet normal 0.6009283694548367 0.7993028805054759 7.35812516450107e-17
    outer loop
      vertex 5.76958450601799 7.390877178779868 13.369619761560694
      vertex 5.497409497049924 7.595502594669902 13.386960802023122
      vertex 5.497409497049924 7.595502594669902 13.494773302023122
    endloop
  endfacet
  facet normal 0.6009283694548367 0.799302880505476 2.943250065800418e-17
    outer loop
      vertex 5.76958450601799 7.390877178779868 13.477432261560695
      vertex 5.497409497049924 7.595502594669902 13.494773302023122
      vertex 5.497409497049924 7.595502594669902 13.764304552023122
    endloop
  endfacet
  facet normal 0.6009283694548367 0.7993028805054759 0
    outer loop
      vertex 5.76958450601799 7.390877178779868 13.100088511560694
      vertex 5.497409497049924 7.595502594669902 13.386960802023122
      vertex 5.76958450601799 7.390877178779868 13.369619761560694
    endloop
  endfacet
  facet normal 0.6009283694548367 0.7993028805054758 0
    outer loop
      vertex 5.76958450601799 7.390877178779868 13.369619761560694
      vertex 5.497409497049924 7.595502594669902 13.494773302023122
      vertex 5.76958450601799 7.390877178779868 13.477432261560695
    endloop
  endfacet
  facet normal 0.6009283694548367 0.7993028805054759 0
    outer loop
      vertex 5.76958450601799 7.390877178779868 13.477432261560695
      vertex 5.497409497049924 7.595502594669902 13.764304552023122
      vertex 5.76958450601799 7.390877178779868 13.746963511560695
    endloop
  endfacet
  facet normal 0.6295555718608197 0.7769554568564379 3.7687921228050393e-19
    outer loop
      vertex 5.76958450601799 7.390877178779868 14.437299605349304
      vertex 6.026799349695556 7.182459776503431 14.437299605349304
      vertex 6.026799349695556 7.182459776503431 11.531666763905944
    endloop
  endfacet
  facet normal 0.6009283694548367 0.799302880505476 1.1787573554619853e-17
    outer loop
      vertex 5.76958450601799 7.390877178779868 13.746963511560695
      vertex 5.497409497049924 7.595502594669902 13.764304552023122
      vertex 5.497409497049924 7.595502594669902 14.437299605349304
    endloop
  endfacet
  facet normal 0.6009283694548367 0.799302880505476 0
    outer loop
      vertex 5.76958450601799 7.390877178779868 13.746963511560695
      vertex 5.497409497049924 7.595502594669902 14.437299605349304
      vertex 5.76958450601799 7.390877178779868 14.437299605349304
    endloop
  endfacet
  facet normal 0.40415091484269766 0.5802968933039383 0.7070484804124878
    outer loop
      vertex 4.348319852017619 6.491758432858198 15.999999999999998
      vertex 4.5811745808749365 6.329585495558252 15.999999999999998
      vertex 5.497409497049924 7.595502594669902 14.437299605349304
    endloop
  endfacet
  facet normal 0.42495555674962615 0.565239083162167 0.7070484804124878
    outer loop
      vertex 4.807987088348326 6.159064315649891 15.999999999999998
      vertex 5.497409497049924 7.595502594669902 14.437299605349304
      vertex 4.5811745808749365 6.329585495558252 15.999999999999998
    endloop
  endfacet
  facet normal 0.4451997145477644 0.5494357655931956 0.7070484804124877
    outer loop
      vertex 4.807987088348326 6.159064315649891 15.999999999999998
      vertex 5.022332791412963 5.985383147086193 15.999999999999998
      vertex 6.026799349695556 7.182459776503431 14.437299605349304
    endloop
  endfacet
  facet normal 0.40415091484269655 0.5802968933039392 0.7070484804124878
    outer loop
      vertex 4.348319852017619 6.491758432858198 15.999999999999998
      vertex 5.497409497049924 7.595502594669902 14.437299605349304
      vertex 5.217983822421142 7.790110119429838 14.437299605349304
    endloop
  endfacet
  facet normal 0.38281322856976513 0.5945893359104121 0.7070484804124876
    outer loop
      vertex 4.109730019481063 6.645369233760622 15.999999999999998
      vertex 5.217983822421142 7.790110119429838 14.437299605349304
      vertex 4.931676023377276 7.974443080512746 14.437299605349304
    endloop
  endfacet
  facet normal 0.42495555674962926 0.5652390831621652 0.7070484804124875
    outer loop
      vertex 4.807987088348326 6.159064315649891 15.999999999999998
      vertex 5.76958450601799 7.390877178779868 14.437299605349304
      vertex 5.497409497049924 7.595502594669902 14.437299605349304
    endloop
  endfacet
  facet normal 0.4451997145477627 0.5494357655931975 0.7070484804124876
    outer loop
      vertex 4.807987088348326 6.159064315649891 15.999999999999998
      vertex 6.026799349695556 7.182459776503431 14.437299605349304
      vertex 5.76958450601799 7.390877178779868 14.437299605349304
    endloop
  endfacet
  facet normal 0.5104474929267501 0.8599089236452867 0
    outer loop
      vertex 4.638863718163428 8.148258356740959 13.169452673410404
      vertex 4.638863718163428 8.148258356740959 13.438983923410404
      vertex 4.931676023377276 7.974443080512746 13.152111632947976
    endloop
  endfacet
  facet normal 0.5104474929267501 0.8599089236452867 0
    outer loop
      vertex 4.931676023377276 7.974443080512746 13.152111632947976
      vertex 4.638863718163428 8.148258356740959 13.438983923410404
      vertex 4.931676023377276 7.974443080512746 13.421642882947976
    endloop
  endfacet
  facet normal 0.5104474929267501 0.8599089236452867 0
    outer loop
      vertex 4.638863718163428 8.148258356740959 13.438983923410404
      vertex 4.638863718163428 8.148258356740959 13.546796423410406
      vertex 4.931676023377276 7.974443080512746 13.421642882947976
    endloop
  endfacet
  facet normal 0.5104474929267501 0.8599089236452867 8.610677647215165e-17
    outer loop
      vertex 4.638863718163428 8.148258356740959 13.546796423410406
      vertex 4.931676023377276 7.974443080512746 13.529455382947978
      vertex 4.931676023377276 7.974443080512746 13.421642882947976
    endloop
  endfacet
  facet normal 0.5413350304434429 0.8408069842804571 2.4108159804770734e-17
    outer loop
      vertex 5.217983822421142 7.790110119429838 13.40430184248555
      vertex 4.931676023377276 7.974443080512746 13.421642882947976
      vertex 4.931676023377276 7.974443080512746 13.529455382947978
    endloop
  endfacet
  facet normal 0.5104474929267501 0.8599089236452867 0
    outer loop
      vertex 4.638863718163428 8.148258356740959 13.546796423410406
      vertex 4.638863718163428 8.148258356740959 13.816327673410406
      vertex 4.931676023377276 7.974443080512746 13.529455382947978
    endloop
  endfacet
  facet normal 0.5104474929267501 0.8599089236452867 3.4442710588861115e-17
    outer loop
      vertex 4.638863718163428 8.148258356740959 13.816327673410406
      vertex 4.931676023377276 7.974443080512746 13.798986632947978
      vertex 4.931676023377276 7.974443080512746 13.529455382947978
    endloop
  endfacet
  facet normal 0.541335030443443 0.8408069842804571 9.643263921908421e-18
    outer loop
      vertex 5.217983822421142 7.790110119429838 13.512114342485551
      vertex 4.931676023377276 7.974443080512746 13.529455382947978
      vertex 4.931676023377276 7.974443080512746 13.798986632947978
    endloop
  endfacet
  facet normal 0.541335030443443 0.8408069842804571 0
    outer loop
      vertex 5.217983822421142 7.790110119429838 13.13477059248555
      vertex 4.931676023377276 7.974443080512746 13.421642882947976
      vertex 5.217983822421142 7.790110119429838 13.40430184248555
    endloop
  endfacet
  facet normal 0.5413350304434429 0.8408069842804571 0
    outer loop
      vertex 5.217983822421142 7.790110119429838 13.40430184248555
      vertex 4.931676023377276 7.974443080512746 13.529455382947978
      vertex 5.217983822421142 7.790110119429838 13.512114342485551
    endloop
  endfacet
  facet normal 0.541335030443443 0.8408069842804571 0
    outer loop
      vertex 5.217983822421142 7.790110119429838 13.512114342485551
      vertex 4.931676023377276 7.974443080512746 13.798986632947978
      vertex 5.217983822421142 7.790110119429838 13.781645592485551
    endloop
  endfacet
  facet normal 0.51044749292675 0.8599089236452867 0
    outer loop
      vertex 4.638863718163428 8.148258356740959 13.816327673410406
      vertex 4.638863718163428 8.148258356740959 14.437299605349304
      vertex 4.931676023377276 7.974443080512746 13.798986632947978
    endloop
  endfacet
  facet normal 0.5104474929267501 0.8599089236452867 1.4543628658336632e-17
    outer loop
      vertex 4.638863718163428 8.148258356740959 14.437299605349304
      vertex 4.931676023377276 7.974443080512746 14.437299605349304
      vertex 4.931676023377276 7.974443080512746 13.798986632947978
    endloop
  endfacet
  facet normal 0.5413350304434429 0.8408069842804571 4.071922538521915e-18
    outer loop
      vertex 5.217983822421142 7.790110119429838 13.781645592485551
      vertex 4.931676023377276 7.974443080512746 13.798986632947978
      vertex 4.931676023377276 7.974443080512746 14.437299605349304
    endloop
  endfacet
  facet normal 0.5413350304434429 0.840806984280457 0
    outer loop
      vertex 5.217983822421142 7.790110119429838 13.781645592485551
      vertex 4.931676023377276 7.974443080512746 14.437299605349304
      vertex 5.217983822421142 7.790110119429838 14.437299605349304
    endloop
  endfacet
  facet normal 0.1919749318556892 0.46343965337560694 0.8650834140232379
    outer loop
      vertex 2.767557777518728 8.958448235715128 11.721936416184972
      vertex 3.626335171765793 10.385070689312343 10.767095375722544
      vertex 3.246851375234431 10.509898008407992 10.784436416184972
    endloop
  endfacet
  facet normal 0.2086762918038028 0.45616322958006333 0.8650834140232377
    outer loop
      vertex 3.0910229476658753 8.852047671634788 11.704595375722544
      vertex 4.0010361075846195 10.246546250605816 10.749754335260116
      vertex 3.626335171765793 10.385070689312343 10.767095375722544
    endloop
  endfacet
  facet normal 0.19778346499215255 0.4602182939482091 0.8654945539349731
    outer loop
      vertex 2.767557777518728 8.958448235715128 11.721936416184972
      vertex 3.0910229476658753 8.852047671634788 11.704595375722544
      vertex 3.626335171765793 10.385070689312343 10.767095375722544
    endloop
  endfacet
  facet normal 0.31246908994059147 0.949927927703833 0
    outer loop
      vertex 3.246851375234431 10.509898008407992 10.409436416184972
      vertex 3.246851375234431 10.509898008407992 10.784436416184972
      vertex 3.626335171765793 10.385070689312343 10.392095375722544
    endloop
  endfacet
  facet normal 0.31246908994059147 0.949927927703833 0
    outer loop
      vertex 3.626335171765793 10.385070689312343 10.392095375722544
      vertex 3.246851375234431 10.509898008407992 10.784436416184972
      vertex 3.626335171765793 10.385070689312343 10.767095375722544
    endloop
  endfacet
  facet normal 0.346755867311329 0.9379554192418571 0
    outer loop
      vertex 3.626335171765793 10.385070689312343 10.392095375722544
      vertex 3.626335171765793 10.385070689312343 10.767095375722544
      vertex 4.0010361075846195 10.246546250605816 10.374754335260116
    endloop
  endfacet
  facet normal 0.346755867311329 0.9379554192418571 0
    outer loop
      vertex 4.0010361075846195 10.246546250605816 10.374754335260116
      vertex 3.626335171765793 10.385070689312343 10.767095375722544
      vertex 4.0010361075846195 10.246546250605816 10.749754335260116
    endloop
  endfacet
  facet normal 0.2251024235696245 0.44828516112512645 0.8650834140232379
    outer loop
      vertex 3.410411293273184 8.733971928888174 11.687254335260116
      vertex 4.3704599806108515 10.094507395503705 10.732413294797688
      vertex 4.0010361075846195 10.246546250605816 10.749754335260116
    endloop
  endfacet
  facet normal 0.24123166233273105 0.43981583858484025 0.865083414023238
    outer loop
      vertex 3.725301565366719 8.60437674041346 11.669913294797688
      vertex 4.7341195488095185 9.929154651710263 10.715072254335261
      vertex 4.3704599806108515 10.094507395503705 10.732413294797688
    endloop
  endfacet
  facet normal 0.3805853000252572 0.9247458188089769 0
    outer loop
      vertex 4.3704599806108515 10.094507395503705 10.357413294797688
      vertex 4.0010361075846195 10.246546250605816 10.749754335260116
      vertex 4.3704599806108515 10.094507395503705 10.732413294797688
    endloop
  endfacet
  facet normal 0.2570427348520359 0.43076643235248174 0.8650834140232379
    outer loop
      vertex 4.035278447589933 8.463433032422959 11.652572254335261
      vertex 5.09153517282599 9.750706106937887 10.697731213872833
      vertex 4.7341195488095185 9.929154651710263 10.715072254335261
    endloop
  endfacet
  facet normal 0.41391276962959056 0.9103165488650425 0
    outer loop
      vertex 4.3704599806108515 10.094507395503705 10.357413294797688
      vertex 4.3704599806108515 10.094507395503705 10.732413294797688
      vertex 4.7341195488095185 9.929154651710263 10.340072254335261
    endloop
  endfacet
  facet normal 0.41391276962959056 0.9103165488650425 0
    outer loop
      vertex 4.7341195488095185 9.929154651710263 10.340072254335261
      vertex 4.3704599806108515 10.094507395503705 10.732413294797688
      vertex 4.7341195488095185 9.929154651710263 10.715072254335261
    endloop
  endfacet
  facet normal 0.3805853000252572 0.9247458188089769 -2.3527215697042666e-18
    outer loop
      vertex 4.3704599806108515 10.094507395503705 10.357413294797688
      vertex 4.0010361075846195 10.246546250605816 10.374754335260116
      vertex 4.0010361075846195 10.246546250605816 10.749754335260116
    endloop
  endfacet
  facet normal 0.44669431972276286 0.8946866405213716 0
    outer loop
      vertex 5.09153517282599 9.750706106937887 10.322731213872833
      vertex 4.7341195488095185 9.929154651710263 10.715072254335261
      vertex 5.09153517282599 9.750706106937887 10.697731213872833
    endloop
  endfacet
  facet normal 0.4788867139295862 0.877876708440156 0
    outer loop
      vertex 5.44223544859385 9.55939712126599 10.305390173410405
      vertex 5.09153517282599 9.750706106937887 10.697731213872833
      vertex 5.44223544859385 9.55939712126599 10.680390173410405
    endloop
  endfacet
  facet normal 0.5104474929267531 0.8599089236452848 0
    outer loop
      vertex 5.785757829081066 9.355480016718925 10.288049132947977
      vertex 5.44223544859385 9.55939712126599 10.680390173410405
      vertex 5.785757829081066 9.355480016718925 10.663049132947977
    endloop
  endfacet
  facet normal 0.2857405417702482 0.4122899823798107 -0.8650834140232377
    outer loop
      vertex 6.768777707214104 8.670850497518764 7.2360260115606945
      vertex 7.070537755625438 8.426338771439918 7.219166763905945
      vertex 6.051619017156949 7.212038704366137 6.303890695988838
    endloop
  endfacet
  facet normal 0.2705814426264094 0.42239361937428765 -0.8650834140232379
    outer loop
      vertex 5.76958450601799 7.390877178779868 6.2985260115606945
      vertex 6.449466649157456 8.910913530127296 7.253367052023123
      vertex 6.768777707214104 8.670850497518764 7.2360260115606945
    endloop
  endfacet
  facet normal 0.6295555718608206 0.7769554568564373 0
    outer loop
      vertex 6.768777707214104 8.670850497518764 7.2360260115606945
      vertex 6.768777707214104 8.670850497518764 7.6110260115606945
      vertex 7.070537755625438 8.426338771439918 7.219166763905945
    endloop
  endfacet
  facet normal 0.6295555718608206 0.7769554568564373 4.715886460468969e-17
    outer loop
      vertex 6.768777707214104 8.670850497518764 7.6110260115606945
      vertex 7.070537755625438 8.426338771439918 7.594166763905945
      vertex 7.070537755625438 8.426338771439918 7.219166763905945
    endloop
  endfacet
  facet normal 0.34409266635815305 0.36500811462272276 0.8650834140232386
    outer loop
      vertex 6.768777707214104 8.670850497518764 7.6110260115606945
      vertex 7.03668002111533 8.385988694702311 7.624658972115819
      vertex 7.070537755625438 8.426338771439918 7.594166763905945
    endloop
  endfacet
  facet normal 0.6009283694548354 0.7993028805054772 0
    outer loop
      vertex 6.449466649157456 8.910913530127296 7.253367052023123
      vertex 6.449466649157456 8.910913530127296 7.628367052023123
      vertex 6.768777707214104 8.670850497518764 7.2360260115606945
    endloop
  endfacet
  facet normal 0.571508588163237 0.8205960843531145 1.556057066069666e-17
    outer loop
      vertex 6.121649234354405 9.139223744472401 7.64570809248555
      vertex 6.449466649157456 8.910913530127296 7.628367052023123
      vertex 6.449466649157456 8.910913530127296 7.253367052023123
    endloop
  endfacet
  facet normal 0.6009283694548354 0.7993028805054772 -1.8086652181278053e-18
    outer loop
      vertex 6.449466649157456 8.910913530127296 7.628367052023123
      vertex 6.768777707214104 8.670850497518764 7.6110260115606945
      vertex 6.768777707214104 8.670850497518764 7.2360260115606945
    endloop
  endfacet
  facet normal 0.3483778860161175 0.3599333627823949 0.8654945539349731
    outer loop
      vertex 5.76958450601799 7.390877178779868 8.548526011560694
      vertex 6.026799349695556 7.182459776503431 8.531666763905944
      vertex 7.03668002111533 8.385988694702311 7.624658972115819
    endloop
  endfacet
  facet normal 0.3440926663581543 0.36500811462272387 0.8650834140232377
    outer loop
      vertex 5.76958450601799 7.390877178779868 8.548526011560694
      vertex 7.03668002111533 8.385988694702311 7.624658972115819
      vertex 6.768777707214104 8.670850497518764 7.6110260115606945
    endloop
  endfacet
  facet normal 0.28574054177024616 0.41228998237981135 -0.865083414023238
    outer loop
      vertex 6.768777707214104 8.670850497518764 10.236026011560694
      vertex 7.070537755625438 8.426338771439918 10.219166763905944
      vertex 6.051619017156949 7.212038704366137 9.303890695988839
    endloop
  endfacet
  facet normal 0.2705814426264094 0.42239361937428765 -0.8650834140232379
    outer loop
      vertex 5.76958450601799 7.390877178779868 9.298526011560694
      vertex 6.449466649157456 8.910913530127296 10.253367052023123
      vertex 6.768777707214104 8.670850497518764 10.236026011560694
    endloop
  endfacet
  facet normal 0.6295555718608206 0.7769554568564373 0
    outer loop
      vertex 6.768777707214104 8.670850497518764 10.236026011560694
      vertex 6.768777707214104 8.670850497518764 10.611026011560694
      vertex 7.070537755625438 8.426338771439918 10.219166763905944
    endloop
  endfacet
  facet normal 0.6295555718608206 0.7769554568564373 4.715886460468969e-17
    outer loop
      vertex 6.768777707214104 8.670850497518764 10.611026011560694
      vertex 7.070537755625438 8.426338771439918 10.594166763905944
      vertex 7.070537755625438 8.426338771439918 10.219166763905944
    endloop
  endfacet
  facet normal 0.6009283694548354 0.7993028805054772 0
    outer loop
      vertex 6.449466649157456 8.910913530127296 10.253367052023123
      vertex 6.449466649157456 8.910913530127296 10.628367052023123
      vertex 6.768777707214104 8.670850497518764 10.236026011560694
    endloop
  endfacet
  facet normal 0.3483778860161175 0.3599333627823949 0.8654945539349731
    outer loop
      vertex 5.76958450601799 7.390877178779868 11.548526011560694
      vertex 6.026799349695556 7.182459776503431 11.531666763905944
      vertex 7.03668002111533 8.385988694702311 10.624658972115819
    endloop
  endfacet
  facet normal 0.3440926663581543 0.36500811462272387 0.8650834140232377
    outer loop
      vertex 5.76958450601799 7.390877178779868 11.548526011560694
      vertex 7.03668002111533 8.385988694702311 10.624658972115819
      vertex 6.768777707214104 8.670850497518764 10.611026011560694
    endloop
  endfacet
  facet normal 0.3440926663581612 0.36500811462273003 0.8650834140232322
    outer loop
      vertex 6.768777707214104 8.670850497518764 10.611026011560694
      vertex 7.03668002111533 8.385988694702311 10.624658972115819
      vertex 7.070537755625438 8.426338771439918 10.594166763905944
    endloop
  endfacet
  facet normal 0.571508588163237 0.8205960843531144 1.556057066069666e-17
    outer loop
      vertex 6.121649234354405 9.139223744472401 10.645708092485549
      vertex 6.449466649157456 8.910913530127296 10.628367052023123
      vertex 6.449466649157456 8.910913530127296 10.253367052023123
    endloop
  endfacet
  facet normal 0.6009283694548354 0.7993028805054772 0
    outer loop
      vertex 6.768777707214104 8.670850497518764 10.236026011560694
      vertex 6.449466649157456 8.910913530127296 10.628367052023123
      vertex 6.768777707214104 8.670850497518764 10.611026011560694
    endloop
  endfacet
  facet normal -0.7071067811865476 -0.7071067811865477 0
    outer loop
      vertex -10.575187068890443 -4.380385908567001 -6.09
      vertex -4.380385908567 -10.575187068890443 -6.09
      vertex -10.575187068890443 -4.380385908567001 -1.8699999999999992
    endloop
  endfacet
  facet normal -0.6324740773131049 -0.632474077313105 -0.44716113768290866
    outer loop
      vertex -10.575187068890443 -4.380385908567001 -1.8699999999999992
      vertex -4.380385908567 -10.575187068890443 -1.8699999999999992
      vertex -11.510049981427828 -4.767618805899597 0
    endloop
  endfacet
  facet normal -0.7071067811865476 -0.7071067811865477 -4.647349695996826e-17
    outer loop
      vertex -10.575187068890443 -4.380385908567001 -1.8699999999999992
      vertex -4.380385908567 -10.575187068890443 -6.09
      vertex -4.380385908567 -10.575187068890443 -1.8699999999999992
    endloop
  endfacet
  facet normal -0.6324740773131047 -0.6324740773131046 -0.44716113768290977
    outer loop
      vertex -11.510049981427828 -4.767618805899597 0
      vertex -4.380385908567 -10.575187068890443 -1.8699999999999992
      vertex -4.767618805899598 -11.51004998142783 0
    endloop
  endfacet
  facet normal 0 0 -1
    outer loop
      vertex -10.575187068890443 -4.380385908567001 -6.09
      vertex -10.5665 -1.5 -6.09
      vertex -9.8565 -3.5805 -6.09
    endloop
  endfacet
  facet normal -1 0 0
    outer loop
      vertex -10.575187068890443 -4.380385908567001 -6.09
      vertex -10.575187068890443 -3.5805 -3.6999999999999997
      vertex -10.575187068890443 -1.5 -6.086210683698017
    endloop
  endfacet
  facet normal 0 1 0
    outer loop
      vertex -9.8565 -3.5805 -6.09
      vertex -9.8565 -3.5805 -3.6999999999999997
      vertex -9.0565 -3.5805 -6.09
    endloop
  endfacet
  facet normal -1 0 0
    outer loop
      vertex -10.575187068890443 -4.380385908567001 -6.09
      vertex -10.575187068890443 -4.380385908567001 -1.8699999999999992
      vertex -10.575187068890443 -3.5805 -3.6999999999999997
    endloop
  endfacet
  facet normal 0 1 0
    outer loop
      vertex -10.575187068890443 -3.5805 -3.6999999999999997
      vertex -9.8565 -3.5805 -2.6999999999999997
      vertex -9.8565 -3.5805 -3.6999999999999997
    endloop
  endfacet
  facet normal -1 0 0
    outer loop
      vertex -10.575187068890443 -3.5805 -3.6999999999999997
      vertex -10.575187068890443 -4.380385908567001 -1.8699999999999992
      vertex -10.575187068890443 -3.5805 -2.6999999999999997
    endloop
  endfacet
  facet normal 0 1 0
    outer loop
      vertex -10.575187068890443 -3.5805 -3.6999999999999997
      vertex -10.575187068890443 -3.5805 -2.6999999999999997
      vertex -9.8565 -3.5805 -2.6999999999999997
    endloop
  endfacet
  facet normal 0 1 0
    outer loop
      vertex -9.8565 -3.5805 -3.6999999999999997
      vertex -9.8565 -3.5805 -2.6999999999999997
      vertex -9.0565 -3.5805 -2.6999999999999997
    endloop
  endfacet
  facet normal 0 -1 0
    outer loop
      vertex -11.038318885888915 -1.5 -5.692531448730568
      vertex -10.993186754817271 -1.5 -5.735467301404597
      vertex -11.07776195283193 -1.5 -5.644316915962504
    endloop
  endfacet
  facet normal 0 -1 0
    outer loop
      vertex -11.137229824296103 -1.5 -5.535115592028307
      vertex -10.993186754817271 -1.5 -5.735467301404597
      vertex -11.15633159308854 -1.5 -5.4758237786902555
    endloop
  endfacet
  facet normal 0 -1 0
    outer loop
      vertex -11.110903736659116 -1.5 -5.5915720691557675
      vertex -11.07776195283193 -1.5 -5.644316915962504
      vertex -10.993186754817271 -1.5 -5.735467301404597
    endloop
  endfacet
  facet normal 0 -1 0
    outer loop
      vertex -11.137229824296103 -1.5 -5.535115592028307
      vertex -11.110903736659116 -1.5 -5.5915720691557675
      vertex -10.993186754817271 -1.5 -5.735467301404597
    endloop
  endfacet
  facet normal 0 -1 0
    outer loop
      vertex -11.15633159308854 -1.5 -5.4758237786902555
      vertex -10.993186754817271 -1.5 -5.735467301404597
      vertex -11.167912553274087 -1.5 -5.414616932168851
    endloop
  endfacet
  facet normal 0 -1 0
    outer loop
      vertex -11.167912553274087 -1.5 -5.414616932168851
      vertex -10.993186754817271 -1.5 -5.735467301404597
      vertex -11.171792949974002 -1.5 -5.352445079845108
    endloop
  endfacet
  facet normal 0 -1 0
    outer loop
      vertex -10.993186754817271 -1.5 -5.735467301404597
      vertex -11.171792949974002 -1.5 -5.100445079845109
      vertex -11.171792949974002 -1.5 -5.352445079845108
    endloop
  endfacet
  facet normal -0.951824039861323 5.20260170885762e-19 -0.30664474093333255
    outer loop
      vertex -11.137229824296103 -1.5 -5.535115592028307
      vertex -11.15633159308854 -1.5 -5.4758237786902555
      vertex -11.15633159308854 1.5 -5.4758237786902555
    endloop
  endfacet
  facet normal -0.9825664732332873 1.1849917473075106e-19 -0.18591160716291988
    outer loop
      vertex -11.15633159308854 -1.5 -5.4758237786902555
      vertex -11.167912553274087 -1.5 -5.414616932168851
      vertex -11.167912553274087 1.5 -5.414616932168851
    endloop
  endfacet
  facet normal -0.8467241992282811 0 -0.5320320765153413
    outer loop
      vertex -11.110903736659116 -1.5 -5.5915720691557675
      vertex -11.110903736659116 1.5 -5.5915720691557675
      vertex -11.07776195283193 -1.5 -5.644316915962504
    endloop
  endfacet
  facet normal -0.7739981082662236 -4.789406184853367e-19 -0.6331879092341445
    outer loop
      vertex -11.038318885888915 -1.5 -5.692531448730568
      vertex -11.07776195283193 -1.5 -5.644316915962504
      vertex -11.07776195283193 1.5 -5.644316915962504
    endloop
  endfacet
  facet normal -0.6892583384839489 5.384989096415046e-19 -0.7245156608592709
    outer loop
      vertex -11.038318885888915 -1.5 -5.692531448730568
      vertex -10.993186754817271 1.5 -5.735467301404597
      vertex -10.993186754817271 -1.5 -5.735467301404597
    endloop
  endfacet
  facet normal -0.9063077870366556 0 -0.42261826174068723
    outer loop
      vertex -11.137229824296103 -1.5 -5.535115592028307
      vertex -11.137229824296103 1.5 -5.535115592028307
      vertex -11.110903736659116 -1.5 -5.5915720691557675
    endloop
  endfacet
  facet normal -0.9980579158045314 -1.7963141809765866e-20 -0.06229283024485769
    outer loop
      vertex -11.167912553274087 -1.5 -5.414616932168851
      vertex -11.171792949974002 -1.5 -5.352445079845108
      vertex -11.171792949974002 1.5 -5.352445079845108
    endloop
  endfacet
  facet normal -1 0 0
    outer loop
      vertex -11.171792949974002 -1.5 -5.352445079845108
      vertex -11.171792949974002 -1.5 -5.100445079845109
      vertex -11.171792949974002 1.5 -5.100445079845109
    endloop
  endfacet
  facet normal -0.8991979823426896 0 0.4375419849006906
    outer loop
      vertex -11.171792949974002 -1.5 -5.100445079845109
      vertex -10.575187068890443 -1.5 -3.8743529034660105
      vertex -11.171792949974002 1.5 -5.100445079845109
    endloop
  endfacet
  facet normal 0 0 -1
    outer loop
      vertex -10.575187068890443 -4.380385908567001 -6.09
      vertex -10.57067113757408 -1.5 -6.09
      vertex -10.5665 -1.5 -6.09
    endloop
  endfacet
  facet normal -1 0 0
    outer loop
      vertex -10.575187068890443 -3.5805 -3.6999999999999997
      vertex -10.575187068890443 -1.5 -3.8743529034660105
      vertex -10.575187068890443 -1.5 -6.086210683698017
    endloop
  endfacet
  facet normal 0 -1 0
    outer loop
      vertex -10.57067113757408 -1.5 -6.09
      vertex -10.5665 -1.5 -6.0935
      vertex -10.5665 -1.5 -6.09
    endloop
  endfacet
  facet normal 0 0 -1
    outer loop
      vertex -10.575187068890443 -4.380385908567001 -6.09
      vertex -10.57067113757408 1.5 -6.09
      vertex -10.57067113757408 -1.5 -6.09
    endloop
  endfacet
  facet normal -1 0 0
    outer loop
      vertex -10.575187068890443 -4.380385908567001 -6.09
      vertex -10.575187068890443 -1.5 -6.086210683698017
      vertex -10.575187068890443 1.5 -6.086210683698017
    endloop
  endfacet
  facet normal 0 -1 0
    outer loop
      vertex -10.993186754817271 -1.5 -5.735467301404597
      vertex -10.575187068890443 -1.5 -6.086210683698017
      vertex -11.171792949974002 -1.5 -5.100445079845109
    endloop
  endfacet
  facet normal 0 0 -1
    outer loop
      vertex -9.8565 -3.5805 -6.09
      vertex -10.5665 -1.5 -6.09
      vertex -10.5665 1.5 -6.09
    endloop
  endfacet
  facet normal 0 -1 0
    outer loop
      vertex -11.171792949974002 -1.5 -5.100445079845109
      vertex -10.575187068890443 -1.5 -6.086210683698017
      vertex -10.575187068890443 -1.5 -3.8743529034660105
    endloop
  endfacet
  facet normal -0.6427876096865385 -2.2731111400747568e-18 -0.7660444431189788
    outer loop
      vertex -10.993186754817271 -1.5 -5.735467301404597
      vertex -10.575187068890443 1.5 -6.086210683698017
      vertex -10.575187068890443 -1.5 -6.086210683698017
    endloop
  endfacet
  facet normal -0.6427876096865331 -2.971859070068476e-20 -0.7660444431189832
    outer loop
      vertex -10.57067113757408 -1.5 -6.09
      vertex -10.5665 1.5 -6.0935
      vertex -10.5665 -1.5 -6.0935
    endloop
  endfacet
  facet normal 1 0 0
    outer loop
      vertex -10.5665 -1.5 -6.0935
      vertex -10.5665 1.5 -6.09
      vertex -10.5665 -1.5 -6.09
    endloop
  endfacet
  facet normal -1 0 0
    outer loop
      vertex -10.575187068890443 -3.5805 -3.6999999999999997
      vertex -10.575187068890443 3.5805 -3.6999999999999997
      vertex -10.575187068890443 -1.5 -3.8743529034660105
    endloop
  endfacet
  facet normal 1 0 0
    outer loop
      vertex -9.8565 -3.5805 -6.09
      vertex -9.8565 3.5805 -3.6999999999999997
      vertex -9.8565 -3.5805 -3.6999999999999997
    endloop
  endfacet
  facet normal 0 0 1
    outer loop
      vertex -10.575187068890443 -3.5805 -3.6999999999999997
      vertex -9.8565 -3.5805 -3.6999999999999997
      vertex -9.8565 3.5805 -3.6999999999999997
    endloop
  endfacet
  facet normal -0.8944534179856024 -1.709672427304095e-16 -0.4471611376829089
    outer loop
      vertex -10.575187068890443 -4.380385908567001 -1.8699999999999992
      vertex -11.510049981427828 -4.767618805899597 0
      vertex -11.51004998142783 4.767618805899597 0
    endloop
  endfacet
  facet normal -1 0 0
    outer loop
      vertex -10.575187068890443 -3.5805 -2.6999999999999997
      vertex -10.575187068890443 -4.380385908567001 -1.8699999999999992
      vertex -10.575187068890443 4.380385908567 -1.8699999999999992
    endloop
  endfacet
  facet normal 0 0 -1
    outer loop
      vertex -10.575187068890443 -3.5805 -2.6999999999999997
      vertex -9.8565 3.5805 -2.6999999999999997
      vertex -9.8565 -3.5805 -2.6999999999999997
    endloop
  endfacet
  facet normal 0 0 -1
    outer loop
      vertex -9.8565 -3.5805 -2.6999999999999997
      vertex -9.8565 3.5805 -2.6999999999999997
      vertex -9.0565 -3.5805 -2.6999999999999997
    endloop
  endfacet
  facet normal 0 0 -1
    outer loop
      vertex -10.575187068890443 -4.380385908567001 -6.09
      vertex -9.8565 -3.5805 -6.09
      vertex -4.380385908567 -10.575187068890443 -6.09
    endloop
  endfacet
  facet normal 0 1 0
    outer loop
      vertex -9.8565 -3.5805 -3.6999999999999997
      vertex -9.0565 -3.5805 -2.6999999999999997
      vertex -9.0565 -3.5805 -6.09
    endloop
  endfacet
  facet normal 0 0 -1
    outer loop
      vertex -9.8565 -3.5805 -6.09
      vertex -9.0565 -3.5805 -6.09
      vertex -4.380385908567 -10.575187068890443 -6.09
    endloop
  endfacet
  facet normal -1 0 0
    outer loop
      vertex -9.0565 -3.5805 -6.09
      vertex -9.0565 -3.5805 -2.6999999999999997
      vertex -9.0565 3.5805 -6.09
    endloop
  endfacet
  facet normal 0 0 -1
    outer loop
      vertex -4.380385908567 -10.575187068890443 -6.09
      vertex -3.5805 -9.8565 -6.09
      vertex -1.5 -10.5665 -6.09
    endloop
  endfacet
  facet normal 0 0 -1
    outer loop
      vertex -4.380385908567 -10.575187068890443 -6.09
      vertex -3.5805 -9.0565 -6.09
      vertex -3.5805 -9.8565 -6.09
    endloop
  endfacet
  facet normal 0 -1 0
    outer loop
      vertex -4.380385908567 -10.575187068890443 -6.09
      vertex -3.5805 -10.575187068890443 -2.6999999999999997
      vertex -4.380385908567 -10.575187068890443 -1.8699999999999992
    endloop
  endfacet
  facet normal 0 -1 0
    outer loop
      vertex -4.380385908567 -10.575187068890443 -6.09
      vertex -3.5805 -10.575187068890443 -3.6999999999999997
      vertex -3.5805 -10.575187068890443 -2.6999999999999997
    endloop
  endfacet
  facet normal 0 -1 0
    outer loop
      vertex -4.380385908567 -10.575187068890443 -6.09
      vertex -1.5 -10.575187068890443 -3.8743529034660105
      vertex -3.5805 -10.575187068890443 -3.6999999999999997
    endloop
  endfacet
  facet normal 1 0 0
    outer loop
      vertex -3.5805 -10.575187068890443 -3.6999999999999997
      vertex -3.5805 -9.8565 -3.6999999999999997
      vertex -3.5805 -10.575187068890443 -2.6999999999999997
    endloop
  endfacet
  facet normal 1 0 0
    outer loop
      vertex -3.5805 -9.8565 -6.09
      vertex -3.5805 -9.0565 -2.6999999999999997
      vertex -3.5805 -9.8565 -3.6999999999999997
    endloop
  endfacet
  facet normal 1 0 0
    outer loop
      vertex -3.5805 -9.8565 -3.6999999999999997
      vertex -3.5805 -9.8565 -2.6999999999999997
      vertex -3.5805 -10.575187068890443 -2.6999999999999997
    endloop
  endfacet
  facet normal 1 0 0
    outer loop
      vertex -3.5805 -9.8565 -3.6999999999999997
      vertex -3.5805 -9.0565 -2.6999999999999997
      vertex -3.5805 -9.8565 -2.6999999999999997
    endloop
  endfacet
  facet normal 1 0 0
    outer loop
      vertex -3.5805 -9.8565 -6.09
      vertex -3.5805 -9.0565 -6.09
      vertex -3.5805 -9.0565 -2.6999999999999997
    endloop
  endfacet
  facet normal 0 0 -1
    outer loop
      vertex -4.380385908567 -10.575187068890443 -6.09
      vertex -1.5 -10.5665 -6.09
      vertex -1.5 -10.57067113757408 -6.09
    endloop
  endfacet
  facet normal 0 -1 0
    outer loop
      vertex -4.380385908567 -10.575187068890443 -6.09
      vertex -1.5 -10.575187068890443 -6.086210683698017
      vertex -1.5 -10.575187068890443 -3.8743529034660105
    endloop
  endfacet
  facet normal -1 0 0
    outer loop
      vertex -1.5 -11.137229824296103 -5.535115592028307
      vertex -1.5 -11.171792949974002 -5.352445079845108
      vertex -1.5 -11.110903736659116 -5.5915720691557675
    endloop
  endfacet
  facet normal -1 0 0
    outer loop
      vertex -1.5 -11.137229824296103 -5.535115592028307
      vertex -1.5 -11.15633159308854 -5.4758237786902555
      vertex -1.5 -11.171792949974002 -5.352445079845108
    endloop
  endfacet
  facet normal -1 0 0
    outer loop
      vertex -1.5 -11.15633159308854 -5.4758237786902555
      vertex -1.5 -11.167912553274087 -5.414616932168851
      vertex -1.5 -11.171792949974002 -5.352445079845108
    endloop
  endfacet
  facet normal -1 0 0
    outer loop
      vertex -1.5 -11.038318885888915 -5.692531448730568
      vertex -1.5 -11.171792949974002 -5.352445079845108
      vertex -1.5 -10.993186754817271 -5.735467301404597
    endloop
  endfacet
  facet normal -1 0 0
    outer loop
      vertex -1.5 -11.038318885888915 -5.692531448730568
      vertex -1.5 -11.07776195283193 -5.644316915962504
      vertex -1.5 -11.171792949974002 -5.352445079845108
    endloop
  endfacet
  facet normal -1 0 0
    outer loop
      vertex -1.5 -11.110903736659116 -5.5915720691557675
      vertex -1.5 -11.171792949974002 -5.352445079845108
      vertex -1.5 -11.07776195283193 -5.644316915962504
    endloop
  endfacet
  facet normal -1 0 0
    outer loop
      vertex -1.5 -10.993186754817271 -5.735467301404597
      vertex -1.5 -11.171792949974002 -5.352445079845108
      vertex -1.5 -11.171792949974002 -5.100445079845109
    endloop
  endfacet
  facet normal 5.20260170885762e-19 -0.951824039861323 -0.30664474093333255
    outer loop
      vertex -1.5 -11.137229824296103 -5.535115592028307
      vertex 1.5 -11.15633159308854 -5.4758237786902555
      vertex -1.5 -11.15633159308854 -5.4758237786902555
    endloop
  endfacet
  facet normal 1.1849917473075106e-19 -0.9825664732332873 -0.18591160716291988
    outer loop
      vertex -1.5 -11.15633159308854 -5.4758237786902555
      vertex 1.5 -11.167912553274087 -5.414616932168851
      vertex -1.5 -11.167912553274087 -5.414616932168851
    endloop
  endfacet
  facet normal 0 -0.8467241992282811 -0.5320320765153413
    outer loop
      vertex -1.5 -11.110903736659116 -5.5915720691557675
      vertex -1.5 -11.07776195283193 -5.644316915962504
      vertex 1.5 -11.110903736659116 -5.5915720691557675
    endloop
  endfacet
  facet normal -4.789406184853367e-19 -0.7739981082662236 -0.6331879092341445
    outer loop
      vertex -1.5 -11.038318885888915 -5.692531448730568
      vertex 1.5 -11.07776195283193 -5.644316915962504
      vertex -1.5 -11.07776195283193 -5.644316915962504
    endloop
  endfacet
  facet normal 5.384989096415046e-19 -0.6892583384839489 -0.7245156608592709
    outer loop
      vertex -1.5 -11.038318885888915 -5.692531448730568
      vertex -1.5 -10.993186754817271 -5.735467301404597
      vertex 1.5 -10.993186754817271 -5.735467301404597
    endloop
  endfacet
  facet normal 0 -0.9063077870366556 -0.42261826174068723
    outer loop
      vertex -1.5 -11.137229824296103 -5.535115592028307
      vertex -1.5 -11.110903736659116 -5.5915720691557675
      vertex 1.5 -11.137229824296103 -5.535115592028307
    endloop
  endfacet
  facet normal -1.7963141809765866e-20 -0.9980579158045314 -0.06229283024485769
    outer loop
      vertex -1.5 -11.167912553274087 -5.414616932168851
      vertex 1.5 -11.171792949974002 -5.352445079845108
      vertex -1.5 -11.171792949974002 -5.352445079845108
    endloop
  endfacet
  facet normal 0 -1 0
    outer loop
      vertex -1.5 -11.171792949974002 -5.352445079845108
      vertex 1.5 -11.171792949974002 -5.100445079845109
      vertex -1.5 -11.171792949974002 -5.100445079845109
    endloop
  endfacet
  facet normal -1 0 0
    outer loop
      vertex -1.5 -10.57067113757408 -6.09
      vertex -1.5 -10.5665 -6.09
      vertex -1.5 -10.5665 -6.0935
    endloop
  endfacet
  facet normal 0 -1 0
    outer loop
      vertex -4.380385908567 -10.575187068890443 -6.09
      vertex 1.5 -10.575187068890443 -6.086210683698017
      vertex -1.5 -10.575187068890443 -6.086210683698017
    endloop
  endfacet
  facet normal 0 0 -1
    outer loop
      vertex -4.380385908567 -10.575187068890443 -6.09
      vertex -1.5 -10.57067113757408 -6.09
      vertex 1.5 -10.57067113757408 -6.09
    endloop
  endfacet
  facet normal -1 0 0
    outer loop
      vertex -1.5 -10.993186754817271 -5.735467301404597
      vertex -1.5 -10.575187068890443 -3.8743529034660105
      vertex -1.5 -10.575187068890443 -6.086210683698017
    endloop
  endfacet
  facet normal -1 0 0
    outer loop
      vertex -1.5 -10.993186754817271 -5.735467301404597
      vertex -1.5 -11.171792949974002 -5.100445079845109
      vertex -1.5 -10.575187068890443 -3.8743529034660105
    endloop
  endfacet
  facet normal 0 1 0
    outer loop
      vertex -3.5805 -9.8565 -6.09
      vertex -3.5805 -9.8565 -3.6999999999999997
      vertex 3.5805 -9.8565 -6.09
    endloop
  endfacet
  facet normal 0 -0.6427876096865385 -0.7660444431189788
    outer loop
      vertex -1.5 -10.993186754817271 -5.735467301404597
      vertex -1.5 -10.575187068890443 -6.086210683698017
      vertex 1.5 -10.993186754817271 -5.735467301404597
    endloop
  endfacet
  facet normal 0 -0.6427876096865331 -0.7660444431189832
    outer loop
      vertex -1.5 -10.57067113757408 -6.09
      vertex -1.5 -10.5665 -6.0935
      vertex 1.5 -10.57067113757408 -6.09
    endloop
  endfacet
  facet normal 0 1 0
    outer loop
      vertex -1.5 -10.5665 -6.09
      vertex 1.5 -10.5665 -6.0935
      vertex -1.5 -10.5665 -6.0935
    endloop
  endfacet
  facet normal 0 0 -1
    outer loop
      vertex -3.5805 -9.8565 -6.09
      vertex 3.5805 -9.8565 -6.09
      vertex -1.5 -10.5665 -6.09
    endloop
  endfacet
  facet normal 0 -1 0
    outer loop
      vertex -3.5805 -10.575187068890443 -3.6999999999999997
      vertex -1.5 -10.575187068890443 -3.8743529034660105
      vertex 1.5 -10.575187068890443 -3.8743529034660105
    endloop
  endfacet
  facet normal 0 0 1
    outer loop
      vertex -3.5805 -10.575187068890443 -3.6999999999999997
      vertex 3.5805 -10.575187068890443 -3.6999999999999997
      vertex -3.5805 -9.8565 -3.6999999999999997
    endloop
  endfacet
  facet normal -5.9697115854605125e-18 -0.8991979823426896 0.4375419849006906
    outer loop
      vertex -1.5 -11.171792949974002 -5.100445079845109
      vertex 1.5 -10.575187068890443 -3.8743529034660105
      vertex -1.5 -10.575187068890443 -3.8743529034660105
    endloop
  endfacet
  facet normal 0 -0.8944534179856021 -0.44716113768290955
    outer loop
      vertex -4.380385908567 -10.575187068890443 -1.8699999999999992
      vertex 4.380385908567001 -10.575187068890443 -1.8699999999999992
      vertex -4.767618805899598 -11.51004998142783 0
    endloop
  endfacet
  facet normal 0 0 -1
    outer loop
      vertex -3.5805 -10.575187068890443 -2.6999999999999997
      vertex -3.5805 -9.8565 -2.6999999999999997
      vertex 3.5805 -10.575187068890443 -2.6999999999999997
    endloop
  endfacet
  facet normal 0 -1 0
    outer loop
      vertex -3.5805 -10.575187068890443 -2.6999999999999997
      vertex 3.5805 -10.575187068890443 -2.6999999999999997
      vertex -4.380385908567 -10.575187068890443 -1.8699999999999992
    endloop
  endfacet
  facet normal 0 -1 0
    outer loop
      vertex -3.5805 -9.0565 -6.09
      vertex 3.5805 -9.0565 -2.6999999999999997
      vertex -3.5805 -9.0565 -2.6999999999999997
    endloop
  endfacet
  facet normal 0 0 -1
    outer loop
      vertex -3.5805 -9.8565 -2.6999999999999997
      vertex -3.5805 -9.0565 -2.6999999999999997
      vertex 3.5805 -9.0565 -2.6999999999999997
    endloop
  endfacet
  facet normal 0 0 -1
    outer loop
      vertex -9.0565 -3.5805 -6.09
      vertex -4.380385908567001 10.575187068890443 -6.09
      vertex -4.380385908567 -10.575187068890443 -6.09
    endloop
  endfacet
  facet normal 0 0 -1
    outer loop
      vertex -4.380385908567 -10.575187068890443 -6.09
      vertex 4.380385908567 10.575187068890443 -6.09
      vertex -3.5805 -9.0565 -6.09
    endloop
  endfacet
  facet normal -0.951824039861323 0 -0.30664474093333255
    outer loop
      vertex -11.137229824296103 -1.5 -5.535115592028307
      vertex -11.15633159308854 1.5 -5.4758237786902555
      vertex -11.137229824296103 1.5 -5.535115592028307
    endloop
  endfacet
  facet normal -0.9825664732332873 0 -0.18591160716291988
    outer loop
      vertex -11.15633159308854 -1.5 -5.4758237786902555
      vertex -11.167912553274087 1.5 -5.414616932168851
      vertex -11.15633159308854 1.5 -5.4758237786902555
    endloop
  endfacet
  facet normal -0.7739981082662236 0 -0.6331879092341445
    outer loop
      vertex -11.038318885888915 -1.5 -5.692531448730568
      vertex -11.07776195283193 1.5 -5.644316915962504
      vertex -11.038318885888915 1.5 -5.692531448730568
    endloop
  endfacet
  facet normal -0.8467241992282811 0 -0.5320320765153413
    outer loop
      vertex -11.07776195283193 -1.5 -5.644316915962504
      vertex -11.110903736659116 1.5 -5.5915720691557675
      vertex -11.07776195283193 1.5 -5.644316915962504
    endloop
  endfacet
  facet normal -0.6892583384839489 0 -0.7245156608592709
    outer loop
      vertex -11.038318885888915 -1.5 -5.692531448730568
      vertex -11.038318885888915 1.5 -5.692531448730568
      vertex -10.993186754817271 1.5 -5.735467301404597
    endloop
  endfacet
  facet normal -0.9063077870366556 0 -0.42261826174068723
    outer loop
      vertex -11.110903736659116 -1.5 -5.5915720691557675
      vertex -11.137229824296103 1.5 -5.535115592028307
      vertex -11.110903736659116 1.5 -5.5915720691557675
    endloop
  endfacet
  facet normal -0.9980579158045314 0 -0.06229283024485769
    outer loop
      vertex -11.167912553274087 -1.5 -5.414616932168851
      vertex -11.171792949974002 1.5 -5.352445079845108
      vertex -11.167912553274087 1.5 -5.414616932168851
    endloop
  endfacet
  facet normal -1 0 0
    outer loop
      vertex -11.171792949974002 -1.5 -5.352445079845108
      vertex -11.171792949974002 1.5 -5.100445079845109
      vertex -11.171792949974002 1.5 -5.352445079845108
    endloop
  endfacet
  facet normal 0 1 0
    outer loop
      vertex -11.038318885888915 1.5 -5.692531448730568
      vertex -11.07776195283193 1.5 -5.644316915962504
      vertex -10.993186754817271 1.5 -5.735467301404597
    endloop
  endfacet
  facet normal 0 1 0
    outer loop
      vertex -11.137229824296103 1.5 -5.535115592028307
      vertex -11.15633159308854 1.5 -5.4758237786902555
      vertex -10.993186754817271 1.5 -5.735467301404597
    endloop
  endfacet
  facet normal 0 1 0
    outer loop
      vertex -11.110903736659116 1.5 -5.5915720691557675
      vertex -10.993186754817271 1.5 -5.735467301404597
      vertex -11.07776195283193 1.5 -5.644316915962504
    endloop
  endfacet
  facet normal 0 1 0
    outer loop
      vertex -11.137229824296103 1.5 -5.535115592028307
      vertex -10.993186754817271 1.5 -5.735467301404597
      vertex -11.110903736659116 1.5 -5.5915720691557675
    endloop
  endfacet
  facet normal 0 1 0
    outer loop
      vertex -11.15633159308854 1.5 -5.4758237786902555
      vertex -11.167912553274087 1.5 -5.414616932168851
      vertex -10.993186754817271 1.5 -5.735467301404597
    endloop
  endfacet
  facet normal 0 1 0
    outer loop
      vertex -11.167912553274087 1.5 -5.414616932168851
      vertex -11.171792949974002 1.5 -5.352445079845108
      vertex -10.993186754817271 1.5 -5.735467301404597
    endloop
  endfacet
  facet normal 0 1 0
    outer loop
      vertex -10.993186754817271 1.5 -5.735467301404597
      vertex -11.171792949974002 1.5 -5.352445079845108
      vertex -11.171792949974002 1.5 -5.100445079845109
    endloop
  endfacet
  facet normal -0.6427876096865385 0 -0.7660444431189788
    outer loop
      vertex -10.993186754817271 -1.5 -5.735467301404597
      vertex -10.993186754817271 1.5 -5.735467301404597
      vertex -10.575187068890443 1.5 -6.086210683698017
    endloop
  endfacet
  facet normal 0 0 -1
    outer loop
      vertex -10.575187068890443 -4.380385908567001 -6.09
      vertex -10.575187068890443 4.380385908567 -6.09
      vertex -10.57067113757408 1.5 -6.09
    endloop
  endfacet
  facet normal -1 0 0
    outer loop
      vertex -10.575187068890443 -4.380385908567001 -6.09
      vertex -10.575187068890443 1.5 -6.086210683698017
      vertex -10.575187068890443 4.380385908567 -6.09
    endloop
  endfacet
  facet normal -0.6427876096865331 0 -0.7660444431189832
    outer loop
      vertex -10.57067113757408 -1.5 -6.09
      vertex -10.57067113757408 1.5 -6.09
      vertex -10.5665 1.5 -6.0935
    endloop
  endfacet
  facet normal 1 0 0
    outer loop
      vertex -10.5665 -1.5 -6.0935
      vertex -10.5665 1.5 -6.0935
      vertex -10.5665 1.5 -6.09
    endloop
  endfacet
  facet normal 0 0 -1
    outer loop
      vertex -9.8565 -3.5805 -6.09
      vertex -10.5665 1.5 -6.09
      vertex -10.575187068890443 4.380385908567 -6.09
    endloop
  endfacet
  facet normal 0 1 0
    outer loop
      vertex -10.57067113757408 1.5 -6.09
      vertex -10.5665 1.5 -6.09
      vertex -10.5665 1.5 -6.0935
    endloop
  endfacet
  facet normal 0 1 0
    outer loop
      vertex -10.993186754817271 1.5 -5.735467301404597
      vertex -10.575187068890443 1.5 -3.8743529034660105
      vertex -10.575187068890443 1.5 -6.086210683698017
    endloop
  endfacet
  facet normal 0 1 0
    outer loop
      vertex -10.993186754817271 1.5 -5.735467301404597
      vertex -11.171792949974002 1.5 -5.100445079845109
      vertex -10.575187068890443 1.5 -3.8743529034660105
    endloop
  endfacet
  facet normal 0 0 -1
    outer loop
      vertex -9.8565 -3.5805 -6.09
      vertex -10.575187068890443 4.380385908567 -6.09
      vertex -9.8565 3.5805 -6.09
    endloop
  endfacet
  facet normal 1 0 0
    outer loop
      vertex -9.8565 -3.5805 -6.09
      vertex -9.8565 3.5805 -6.09
      vertex -9.8565 3.5805 -3.6999999999999997
    endloop
  endfacet
  facet normal -0.8991979823426896 0 0.4375419849006906
    outer loop
      vertex -10.575187068890443 -1.5 -3.8743529034660105
      vertex -10.575187068890443 1.5 -3.8743529034660105
      vertex -11.171792949974002 1.5 -5.100445079845109
    endloop
  endfacet
  facet normal -1 0 0
    outer loop
      vertex -10.575187068890443 -1.5 -3.8743529034660105
      vertex -10.575187068890443 3.5805 -3.6999999999999997
      vertex -10.575187068890443 1.5 -3.8743529034660105
    endloop
  endfacet
  facet normal 0 0 1
    outer loop
      vertex -10.575187068890443 -3.5805 -3.6999999999999997
      vertex -9.8565 3.5805 -3.6999999999999997
      vertex -10.575187068890443 3.5805 -3.6999999999999997
    endloop
  endfacet
  facet normal 0 0 -1
    outer loop
      vertex -10.57067113757408 1.5 -6.09
      vertex -10.575187068890443 4.380385908567 -6.09
      vertex -10.5665 1.5 -6.09
    endloop
  endfacet
  facet normal -1 0 0
    outer loop
      vertex -10.575187068890443 1.5 -6.086210683698017
      vertex -10.575187068890443 1.5 -3.8743529034660105
      vertex -10.575187068890443 4.380385908567 -6.09
    endloop
  endfacet
  facet normal 0 0 -1
    outer loop
      vertex -10.575187068890443 -3.5805 -2.6999999999999997
      vertex -10.575187068890443 3.5805 -2.6999999999999997
      vertex -9.8565 3.5805 -2.6999999999999997
    endloop
  endfacet
  facet normal -1 0 0
    outer loop
      vertex -10.575187068890443 -3.5805 -2.6999999999999997
      vertex -10.575187068890443 4.380385908567 -1.8699999999999992
      vertex -10.575187068890443 3.5805 -2.6999999999999997
    endloop
  endfacet
  facet normal -0.8944534179856021 0 -0.44716113768290955
    outer loop
      vertex -10.575187068890443 -4.380385908567001 -1.8699999999999992
      vertex -11.51004998142783 4.767618805899597 0
      vertex -10.575187068890443 4.380385908567 -1.8699999999999992
    endloop
  endfacet
  facet normal -1 0 0
    outer loop
      vertex -10.575187068890443 1.5 -3.8743529034660105
      vertex -10.575187068890443 3.5805 -3.6999999999999997
      vertex -10.575187068890443 4.380385908567 -6.09
    endloop
  endfacet
  facet normal -1 0 0
    outer loop
      vertex -10.575187068890443 4.380385908567 -6.09
      vertex -10.575187068890443 3.5805 -3.6999999999999997
      vertex -10.575187068890443 3.5805 -2.6999999999999997
    endloop
  endfacet
  facet normal 0 -1 0
    outer loop
      vertex -10.575187068890443 3.5805 -3.6999999999999997
      vertex -9.8565 3.5805 -3.6999999999999997
      vertex -10.575187068890443 3.5805 -2.6999999999999997
    endloop
  endfacet
  facet normal -1 0 0
    outer loop
      vertex -10.575187068890443 4.380385908567 -6.09
      vertex -10.575187068890443 3.5805 -2.6999999999999997
      vertex -10.575187068890443 4.380385908567 -1.8699999999999992
    endloop
  endfacet
  facet normal 0 -1 0
    outer loop
      vertex -9.8565 3.5805 -6.09
      vertex -9.0565 3.5805 -2.6999999999999997
      vertex -9.8565 3.5805 -3.6999999999999997
    endloop
  endfacet
  facet normal 0 -1 0
    outer loop
      vertex -9.8565 3.5805 -3.6999999999999997
      vertex -9.8565 3.5805 -2.6999999999999997
      vertex -10.575187068890443 3.5805 -2.6999999999999997
    endloop
  endfacet
  facet normal 0 -1 0
    outer loop
      vertex -9.8565 3.5805 -3.6999999999999997
      vertex -9.0565 3.5805 -2.6999999999999997
      vertex -9.8565 3.5805 -2.6999999999999997
    endloop
  endfacet
  facet normal -1 0 0
    outer loop
      vertex -9.0565 -3.5805 -2.6999999999999997
      vertex -9.0565 3.5805 -2.6999999999999997
      vertex -9.0565 3.5805 -6.09
    endloop
  endfacet
  facet normal 0 0 -1
    outer loop
      vertex -9.0565 -3.5805 -2.6999999999999997
      vertex -9.8565 3.5805 -2.6999999999999997
      vertex -9.0565 3.5805 -2.6999999999999997
    endloop
  endfacet
  facet normal 0 -1 0
    outer loop
      vertex -9.8565 3.5805 -6.09
      vertex -9.0565 3.5805 -6.09
      vertex -9.0565 3.5805 -2.6999999999999997
    endloop
  endfacet
  facet normal 0 0 -1
    outer loop
      vertex -10.575187068890443 4.380385908567 -6.09
      vertex -4.380385908567001 10.575187068890443 -6.09
      vertex -9.8565 3.5805 -6.09
    endloop
  endfacet
  facet normal 0 0 -1
    outer loop
      vertex -9.0565 -3.5805 -6.09
      vertex -9.0565 3.5805 -6.09
      vertex -4.380385908567001 10.575187068890443 -6.09
    endloop
  endfacet
  facet normal 0 0 -1
    outer loop
      vertex -9.8565 3.5805 -6.09
      vertex -4.380385908567001 10.575187068890443 -6.09
      vertex -9.0565 3.5805 -6.09
    endloop
  endfacet
  facet normal -0.7071067811865477 0.7071067811865476 4.647349695996826e-17
    outer loop
      vertex -10.575187068890443 4.380385908567 -6.09
      vertex -4.380385908567001 10.575187068890443 -1.8699999999999992
      vertex -4.380385908567001 10.575187068890443 -6.09
    endloop
  endfacet
  facet normal -0.7071067811865477 0.7071067811865476 0
    outer loop
      vertex -10.575187068890443 4.380385908567 -6.09
      vertex -10.575187068890443 4.380385908567 -1.8699999999999992
      vertex -4.380385908567001 10.575187068890443 -1.8699999999999992
    endloop
  endfacet
  facet normal -0.6324740773131046 0.6324740773131047 -0.44716113768290944
    outer loop
      vertex -10.575187068890443 4.380385908567 -1.8699999999999992
      vertex -11.51004998142783 4.767618805899597 0
      vertex -4.767618805899597 11.510049981427828 0
    endloop
  endfacet
  facet normal -0.632474077313105 0.6324740773131049 -0.44716113768290877
    outer loop
      vertex -10.575187068890443 4.380385908567 -1.8699999999999992
      vertex -4.767618805899597 11.510049981427828 0
      vertex -4.380385908567001 10.575187068890443 -1.8699999999999992
    endloop
  endfacet
  facet normal 0 0 -1
    outer loop
      vertex -4.380385908567 -10.575187068890443 -6.09
      vertex -3.5805 9.8565 -6.09
      vertex -3.5805 9.0565 -6.09
    endloop
  endfacet
  facet normal 0 0 -1
    outer loop
      vertex -4.380385908567 -10.575187068890443 -6.09
      vertex -4.380385908567001 10.575187068890443 -6.09
      vertex -3.5805 9.8565 -6.09
    endloop
  endfacet
  facet normal 0 0 -1
    outer loop
      vertex -4.380385908567 -10.575187068890443 -6.09
      vertex -3.5805 9.0565 -6.09
      vertex 3.5805 9.0565 -6.09
    endloop
  endfacet
  facet normal 1 0 0
    outer loop
      vertex -3.5805 9.0565 -6.09
      vertex -3.5805 9.8565 -3.6999999999999997
      vertex -3.5805 9.0565 -2.6999999999999997
    endloop
  endfacet
  facet normal 1 0 0
    outer loop
      vertex -3.5805 9.0565 -6.09
      vertex -3.5805 9.8565 -6.09
      vertex -3.5805 9.8565 -3.6999999999999997
    endloop
  endfacet
  facet normal 0 0 -1
    outer loop
      vertex -4.380385908567001 10.575187068890443 -6.09
      vertex -1.5 10.5665 -6.09
      vertex -3.5805 9.8565 -6.09
    endloop
  endfacet
  facet normal 0 1 0
    outer loop
      vertex -4.380385908567001 10.575187068890443 -6.09
      vertex -4.380385908567001 10.575187068890443 -1.8699999999999992
      vertex -3.5805 10.575187068890443 -3.6999999999999997
    endloop
  endfacet
  facet normal 1 0 0
    outer loop
      vertex -3.5805 9.8565 -3.6999999999999997
      vertex -3.5805 10.575187068890443 -3.6999999999999997
      vertex -3.5805 9.8565 -2.6999999999999997
    endloop
  endfacet
  facet normal 0 1 0
    outer loop
      vertex -4.380385908567001 10.575187068890443 -6.09
      vertex -3.5805 10.575187068890443 -3.6999999999999997
      vertex -1.5 10.575187068890443 -3.8743529034660105
    endloop
  endfacet
  facet normal 1 0 0
    outer loop
      vertex -3.5805 9.0565 -2.6999999999999997
      vertex -3.5805 9.8565 -3.6999999999999997
      vertex -3.5805 9.8565 -2.6999999999999997
    endloop
  endfacet
  facet normal 1 0 0
    outer loop
      vertex -3.5805 10.575187068890443 -3.6999999999999997
      vertex -3.5805 10.575187068890443 -2.6999999999999997
      vertex -3.5805 9.8565 -2.6999999999999997
    endloop
  endfacet
  facet normal 0 1 0
    outer loop
      vertex -3.5805 10.575187068890443 -3.6999999999999997
      vertex -4.380385908567001 10.575187068890443 -1.8699999999999992
      vertex -3.5805 10.575187068890443 -2.6999999999999997
    endloop
  endfacet
  facet normal 0 1 0
    outer loop
      vertex -3.5805 9.0565 -6.09
      vertex -3.5805 9.0565 -2.6999999999999997
      vertex 3.5805 9.0565 -6.09
    endloop
  endfacet
  facet normal 0 0 -1
    outer loop
      vertex -4.380385908567001 10.575187068890443 -6.09
      vertex -1.5 10.57067113757408 -6.09
      vertex -1.5 10.5665 -6.09
    endloop
  endfacet
  facet normal 0 1 0
    outer loop
      vertex -4.380385908567001 10.575187068890443 -6.09
      vertex -1.5 10.575187068890443 -3.8743529034660105
      vertex -1.5 10.575187068890443 -6.086210683698017
    endloop
  endfacet
  facet normal 0 0 -1
    outer loop
      vertex -3.5805 9.8565 -6.09
      vertex -1.5 10.5665 -6.09
      vertex 1.5 10.5665 -6.09
    endloop
  endfacet
  facet normal -1 0 0
    outer loop
      vertex -1.5 10.5665 -6.0935
      vertex -1.5 10.5665 -6.09
      vertex -1.5 10.57067113757408 -6.09
    endloop
  endfacet
  facet normal -1 0 0
    outer loop
      vertex -1.5 10.575187068890443 -6.086210683698017
      vertex -1.5 11.171792949974002 -5.100445079845109
      vertex -1.5 10.993186754817271 -5.735467301404597
    endloop
  endfacet
  facet normal -1 0 0
    outer loop
      vertex -1.5 10.575187068890443 -6.086210683698017
      vertex -1.5 10.575187068890443 -3.8743529034660105
      vertex -1.5 11.171792949974002 -5.100445079845109
    endloop
  endfacet
  facet normal 0 -1 0
    outer loop
      vertex -1.5 10.5665 -6.0935
      vertex 1.5 10.5665 -6.09
      vertex -1.5 10.5665 -6.09
    endloop
  endfacet
  facet normal 0 0.6427876096865331 -0.7660444431189832
    outer loop
      vertex -1.5 10.5665 -6.0935
      vertex -1.5 10.57067113757408 -6.09
      vertex 1.5 10.5665 -6.0935
    endloop
  endfacet
  facet normal 0 0 -1
    outer loop
      vertex -4.380385908567001 10.575187068890443 -6.09
      vertex 4.380385908567 10.575187068890443 -6.09
      vertex -1.5 10.57067113757408 -6.09
    endloop
  endfacet
  facet normal 0 1 0
    outer loop
      vertex -4.380385908567001 10.575187068890443 -6.09
      vertex -1.5 10.575187068890443 -6.086210683698017
      vertex 4.380385908567 10.575187068890443 -6.09
    endloop
  endfacet
  facet normal 0 0.6427876096865385 -0.7660444431189788
    outer loop
      vertex -1.5 10.575187068890443 -6.086210683698017
      vertex -1.5 10.993186754817271 -5.735467301404597
      vertex 1.5 10.575187068890443 -6.086210683698017
    endloop
  endfacet
  facet normal 0 -1 0
    outer loop
      vertex -3.5805 9.8565 -6.09
      vertex 3.5805 9.8565 -3.6999999999999997
      vertex -3.5805 9.8565 -3.6999999999999997
    endloop
  endfacet
  facet normal 0 0 1
    outer loop
      vertex -3.5805 9.8565 -3.6999999999999997
      vertex 3.5805 9.8565 -3.6999999999999997
      vertex -3.5805 10.575187068890443 -3.6999999999999997
    endloop
  endfacet
  facet normal 0 1 0
    outer loop
      vertex -3.5805 10.575187068890443 -3.6999999999999997
      vertex 3.5805 10.575187068890443 -3.6999999999999997
      vertex -1.5 10.575187068890443 -3.8743529034660105
    endloop
  endfacet
  facet normal -1 0 0
    outer loop
      vertex -1.5 10.993186754817271 -5.735467301404597
      vertex -1.5 11.07776195283193 -5.644316915962504
      vertex -1.5 11.038318885888915 -5.692531448730568
    endloop
  endfacet
  facet normal -1 0 0
    outer loop
      vertex -1.5 10.993186754817271 -5.735467301404597
      vertex -1.5 11.110903736659116 -5.5915720691557675
      vertex -1.5 11.07776195283193 -5.644316915962504
    endloop
  endfacet
  facet normal -1 0 0
    outer loop
      vertex -1.5 10.993186754817271 -5.735467301404597
      vertex -1.5 11.137229824296103 -5.535115592028307
      vertex -1.5 11.110903736659116 -5.5915720691557675
    endloop
  endfacet
  facet normal -1 0 0
    outer loop
      vertex -1.5 10.993186754817271 -5.735467301404597
      vertex -1.5 11.15633159308854 -5.4758237786902555
      vertex -1.5 11.137229824296103 -5.535115592028307
    endloop
  endfacet
  facet normal -1 0 0
    outer loop
      vertex -1.5 10.993186754817271 -5.735467301404597
      vertex -1.5 11.167912553274087 -5.414616932168851
      vertex -1.5 11.15633159308854 -5.4758237786902555
    endloop
  endfacet
  facet normal -1 0 0
    outer loop
      vertex -1.5 10.993186754817271 -5.735467301404597
      vertex -1.5 11.171792949974002 -5.352445079845108
      vertex -1.5 11.167912553274087 -5.414616932168851
    endloop
  endfacet
  facet normal -1 0 0
    outer loop
      vertex -1.5 10.993186754817271 -5.735467301404597
      vertex -1.5 11.171792949974002 -5.100445079845109
      vertex -1.5 11.171792949974002 -5.352445079845108
    endloop
  endfacet
  facet normal -5.384989096415046e-19 0.6892583384839489 -0.7245156608592709
    outer loop
      vertex -1.5 10.993186754817271 -5.735467301404597
      vertex -1.5 11.038318885888915 -5.692531448730568
      vertex 1.5 11.038318885888915 -5.692531448730568
    endloop
  endfacet
  facet normal 0 0.7739981082662236 -0.6331879092341445
    outer loop
      vertex -1.5 11.038318885888915 -5.692531448730568
      vertex -1.5 11.07776195283193 -5.644316915962504
      vertex 1.5 11.038318885888915 -5.692531448730568
    endloop
  endfacet
  facet normal 0 0.8467241992282811 -0.5320320765153413
    outer loop
      vertex -1.5 11.07776195283193 -5.644316915962504
      vertex -1.5 11.110903736659116 -5.5915720691557675
      vertex 1.5 11.07776195283193 -5.644316915962504
    endloop
  endfacet
  facet normal 0 0.9063077870366556 -0.42261826174068723
    outer loop
      vertex -1.5 11.110903736659116 -5.5915720691557675
      vertex -1.5 11.137229824296103 -5.535115592028307
      vertex 1.5 11.110903736659116 -5.5915720691557675
    endloop
  endfacet
  facet normal 0 0.951824039861323 -0.30664474093333255
    outer loop
      vertex -1.5 11.137229824296103 -5.535115592028307
      vertex -1.5 11.15633159308854 -5.4758237786902555
      vertex 1.5 11.137229824296103 -5.535115592028307
    endloop
  endfacet
  facet normal 0 0.9825664732332873 -0.18591160716291988
    outer loop
      vertex -1.5 11.15633159308854 -5.4758237786902555
      vertex -1.5 11.167912553274087 -5.414616932168851
      vertex 1.5 11.15633159308854 -5.4758237786902555
    endloop
  endfacet
  facet normal 0 0.9980579158045314 -0.06229283024485769
    outer loop
      vertex -1.5 11.167912553274087 -5.414616932168851
      vertex -1.5 11.171792949974002 -5.352445079845108
      vertex 1.5 11.167912553274087 -5.414616932168851
    endloop
  endfacet
  facet normal 0 1 0
    outer loop
      vertex -1.5 11.171792949974002 -5.352445079845108
      vertex -1.5 11.171792949974002 -5.100445079845109
      vertex 1.5 11.171792949974002 -5.352445079845108
    endloop
  endfacet
  facet normal 5.9697115854605125e-18 0.8991979823426896 0.4375419849006906
    outer loop
      vertex -1.5 10.575187068890443 -3.8743529034660105
      vertex 1.5 11.171792949974002 -5.100445079845109
      vertex -1.5 11.171792949974002 -5.100445079845109
    endloop
  endfacet
  facet normal 0 0 -1
    outer loop
      vertex -3.5805 9.0565 -2.6999999999999997
      vertex -3.5805 9.8565 -2.6999999999999997
      vertex 3.5805 9.8565 -2.6999999999999997
    endloop
  endfacet
  facet normal 0 0 -1
    outer loop
      vertex -3.5805 9.8565 -2.6999999999999997
      vertex -3.5805 10.575187068890443 -2.6999999999999997
      vertex 3.5805 9.8565 -2.6999999999999997
    endloop
  endfacet
  facet normal 0 1 0
    outer loop
      vertex -3.5805 10.575187068890443 -2.6999999999999997
      vertex -4.380385908567001 10.575187068890443 -1.8699999999999992
      vertex 4.380385908567 10.575187068890443 -1.8699999999999992
    endloop
  endfacet
  facet normal -1.6274077106300394e-16 0.8944534179856022 -0.4471611376829089
    outer loop
      vertex -4.380385908567001 10.575187068890443 -1.8699999999999992
      vertex -4.767618805899597 11.510049981427828 0
      vertex 4.767618805899598 11.51004998142783 0
    endloop
  endfacet
  facet normal 0 -0.951824039861323 -0.30664474093333255
    outer loop
      vertex -1.5 -11.137229824296103 -5.535115592028307
      vertex 1.5 -11.137229824296103 -5.535115592028307
      vertex 1.5 -11.15633159308854 -5.4758237786902555
    endloop
  endfacet
  facet normal 0 -0.9825664732332873 -0.18591160716291988
    outer loop
      vertex -1.5 -11.15633159308854 -5.4758237786902555
      vertex 1.5 -11.15633159308854 -5.4758237786902555
      vertex 1.5 -11.167912553274087 -5.414616932168851
    endloop
  endfacet
  facet normal 0 -0.7739981082662236 -0.6331879092341445
    outer loop
      vertex -1.5 -11.038318885888915 -5.692531448730568
      vertex 1.5 -11.038318885888915 -5.692531448730568
      vertex 1.5 -11.07776195283193 -5.644316915962504
    endloop
  endfacet
  facet normal 0 -0.8467241992282811 -0.5320320765153413
    outer loop
      vertex -1.5 -11.07776195283193 -5.644316915962504
      vertex 1.5 -11.07776195283193 -5.644316915962504
      vertex 1.5 -11.110903736659116 -5.5915720691557675
    endloop
  endfacet
  facet normal 0 -0.6892583384839489 -0.7245156608592709
    outer loop
      vertex -1.5 -11.038318885888915 -5.692531448730568
      vertex 1.5 -10.993186754817271 -5.735467301404597
      vertex 1.5 -11.038318885888915 -5.692531448730568
    endloop
  endfacet
  facet normal 0 -0.9063077870366556 -0.42261826174068723
    outer loop
      vertex -1.5 -11.110903736659116 -5.5915720691557675
      vertex 1.5 -11.110903736659116 -5.5915720691557675
      vertex 1.5 -11.137229824296103 -5.535115592028307
    endloop
  endfacet
  facet normal 0 -0.9980579158045314 -0.06229283024485769
    outer loop
      vertex -1.5 -11.167912553274087 -5.414616932168851
      vertex 1.5 -11.167912553274087 -5.414616932168851
      vertex 1.5 -11.171792949974002 -5.352445079845108
    endloop
  endfacet
  facet normal 0 -1 0
    outer loop
      vertex -1.5 -11.171792949974002 -5.352445079845108
      vertex 1.5 -11.171792949974002 -5.352445079845108
      vertex 1.5 -11.171792949974002 -5.100445079845109
    endloop
  endfacet
  facet normal 1 0 0
    outer loop
      vertex 1.5 -11.137229824296103 -5.535115592028307
      vertex 1.5 -11.110903736659116 -5.5915720691557675
      vertex 1.5 -11.171792949974002 -5.352445079845108
    endloop
  endfacet
  facet normal 1 0 0
    outer loop
      vertex 1.5 -11.137229824296103 -5.535115592028307
      vertex 1.5 -11.171792949974002 -5.352445079845108
      vertex 1.5 -11.15633159308854 -5.4758237786902555
    endloop
  endfacet
  facet normal 1 0 0
    outer loop
      vertex 1.5 -11.15633159308854 -5.4758237786902555
      vertex 1.5 -11.171792949974002 -5.352445079845108
      vertex 1.5 -11.167912553274087 -5.414616932168851
    endloop
  endfacet
  facet normal 1 0 0
    outer loop
      vertex 1.5 -11.038318885888915 -5.692531448730568
      vertex 1.5 -10.993186754817271 -5.735467301404597
      vertex 1.5 -11.171792949974002 -5.352445079845108
    endloop
  endfacet
  facet normal 1 0 0
    outer loop
      vertex 1.5 -11.038318885888915 -5.692531448730568
      vertex 1.5 -11.171792949974002 -5.352445079845108
      vertex 1.5 -11.07776195283193 -5.644316915962504
    endloop
  endfacet
  facet normal 1 0 0
    outer loop
      vertex 1.5 -11.110903736659116 -5.5915720691557675
      vertex 1.5 -11.07776195283193 -5.644316915962504
      vertex 1.5 -11.171792949974002 -5.352445079845108
    endloop
  endfacet
  facet normal 1 0 0
    outer loop
      vertex 1.5 -10.993186754817271 -5.735467301404597
      vertex 1.5 -11.171792949974002 -5.100445079845109
      vertex 1.5 -11.171792949974002 -5.352445079845108
    endloop
  endfacet
  facet normal 0 -0.8991979823426896 0.4375419849006906
    outer loop
      vertex -1.5 -11.171792949974002 -5.100445079845109
      vertex 1.5 -11.171792949974002 -5.100445079845109
      vertex 1.5 -10.575187068890443 -3.8743529034660105
    endloop
  endfacet
  facet normal 0 -0.6427876096865385 -0.7660444431189788
    outer loop
      vertex -1.5 -10.575187068890443 -6.086210683698017
      vertex 1.5 -10.575187068890443 -6.086210683698017
      vertex 1.5 -10.993186754817271 -5.735467301404597
    endloop
  endfacet
  facet normal 0 -1 0
    outer loop
      vertex -4.380385908567 -10.575187068890443 -6.09
      vertex 4.380385908567001 -10.575187068890443 -6.09
      vertex 1.5 -10.575187068890443 -6.086210683698017
    endloop
  endfacet
  facet normal 0 0 -1
    outer loop
      vertex -4.380385908567 -10.575187068890443 -6.09
      vertex 1.5 -10.57067113757408 -6.09
      vertex 4.380385908567001 -10.575187068890443 -6.09
    endloop
  endfacet
  facet normal 0 -0.6427876096865331 -0.7660444431189832
    outer loop
      vertex -1.5 -10.5665 -6.0935
      vertex 1.5 -10.5665 -6.0935
      vertex 1.5 -10.57067113757408 -6.09
    endloop
  endfacet
  facet normal 0 1 0
    outer loop
      vertex -1.5 -10.5665 -6.09
      vertex 1.5 -10.5665 -6.09
      vertex 1.5 -10.5665 -6.0935
    endloop
  endfacet
  facet normal 1 0 0
    outer loop
      vertex 1.5 -10.57067113757408 -6.09
      vertex 1.5 -10.5665 -6.0935
      vertex 1.5 -10.5665 -6.09
    endloop
  endfacet
  facet normal 1 0 0
    outer loop
      vertex 1.5 -10.993186754817271 -5.735467301404597
      vertex 1.5 -10.575187068890443 -6.086210683698017
      vertex 1.5 -11.171792949974002 -5.100445079845109
    endloop
  endfacet
  facet normal 0 0 -1
    outer loop
      vertex -1.5 -10.5665 -6.09
      vertex 3.5805 -9.8565 -6.09
      vertex 1.5 -10.5665 -6.09
    endloop
  endfacet
  facet normal 1 0 0
    outer loop
      vertex 1.5 -11.171792949974002 -5.100445079845109
      vertex 1.5 -10.575187068890443 -6.086210683698017
      vertex 1.5 -10.575187068890443 -3.8743529034660105
    endloop
  endfacet
  facet normal 0 -1 0
    outer loop
      vertex -3.5805 -10.575187068890443 -3.6999999999999997
      vertex 1.5 -10.575187068890443 -3.8743529034660105
      vertex 3.5805 -10.575187068890443 -3.6999999999999997
    endloop
  endfacet
  facet normal 0 1 0
    outer loop
      vertex -3.5805 -9.8565 -3.6999999999999997
      vertex 3.5805 -9.8565 -3.6999999999999997
      vertex 3.5805 -9.8565 -6.09
    endloop
  endfacet
  facet normal 0 0 1
    outer loop
      vertex -3.5805 -9.8565 -3.6999999999999997
      vertex 3.5805 -10.575187068890443 -3.6999999999999997
      vertex 3.5805 -9.8565 -3.6999999999999997
    endloop
  endfacet
  facet normal 0 0 -1
    outer loop
      vertex 1.5 -10.57067113757408 -6.09
      vertex 1.5 -10.5665 -6.09
      vertex 4.380385908567001 -10.575187068890443 -6.09
    endloop
  endfacet
  facet normal 0 -1 0
    outer loop
      vertex 1.5 -10.575187068890443 -6.086210683698017
      vertex 4.380385908567001 -10.575187068890443 -6.09
      vertex 1.5 -10.575187068890443 -3.8743529034660105
    endloop
  endfacet
  facet normal 1.666312378621316e-16 -0.8944534179856022 -0.447161137682909
    outer loop
      vertex -4.767618805899598 -11.51004998142783 0
      vertex 4.380385908567001 -10.575187068890443 -1.8699999999999992
      vertex 4.767618805899597 -11.510049981427828 0
    endloop
  endfacet
  facet normal 0 -1 0
    outer loop
      vertex -4.380385908567 -10.575187068890443 -1.8699999999999992
      vertex 3.5805 -10.575187068890443 -2.6999999999999997
      vertex 4.380385908567001 -10.575187068890443 -1.8699999999999992
    endloop
  endfacet
  facet normal 0 0 -1
    outer loop
      vertex -3.5805 -9.8565 -2.6999999999999997
      vertex 3.5805 -9.8565 -2.6999999999999997
      vertex 3.5805 -10.575187068890443 -2.6999999999999997
    endloop
  endfacet
  facet normal 0 0 -1
    outer loop
      vertex -3.5805 -9.8565 -2.6999999999999997
      vertex 3.5805 -9.0565 -2.6999999999999997
      vertex 3.5805 -9.8565 -2.6999999999999997
    endloop
  endfacet
  facet normal 0 -1 0
    outer loop
      vertex -3.5805 -9.0565 -6.09
      vertex 3.5805 -9.0565 -6.09
      vertex 3.5805 -9.0565 -2.6999999999999997
    endloop
  endfacet
  facet normal 0 0 -1
    outer loop
      vertex 1.5 -10.5665 -6.09
      vertex 3.5805 -9.8565 -6.09
      vertex 4.380385908567001 -10.575187068890443 -6.09
    endloop
  endfacet
  facet normal -1 0 0
    outer loop
      vertex 3.5805 -9.8565 -6.09
      vertex 3.5805 -9.8565 -3.6999999999999997
      vertex 3.5805 -9.0565 -6.09
    endloop
  endfacet
  facet normal 0 -1 0
    outer loop
      vertex 1.5 -10.575187068890443 -3.8743529034660105
      vertex 4.380385908567001 -10.575187068890443 -6.09
      vertex 3.5805 -10.575187068890443 -3.6999999999999997
    endloop
  endfacet
  facet normal -1 0 0
    outer loop
      vertex 3.5805 -10.575187068890443 -3.6999999999999997
      vertex 3.5805 -9.8565 -2.6999999999999997
      vertex 3.5805 -9.8565 -3.6999999999999997
    endloop
  endfacet
  facet normal 0 -1 0
    outer loop
      vertex 4.380385908567001 -10.575187068890443 -6.09
      vertex 4.380385908567001 -10.575187068890443 -1.8699999999999992
      vertex 3.5805 -10.575187068890443 -3.6999999999999997
    endloop
  endfacet
  facet normal 0 -1 0
    outer loop
      vertex 3.5805 -10.575187068890443 -3.6999999999999997
      vertex 4.380385908567001 -10.575187068890443 -1.8699999999999992
      vertex 3.5805 -10.575187068890443 -2.6999999999999997
    endloop
  endfacet
  facet normal -1 0 0
    outer loop
      vertex 3.5805 -10.575187068890443 -3.6999999999999997
      vertex 3.5805 -10.575187068890443 -2.6999999999999997
      vertex 3.5805 -9.8565 -2.6999999999999997
    endloop
  endfacet
  facet normal -1 0 0
    outer loop
      vertex 3.5805 -9.8565 -3.6999999999999997
      vertex 3.5805 -9.8565 -2.6999999999999997
      vertex 3.5805 -9.0565 -2.6999999999999997
    endloop
  endfacet
  facet normal -1 0 0
    outer loop
      vertex 3.5805 -9.8565 -3.6999999999999997
      vertex 3.5805 -9.0565 -2.6999999999999997
      vertex 3.5805 -9.0565 -6.09
    endloop
  endfacet
  facet normal 0 0 -1
    outer loop
      vertex -3.5805 -9.0565 -6.09
      vertex 4.380385908567 10.575187068890443 -6.09
      vertex 3.5805 -9.0565 -6.09
    endloop
  endfacet
  facet normal 0 0 -1
    outer loop
      vertex 3.5805 -9.8565 -6.09
      vertex 4.380385908567 10.575187068890443 -6.09
      vertex 4.380385908567001 -10.575187068890443 -6.09
    endloop
  endfacet
  facet normal 0 0 -1
    outer loop
      vertex 3.5805 -9.8565 -6.09
      vertex 3.5805 -9.0565 -6.09
      vertex 4.380385908567 10.575187068890443 -6.09
    endloop
  endfacet
  facet normal 0.7071067811865477 -0.7071067811865476 0
    outer loop
      vertex 4.380385908567001 -10.575187068890443 -6.09
      vertex 10.575187068890443 -4.380385908567 -6.09
      vertex 4.380385908567001 -10.575187068890443 -1.8699999999999992
    endloop
  endfacet
  facet normal 0.632474077313105 -0.6324740773131049 -0.44716113768290866
    outer loop
      vertex 4.380385908567001 -10.575187068890443 -1.8699999999999992
      vertex 10.575187068890443 -4.380385908567 -1.8699999999999992
      vertex 4.767618805899597 -11.510049981427828 0
    endloop
  endfacet
  facet normal 0.7071067811865477 -0.7071067811865476 4.647349695996826e-17
    outer loop
      vertex 4.380385908567001 -10.575187068890443 -1.8699999999999992
      vertex 10.575187068890443 -4.380385908567 -6.09
      vertex 10.575187068890443 -4.380385908567 -1.8699999999999992
    endloop
  endfacet
  facet normal 0.6324740773131046 -0.6324740773131047 -0.44716113768290944
    outer loop
      vertex 4.767618805899597 -11.510049981427828 0
      vertex 10.575187068890443 -4.380385908567 -1.8699999999999992
      vertex 11.51004998142783 -4.767618805899597 0
    endloop
  endfacet
  facet normal 0 0 -1
    outer loop
      vertex 4.380385908567001 -10.575187068890443 -6.09
      vertex 9.0565 -3.5805 -6.09
      vertex 9.8565 -3.5805 -6.09
    endloop
  endfacet
  facet normal 0 0 -1
    outer loop
      vertex 4.380385908567001 -10.575187068890443 -6.09
      vertex 9.0565 3.5805 -6.09
      vertex 9.0565 -3.5805 -6.09
    endloop
  endfacet
  facet normal 0 0 -1
    outer loop
      vertex 4.380385908567001 -10.575187068890443 -6.09
      vertex 9.8565 -3.5805 -6.09
      vertex 10.575187068890443 -4.380385908567 -6.09
    endloop
  endfacet
  facet normal 0 1 0
    outer loop
      vertex 9.0565 -3.5805 -6.09
      vertex 9.0565 -3.5805 -2.6999999999999997
      vertex 9.8565 -3.5805 -6.09
    endloop
  endfacet
  facet normal 1 0 0
    outer loop
      vertex 9.0565 -3.5805 -6.09
      vertex 9.0565 3.5805 -2.6999999999999997
      vertex 9.0565 -3.5805 -2.6999999999999997
    endloop
  endfacet
  facet normal 0 0 -1
    outer loop
      vertex 9.0565 -3.5805 -2.6999999999999997
      vertex 9.0565 3.5805 -2.6999999999999997
      vertex 9.8565 -3.5805 -2.6999999999999997
    endloop
  endfacet
  facet normal 0 1 0
    outer loop
      vertex 9.0565 -3.5805 -2.6999999999999997
      vertex 9.8565 -3.5805 -3.6999999999999997
      vertex 9.8565 -3.5805 -6.09
    endloop
  endfacet
  facet normal 1 0 0
    outer loop
      vertex 10.575187068890443 -4.380385908567 -6.09
      vertex 10.575187068890443 -3.5805 -2.6999999999999997
      vertex 10.575187068890443 -4.380385908567 -1.8699999999999992
    endloop
  endfacet
  facet normal 1 0 0
    outer loop
      vertex 10.575187068890443 -4.380385908567 -6.09
      vertex 10.575187068890443 -3.5805 -3.6999999999999997
      vertex 10.575187068890443 -3.5805 -2.6999999999999997
    endloop
  endfacet
  facet normal 1 0 0
    outer loop
      vertex 10.575187068890443 -4.380385908567 -6.09
      vertex 10.575187068890443 -1.5 -3.8743529034660105
      vertex 10.575187068890443 -3.5805 -3.6999999999999997
    endloop
  endfacet
  facet normal 0 1 0
    outer loop
      vertex 9.8565 -3.5805 -3.6999999999999997
      vertex 10.575187068890443 -3.5805 -2.6999999999999997
      vertex 10.575187068890443 -3.5805 -3.6999999999999997
    endloop
  endfacet
  facet normal 0 1 0
    outer loop
      vertex 9.0565 -3.5805 -2.6999999999999997
      vertex 9.8565 -3.5805 -2.6999999999999997
      vertex 9.8565 -3.5805 -3.6999999999999997
    endloop
  endfacet
  facet normal 0 1 0
    outer loop
      vertex 9.8565 -3.5805 -3.6999999999999997
      vertex 9.8565 -3.5805 -2.6999999999999997
      vertex 10.575187068890443 -3.5805 -2.6999999999999997
    endloop
  endfacet
  facet normal 0 0 -1
    outer loop
      vertex 10.575187068890443 -4.380385908567 -6.09
      vertex 10.5665 -1.5 -6.09
      vertex 10.57067113757408 -1.5 -6.09
    endloop
  endfacet
  facet normal 1 0 0
    outer loop
      vertex 10.575187068890443 -4.380385908567 -6.09
      vertex 10.575187068890443 -1.5 -6.086210683698017
      vertex 10.575187068890443 -1.5 -3.8743529034660105
    endloop
  endfacet
  facet normal 0 0 -1
    outer loop
      vertex 9.8565 -3.5805 -6.09
      vertex 9.8565 3.5805 -6.09
      vertex 10.575187068890443 -4.380385908567 -6.09
    endloop
  endfacet
  facet normal -1 0 0
    outer loop
      vertex 9.8565 -3.5805 -6.09
      vertex 9.8565 -3.5805 -3.6999999999999997
      vertex 9.8565 3.5805 -6.09
    endloop
  endfacet
  facet normal 0 -1 0
    outer loop
      vertex 10.5665 -1.5 -6.0935
      vertex 10.57067113757408 -1.5 -6.09
      vertex 10.5665 -1.5 -6.09
    endloop
  endfacet
  facet normal 0 -1 0
    outer loop
      vertex 10.575187068890443 -1.5 -6.086210683698017
      vertex 10.993186754817271 -1.5 -5.735467301404597
      vertex 10.575187068890443 -1.5 -3.8743529034660105
    endloop
  endfacet
  facet normal 0 -1 0
    outer loop
      vertex 10.575187068890443 -1.5 -3.8743529034660105
      vertex 10.993186754817271 -1.5 -5.735467301404597
      vertex 11.171792949974002 -1.5 -5.100445079845109
    endloop
  endfacet
  facet normal 0 0 -1
    outer loop
      vertex 10.575187068890443 -4.380385908567 -6.09
      vertex 9.8565 3.5805 -6.09
      vertex 10.5665 -1.5 -6.09
    endloop
  endfacet
  facet normal -1 0 0
    outer loop
      vertex 10.5665 -1.5 -6.0935
      vertex 10.5665 -1.5 -6.09
      vertex 10.5665 1.5 -6.0935
    endloop
  endfacet
  facet normal 0.6427876096865331 2.971859070068476e-20 -0.7660444431189832
    outer loop
      vertex 10.5665 -1.5 -6.0935
      vertex 10.57067113757408 1.5 -6.09
      vertex 10.57067113757408 -1.5 -6.09
    endloop
  endfacet
  facet normal 0 0 -1
    outer loop
      vertex 10.575187068890443 -4.380385908567 -6.09
      vertex 10.57067113757408 -1.5 -6.09
      vertex 10.575187068890443 4.380385908567001 -6.09
    endloop
  endfacet
  facet normal 1 0 0
    outer loop
      vertex 10.575187068890443 -4.380385908567 -6.09
      vertex 10.575187068890443 4.380385908567001 -6.09
      vertex 10.575187068890443 -1.5 -6.086210683698017
    endloop
  endfacet
  facet normal 0.6427876096865385 2.2731111400747568e-18 -0.7660444431189788
    outer loop
      vertex 10.575187068890443 -1.5 -6.086210683698017
      vertex 10.993186754817271 1.5 -5.735467301404597
      vertex 10.993186754817271 -1.5 -5.735467301404597
    endloop
  endfacet
  facet normal 0 0 1
    outer loop
      vertex 9.8565 -3.5805 -3.6999999999999997
      vertex 10.575187068890443 -3.5805 -3.6999999999999997
      vertex 10.575187068890443 3.5805 -3.6999999999999997
    endloop
  endfacet
  facet normal 1 0 0
    outer loop
      vertex 10.575187068890443 -3.5805 -3.6999999999999997
      vertex 10.575187068890443 -1.5 -3.8743529034660105
      vertex 10.575187068890443 1.5 -3.8743529034660105
    endloop
  endfacet
  facet normal 0.8991979823426896 0 0.4375419849006906
    outer loop
      vertex 10.575187068890443 -1.5 -3.8743529034660105
      vertex 11.171792949974002 -1.5 -5.100445079845109
      vertex 10.575187068890443 1.5 -3.8743529034660105
    endloop
  endfacet
  facet normal 0 -1 0
    outer loop
      vertex 10.993186754817271 -1.5 -5.735467301404597
      vertex 11.038318885888915 -1.5 -5.692531448730568
      vertex 11.07776195283193 -1.5 -5.644316915962504
    endloop
  endfacet
  facet normal 0 -1 0
    outer loop
      vertex 10.993186754817271 -1.5 -5.735467301404597
      vertex 11.07776195283193 -1.5 -5.644316915962504
      vertex 11.110903736659116 -1.5 -5.5915720691557675
    endloop
  endfacet
  facet normal 0 -1 0
    outer loop
      vertex 10.993186754817271 -1.5 -5.735467301404597
      vertex 11.110903736659116 -1.5 -5.5915720691557675
      vertex 11.137229824296103 -1.5 -5.535115592028307
    endloop
  endfacet
  facet normal 0 -1 0
    outer loop
      vertex 10.993186754817271 -1.5 -5.735467301404597
      vertex 11.137229824296103 -1.5 -5.535115592028307
      vertex 11.15633159308854 -1.5 -5.4758237786902555
    endloop
  endfacet
  facet normal 0 -1 0
    outer loop
      vertex 10.993186754817271 -1.5 -5.735467301404597
      vertex 11.15633159308854 -1.5 -5.4758237786902555
      vertex 11.167912553274087 -1.5 -5.414616932168851
    endloop
  endfacet
  facet normal 0 -1 0
    outer loop
      vertex 10.993186754817271 -1.5 -5.735467301404597
      vertex 11.167912553274087 -1.5 -5.414616932168851
      vertex 11.171792949974002 -1.5 -5.352445079845108
    endloop
  endfacet
  facet normal 0 -1 0
    outer loop
      vertex 10.993186754817271 -1.5 -5.735467301404597
      vertex 11.171792949974002 -1.5 -5.352445079845108
      vertex 11.171792949974002 -1.5 -5.100445079845109
    endloop
  endfacet
  facet normal 0.6892583384839489 -5.384989096415046e-19 -0.7245156608592709
    outer loop
      vertex 10.993186754817271 -1.5 -5.735467301404597
      vertex 11.038318885888915 1.5 -5.692531448730568
      vertex 11.038318885888915 -1.5 -5.692531448730568
    endloop
  endfacet
  facet normal 0.7739981082662236 0 -0.6331879092341445
    outer loop
      vertex 11.038318885888915 -1.5 -5.692531448730568
      vertex 11.038318885888915 1.5 -5.692531448730568
      vertex 11.07776195283193 -1.5 -5.644316915962504
    endloop
  endfacet
  facet normal 0.8467241992282811 0 -0.5320320765153413
    outer loop
      vertex 11.07776195283193 -1.5 -5.644316915962504
      vertex 11.07776195283193 1.5 -5.644316915962504
      vertex 11.110903736659116 -1.5 -5.5915720691557675
    endloop
  endfacet
  facet normal 0.9063077870366556 0 -0.42261826174068723
    outer loop
      vertex 11.110903736659116 -1.5 -5.5915720691557675
      vertex 11.110903736659116 1.5 -5.5915720691557675
      vertex 11.137229824296103 -1.5 -5.535115592028307
    endloop
  endfacet
  facet normal 0.951824039861323 0 -0.30664474093333255
    outer loop
      vertex 11.137229824296103 -1.5 -5.535115592028307
      vertex 11.137229824296103 1.5 -5.535115592028307
      vertex 11.15633159308854 -1.5 -5.4758237786902555
    endloop
  endfacet
  facet normal 0.9825664732332873 0 -0.18591160716291988
    outer loop
      vertex 11.15633159308854 -1.5 -5.4758237786902555
      vertex 11.15633159308854 1.5 -5.4758237786902555
      vertex 11.167912553274087 -1.5 -5.414616932168851
    endloop
  endfacet
  facet normal 0.9980579158045314 0 -0.06229283024485769
    outer loop
      vertex 11.167912553274087 -1.5 -5.414616932168851
      vertex 11.167912553274087 1.5 -5.414616932168851
      vertex 11.171792949974002 -1.5 -5.352445079845108
    endloop
  endfacet
  facet normal 1 0 0
    outer loop
      vertex 11.171792949974002 -1.5 -5.352445079845108
      vertex 11.171792949974002 1.5 -5.352445079845108
      vertex 11.171792949974002 -1.5 -5.100445079845109
    endloop
  endfacet
  facet normal 0.8944534179856021 0 -0.44716113768290955
    outer loop
      vertex 10.575187068890443 -4.380385908567 -1.8699999999999992
      vertex 10.575187068890443 4.380385908567001 -1.8699999999999992
      vertex 11.51004998142783 -4.767618805899597 0
    endloop
  endfacet
  facet normal 0 0 -1
    outer loop
      vertex 9.8565 -3.5805 -2.6999999999999997
      vertex 10.575187068890443 3.5805 -2.6999999999999997
      vertex 10.575187068890443 -3.5805 -2.6999999999999997
    endloop
  endfacet
  facet normal 1 0 0
    outer loop
      vertex 10.575187068890443 -3.5805 -2.6999999999999997
      vertex 10.575187068890443 3.5805 -2.6999999999999997
      vertex 10.575187068890443 -4.380385908567 -1.8699999999999992
    endloop
  endfacet
  facet normal 0 0 -1
    outer loop
      vertex -4.380385908567 -10.575187068890443 -6.09
      vertex 3.5805 9.0565 -6.09
      vertex 4.380385908567 10.575187068890443 -6.09
    endloop
  endfacet
  facet normal 0 0 -1
    outer loop
      vertex 4.380385908567001 -10.575187068890443 -6.09
      vertex 4.380385908567 10.575187068890443 -6.09
      vertex 9.0565 3.5805 -6.09
    endloop
  endfacet
  facet normal 0 1 0
    outer loop
      vertex -3.5805 9.0565 -2.6999999999999997
      vertex 3.5805 9.0565 -2.6999999999999997
      vertex 3.5805 9.0565 -6.09
    endloop
  endfacet
  facet normal 0 0 -1
    outer loop
      vertex -3.5805 9.0565 -2.6999999999999997
      vertex 3.5805 9.8565 -2.6999999999999997
      vertex 3.5805 9.0565 -2.6999999999999997
    endloop
  endfacet
  facet normal 0 0 -1
    outer loop
      vertex -3.5805 9.8565 -6.09
      vertex 1.5 10.5665 -6.09
      vertex 3.5805 9.8565 -6.09
    endloop
  endfacet
  facet normal 0 -1 0
    outer loop
      vertex -1.5 10.5665 -6.0935
      vertex 1.5 10.5665 -6.0935
      vertex 1.5 10.5665 -6.09
    endloop
  endfacet
  facet normal 0 0.6427876096865331 -0.7660444431189832
    outer loop
      vertex -1.5 10.57067113757408 -6.09
      vertex 1.5 10.57067113757408 -6.09
      vertex 1.5 10.5665 -6.0935
    endloop
  endfacet
  facet normal 0 0.6427876096865385 -0.7660444431189788
    outer loop
      vertex -1.5 10.993186754817271 -5.735467301404597
      vertex 1.5 10.993186754817271 -5.735467301404597
      vertex 1.5 10.575187068890443 -6.086210683698017
    endloop
  endfacet
  facet normal 0 -1 0
    outer loop
      vertex -3.5805 9.8565 -6.09
      vertex 3.5805 9.8565 -6.09
      vertex 3.5805 9.8565 -3.6999999999999997
    endloop
  endfacet
  facet normal 0 0 -1
    outer loop
      vertex -1.5 10.57067113757408 -6.09
      vertex 4.380385908567 10.575187068890443 -6.09
      vertex 1.5 10.57067113757408 -6.09
    endloop
  endfacet
  facet normal 0 1 0
    outer loop
      vertex -1.5 10.575187068890443 -6.086210683698017
      vertex 1.5 10.575187068890443 -6.086210683698017
      vertex 4.380385908567 10.575187068890443 -6.09
    endloop
  endfacet
  facet normal 1 0 0
    outer loop
      vertex 1.5 10.5665 -6.09
      vertex 1.5 10.5665 -6.0935
      vertex 1.5 10.57067113757408 -6.09
    endloop
  endfacet
  facet normal 1 0 0
    outer loop
      vertex 1.5 10.575187068890443 -6.086210683698017
      vertex 1.5 10.993186754817271 -5.735467301404597
      vertex 1.5 10.575187068890443 -3.8743529034660105
    endloop
  endfacet
  facet normal 1 0 0
    outer loop
      vertex 1.5 10.575187068890443 -3.8743529034660105
      vertex 1.5 10.993186754817271 -5.735467301404597
      vertex 1.5 11.171792949974002 -5.100445079845109
    endloop
  endfacet
  facet normal 0 0.8991979823426896 0.4375419849006906
    outer loop
      vertex -1.5 10.575187068890443 -3.8743529034660105
      vertex 1.5 10.575187068890443 -3.8743529034660105
      vertex 1.5 11.171792949974002 -5.100445079845109
    endloop
  endfacet
  facet normal 0 0 1
    outer loop
      vertex -3.5805 10.575187068890443 -3.6999999999999997
      vertex 3.5805 9.8565 -3.6999999999999997
      vertex 3.5805 10.575187068890443 -3.6999999999999997
    endloop
  endfacet
  facet normal 0 1 0
    outer loop
      vertex -1.5 10.575187068890443 -3.8743529034660105
      vertex 3.5805 10.575187068890443 -3.6999999999999997
      vertex 1.5 10.575187068890443 -3.8743529034660105
    endloop
  endfacet
  facet normal 0 0.6892583384839489 -0.7245156608592709
    outer loop
      vertex -1.5 10.993186754817271 -5.735467301404597
      vertex 1.5 11.038318885888915 -5.692531448730568
      vertex 1.5 10.993186754817271 -5.735467301404597
    endloop
  endfacet
  facet normal 0 0.7739981082662236 -0.6331879092341445
    outer loop
      vertex -1.5 11.07776195283193 -5.644316915962504
      vertex 1.5 11.07776195283193 -5.644316915962504
      vertex 1.5 11.038318885888915 -5.692531448730568
    endloop
  endfacet
  facet normal 0 0.8467241992282811 -0.5320320765153413
    outer loop
      vertex -1.5 11.110903736659116 -5.5915720691557675
      vertex 1.5 11.110903736659116 -5.5915720691557675
      vertex 1.5 11.07776195283193 -5.644316915962504
    endloop
  endfacet
  facet normal 0 0.9063077870366556 -0.42261826174068723
    outer loop
      vertex -1.5 11.137229824296103 -5.535115592028307
      vertex 1.5 11.137229824296103 -5.535115592028307
      vertex 1.5 11.110903736659116 -5.5915720691557675
    endloop
  endfacet
  facet normal 0 0.951824039861323 -0.30664474093333255
    outer loop
      vertex -1.5 11.15633159308854 -5.4758237786902555
      vertex 1.5 11.15633159308854 -5.4758237786902555
      vertex 1.5 11.137229824296103 -5.535115592028307
    endloop
  endfacet
  facet normal 0 0.9825664732332873 -0.18591160716291988
    outer loop
      vertex -1.5 11.167912553274087 -5.414616932168851
      vertex 1.5 11.167912553274087 -5.414616932168851
      vertex 1.5 11.15633159308854 -5.4758237786902555
    endloop
  endfacet
  facet normal 0 0.9980579158045314 -0.06229283024485769
    outer loop
      vertex -1.5 11.171792949974002 -5.352445079845108
      vertex 1.5 11.171792949974002 -5.352445079845108
      vertex 1.5 11.167912553274087 -5.414616932168851
    endloop
  endfacet
  facet normal 0 1 0
    outer loop
      vertex -1.5 11.171792949974002 -5.100445079845109
      vertex 1.5 11.171792949974002 -5.100445079845109
      vertex 1.5 11.171792949974002 -5.352445079845108
    endloop
  endfacet
  facet normal 1 0 0
    outer loop
      vertex 1.5 10.993186754817271 -5.735467301404597
      vertex 1.5 11.038318885888915 -5.692531448730568
      vertex 1.5 11.07776195283193 -5.644316915962504
    endloop
  endfacet
  facet normal 1 0 0
    outer loop
      vertex 1.5 10.993186754817271 -5.735467301404597
      vertex 1.5 11.07776195283193 -5.644316915962504
      vertex 1.5 11.110903736659116 -5.5915720691557675
    endloop
  endfacet
  facet normal 1 0 0
    outer loop
      vertex 1.5 10.993186754817271 -5.735467301404597
      vertex 1.5 11.110903736659116 -5.5915720691557675
      vertex 1.5 11.137229824296103 -5.535115592028307
    endloop
  endfacet
  facet normal 1 0 0
    outer loop
      vertex 1.5 10.993186754817271 -5.735467301404597
      vertex 1.5 11.137229824296103 -5.535115592028307
      vertex 1.5 11.15633159308854 -5.4758237786902555
    endloop
  endfacet
  facet normal 1 0 0
    outer loop
      vertex 1.5 10.993186754817271 -5.735467301404597
      vertex 1.5 11.15633159308854 -5.4758237786902555
      vertex 1.5 11.167912553274087 -5.414616932168851
    endloop
  endfacet
  facet normal 1 0 0
    outer loop
      vertex 1.5 10.993186754817271 -5.735467301404597
      vertex 1.5 11.167912553274087 -5.414616932168851
      vertex 1.5 11.171792949974002 -5.352445079845108
    endloop
  endfacet
  facet normal 1 0 0
    outer loop
      vertex 1.5 10.993186754817271 -5.735467301404597
      vertex 1.5 11.171792949974002 -5.352445079845108
      vertex 1.5 11.171792949974002 -5.100445079845109
    endloop
  endfacet
  facet normal 0 0 -1
    outer loop
      vertex 1.5 10.5665 -6.09
      vertex 1.5 10.57067113757408 -6.09
      vertex 4.380385908567 10.575187068890443 -6.09
    endloop
  endfacet
  facet normal 0 1 0
    outer loop
      vertex 1.5 10.575187068890443 -6.086210683698017
      vertex 1.5 10.575187068890443 -3.8743529034660105
      vertex 4.380385908567 10.575187068890443 -6.09
    endloop
  endfacet
  facet normal 0 0 -1
    outer loop
      vertex -3.5805 10.575187068890443 -2.6999999999999997
      vertex 3.5805 10.575187068890443 -2.6999999999999997
      vertex 3.5805 9.8565 -2.6999999999999997
    endloop
  endfacet
  facet normal 0 1 0
    outer loop
      vertex -3.5805 10.575187068890443 -2.6999999999999997
      vertex 4.380385908567 10.575187068890443 -1.8699999999999992
      vertex 3.5805 10.575187068890443 -2.6999999999999997
    endloop
  endfacet
  facet normal 0 0.8944534179856021 -0.44716113768290955
    outer loop
      vertex -4.380385908567001 10.575187068890443 -1.8699999999999992
      vertex 4.767618805899598 11.51004998142783 0
      vertex 4.380385908567 10.575187068890443 -1.8699999999999992
    endloop
  endfacet
  facet normal -1 0 0
    outer loop
      vertex 3.5805 9.0565 -6.09
      vertex 3.5805 9.0565 -2.6999999999999997
      vertex 3.5805 9.8565 -6.09
    endloop
  endfacet
  facet normal 0 0 -1
    outer loop
      vertex 3.5805 9.0565 -6.09
      vertex 3.5805 9.8565 -6.09
      vertex 4.380385908567 10.575187068890443 -6.09
    endloop
  endfacet
  facet normal 0 0 -1
    outer loop
      vertex 1.5 10.5665 -6.09
      vertex 4.380385908567 10.575187068890443 -6.09
      vertex 3.5805 9.8565 -6.09
    endloop
  endfacet
  facet normal -1 0 0
    outer loop
      vertex 3.5805 9.0565 -2.6999999999999997
      vertex 3.5805 9.8565 -3.6999999999999997
      vertex 3.5805 9.8565 -6.09
    endloop
  endfacet
  facet normal 0 1 0
    outer loop
      vertex 1.5 10.575187068890443 -3.8743529034660105
      vertex 3.5805 10.575187068890443 -3.6999999999999997
      vertex 4.380385908567 10.575187068890443 -6.09
    endloop
  endfacet
  facet normal 0 1 0
    outer loop
      vertex 4.380385908567 10.575187068890443 -6.09
      vertex 3.5805 10.575187068890443 -3.6999999999999997
      vertex 3.5805 10.575187068890443 -2.6999999999999997
    endloop
  endfacet
  facet normal -1 0 0
    outer loop
      vertex 3.5805 9.8565 -3.6999999999999997
      vertex 3.5805 10.575187068890443 -2.6999999999999997
      vertex 3.5805 10.575187068890443 -3.6999999999999997
    endloop
  endfacet
  facet normal 0 1 0
    outer loop
      vertex 4.380385908567 10.575187068890443 -6.09
      vertex 3.5805 10.575187068890443 -2.6999999999999997
      vertex 4.380385908567 10.575187068890443 -1.8699999999999992
    endloop
  endfacet
  facet normal -1 0 0
    outer loop
      vertex 3.5805 9.0565 -2.6999999999999997
      vertex 3.5805 9.8565 -2.6999999999999997
      vertex 3.5805 9.8565 -3.6999999999999997
    endloop
  endfacet
  facet normal -1 0 0
    outer loop
      vertex 3.5805 9.8565 -3.6999999999999997
      vertex 3.5805 9.8565 -2.6999999999999997
      vertex 3.5805 10.575187068890443 -2.6999999999999997
    endloop
  endfacet
  facet normal 1 0 0
    outer loop
      vertex 9.0565 -3.5805 -6.09
      vertex 9.0565 3.5805 -6.09
      vertex 9.0565 3.5805 -2.6999999999999997
    endloop
  endfacet
  facet normal 0 0 -1
    outer loop
      vertex 4.380385908567 10.575187068890443 -6.09
      vertex 9.8565 3.5805 -6.09
      vertex 9.0565 3.5805 -6.09
    endloop
  endfacet
  facet normal 0 -1 0
    outer loop
      vertex 9.0565 3.5805 -6.09
      vertex 9.8565 3.5805 -3.6999999999999997
      vertex 9.0565 3.5805 -2.6999999999999997
    endloop
  endfacet
  facet normal 0 0 -1
    outer loop
      vertex 4.380385908567 10.575187068890443 -6.09
      vertex 10.575187068890443 4.380385908567001 -6.09
      vertex 9.8565 3.5805 -6.09
    endloop
  endfacet
  facet normal -1 0 0
    outer loop
      vertex 10.5665 -1.5 -6.09
      vertex 10.5665 1.5 -6.09
      vertex 10.5665 1.5 -6.0935
    endloop
  endfacet
  facet normal 0.6427876096865331 0 -0.7660444431189832
    outer loop
      vertex 10.5665 -1.5 -6.0935
      vertex 10.5665 1.5 -6.0935
      vertex 10.57067113757408 1.5 -6.09
    endloop
  endfacet
  facet normal 0.6427876096865385 0 -0.7660444431189788
    outer loop
      vertex 10.575187068890443 -1.5 -6.086210683698017
      vertex 10.575187068890443 1.5 -6.086210683698017
      vertex 10.993186754817271 1.5 -5.735467301404597
    endloop
  endfacet
  facet normal 0 0 -1
    outer loop
      vertex 10.5665 -1.5 -6.09
      vertex 9.8565 3.5805 -6.09
      vertex 10.5665 1.5 -6.09
    endloop
  endfacet
  facet normal 0 0 -1
    outer loop
      vertex 10.57067113757408 -1.5 -6.09
      vertex 10.57067113757408 1.5 -6.09
      vertex 10.575187068890443 4.380385908567001 -6.09
    endloop
  endfacet
  facet normal 1 0 0
    outer loop
      vertex 10.575187068890443 -1.5 -6.086210683698017
      vertex 10.575187068890443 4.380385908567001 -6.09
      vertex 10.575187068890443 1.5 -6.086210683698017
    endloop
  endfacet
  facet normal 0 1 0
    outer loop
      vertex 10.5665 1.5 -6.0935
      vertex 10.5665 1.5 -6.09
      vertex 10.57067113757408 1.5 -6.09
    endloop
  endfacet
  facet normal 0 1 0
    outer loop
      vertex 10.575187068890443 1.5 -6.086210683698017
      vertex 11.171792949974002 1.5 -5.100445079845109
      vertex 10.993186754817271 1.5 -5.735467301404597
    endloop
  endfacet
  facet normal 0 1 0
    outer loop
      vertex 10.575187068890443 1.5 -6.086210683698017
      vertex 10.575187068890443 1.5 -3.8743529034660105
      vertex 11.171792949974002 1.5 -5.100445079845109
    endloop
  endfacet
  facet normal -1 0 0
    outer loop
      vertex 9.8565 -3.5805 -3.6999999999999997
      vertex 9.8565 3.5805 -3.6999999999999997
      vertex 9.8565 3.5805 -6.09
    endloop
  endfacet
  facet normal 0 0 1
    outer loop
      vertex 9.8565 -3.5805 -3.6999999999999997
      vertex 10.575187068890443 3.5805 -3.6999999999999997
      vertex 9.8565 3.5805 -3.6999999999999997
    endloop
  endfacet
  facet normal 1 0 0
    outer loop
      vertex 10.575187068890443 -3.5805 -3.6999999999999997
      vertex 10.575187068890443 1.5 -3.8743529034660105
      vertex 10.575187068890443 3.5805 -3.6999999999999997
    endloop
  endfacet
  facet normal 0 0 -1
    outer loop
      vertex 10.5665 1.5 -6.09
      vertex 10.575187068890443 4.380385908567001 -6.09
      vertex 10.57067113757408 1.5 -6.09
    endloop
  endfacet
  facet normal 1 0 0
    outer loop
      vertex 10.575187068890443 1.5 -6.086210683698017
      vertex 10.575187068890443 3.5805 -3.6999999999999997
      vertex 10.575187068890443 1.5 -3.8743529034660105
    endloop
  endfacet
  facet normal 0.6892583384839489 0 -0.7245156608592709
    outer loop
      vertex 10.993186754817271 -1.5 -5.735467301404597
      vertex 10.993186754817271 1.5 -5.735467301404597
      vertex 11.038318885888915 1.5 -5.692531448730568
    endloop
  endfacet
  facet normal 0.7739981082662236 0 -0.6331879092341445
    outer loop
      vertex 11.07776195283193 -1.5 -5.644316915962504
      vertex 11.038318885888915 1.5 -5.692531448730568
      vertex 11.07776195283193 1.5 -5.644316915962504
    endloop
  endfacet
  facet normal 0.8467241992282811 0 -0.5320320765153413
    outer loop
      vertex 11.110903736659116 -1.5 -5.5915720691557675
      vertex 11.07776195283193 1.5 -5.644316915962504
      vertex 11.110903736659116 1.5 -5.5915720691557675
    endloop
  endfacet
  facet normal 0.9063077870366556 0 -0.42261826174068723
    outer loop
      vertex 11.137229824296103 -1.5 -5.535115592028307
      vertex 11.110903736659116 1.5 -5.5915720691557675
      vertex 11.137229824296103 1.5 -5.535115592028307
    endloop
  endfacet
  facet normal 0.951824039861323 0 -0.30664474093333255
    outer loop
      vertex 11.15633159308854 -1.5 -5.4758237786902555
      vertex 11.137229824296103 1.5 -5.535115592028307
      vertex 11.15633159308854 1.5 -5.4758237786902555
    endloop
  endfacet
  facet normal 0.9825664732332873 0 -0.18591160716291988
    outer loop
      vertex 11.167912553274087 -1.5 -5.414616932168851
      vertex 11.15633159308854 1.5 -5.4758237786902555
      vertex 11.167912553274087 1.5 -5.414616932168851
    endloop
  endfacet
  facet normal 0.9980579158045314 0 -0.06229283024485769
    outer loop
      vertex 11.171792949974002 -1.5 -5.352445079845108
      vertex 11.167912553274087 1.5 -5.414616932168851
      vertex 11.171792949974002 1.5 -5.352445079845108
    endloop
  endfacet
  facet normal 1 0 0
    outer loop
      vertex 11.171792949974002 -1.5 -5.100445079845109
      vertex 11.171792949974002 1.5 -5.352445079845108
      vertex 11.171792949974002 1.5 -5.100445079845109
    endloop
  endfacet
  facet normal 0 1 0
    outer loop
      vertex 10.993186754817271 1.5 -5.735467301404597
      vertex 11.07776195283193 1.5 -5.644316915962504
      vertex 11.038318885888915 1.5 -5.692531448730568
    endloop
  endfacet
  facet normal 0 1 0
    outer loop
      vertex 10.993186754817271 1.5 -5.735467301404597
      vertex 11.110903736659116 1.5 -5.5915720691557675
      vertex 11.07776195283193 1.5 -5.644316915962504
    endloop
  endfacet
  facet normal 0 1 0
    outer loop
      vertex 10.993186754817271 1.5 -5.735467301404597
      vertex 11.137229824296103 1.5 -5.535115592028307
      vertex 11.110903736659116 1.5 -5.5915720691557675
    endloop
  endfacet
  facet normal 0 1 0
    outer loop
      vertex 10.993186754817271 1.5 -5.735467301404597
      vertex 11.15633159308854 1.5 -5.4758237786902555
      vertex 11.137229824296103 1.5 -5.535115592028307
    endloop
  endfacet
  facet normal 0 1 0
    outer loop
      vertex 10.993186754817271 1.5 -5.735467301404597
      vertex 11.167912553274087 1.5 -5.414616932168851
      vertex 11.15633159308854 1.5 -5.4758237786902555
    endloop
  endfacet
  facet normal 0 1 0
    outer loop
      vertex 10.993186754817271 1.5 -5.735467301404597
      vertex 11.171792949974002 1.5 -5.352445079845108
      vertex 11.167912553274087 1.5 -5.414616932168851
    endloop
  endfacet
  facet normal 0 1 0
    outer loop
      vertex 10.993186754817271 1.5 -5.735467301404597
      vertex 11.171792949974002 1.5 -5.100445079845109
      vertex 11.171792949974002 1.5 -5.352445079845108
    endloop
  endfacet
  facet normal 0.8991979823426896 0 0.4375419849006906
    outer loop
      vertex 11.171792949974002 -1.5 -5.100445079845109
      vertex 11.171792949974002 1.5 -5.100445079845109
      vertex 10.575187068890443 1.5 -3.8743529034660105
    endloop
  endfacet
  facet normal 0 0 -1
    outer loop
      vertex 9.8565 -3.5805 -2.6999999999999997
      vertex 9.0565 3.5805 -2.6999999999999997
      vertex 9.8565 3.5805 -2.6999999999999997
    endloop
  endfacet
  facet normal 0 0 -1
    outer loop
      vertex 9.8565 -3.5805 -2.6999999999999997
      vertex 9.8565 3.5805 -2.6999999999999997
      vertex 10.575187068890443 3.5805 -2.6999999999999997
    endloop
  endfacet
  facet normal 1 0 0
    outer loop
      vertex 10.575187068890443 -4.380385908567 -1.8699999999999992
      vertex 10.575187068890443 3.5805 -2.6999999999999997
      vertex 10.575187068890443 4.380385908567001 -1.8699999999999992
    endloop
  endfacet
  facet normal 0.8944534179856022 1.6663123786213163e-16 -0.4471611376829089
    outer loop
      vertex 11.51004998142783 -4.767618805899597 0
      vertex 10.575187068890443 4.380385908567001 -1.8699999999999992
      vertex 11.510049981427828 4.767618805899597 0
    endloop
  endfacet
  facet normal 0 -1 0
    outer loop
      vertex 9.0565 3.5805 -6.09
      vertex 9.8565 3.5805 -6.09
      vertex 9.8565 3.5805 -3.6999999999999997
    endloop
  endfacet
  facet normal 0 0 -1
    outer loop
      vertex 10.5665 1.5 -6.09
      vertex 9.8565 3.5805 -6.09
      vertex 10.575187068890443 4.380385908567001 -6.09
    endloop
  endfacet
  facet normal 1 0 0
    outer loop
      vertex 10.575187068890443 1.5 -6.086210683698017
      vertex 10.575187068890443 4.380385908567001 -6.09
      vertex 10.575187068890443 3.5805 -3.6999999999999997
    endloop
  endfacet
  facet normal 0 -1 0
    outer loop
      vertex 9.8565 3.5805 -3.6999999999999997
      vertex 10.575187068890443 3.5805 -3.6999999999999997
      vertex 9.8565 3.5805 -2.6999999999999997
    endloop
  endfacet
  facet normal 1 0 0
    outer loop
      vertex 10.575187068890443 4.380385908567001 -6.09
      vertex 10.575187068890443 4.380385908567001 -1.8699999999999992
      vertex 10.575187068890443 3.5805 -3.6999999999999997
    endloop
  endfacet
  facet normal 0 -1 0
    outer loop
      vertex 9.0565 3.5805 -2.6999999999999997
      vertex 9.8565 3.5805 -3.6999999999999997
      vertex 9.8565 3.5805 -2.6999999999999997
    endloop
  endfacet
  facet normal 0 -1 0
    outer loop
      vertex 10.575187068890443 3.5805 -3.6999999999999997
      vertex 10.575187068890443 3.5805 -2.6999999999999997
      vertex 9.8565 3.5805 -2.6999999999999997
    endloop
  endfacet
  facet normal 1 0 0
    outer loop
      vertex 10.575187068890443 3.5805 -3.6999999999999997
      vertex 10.575187068890443 4.380385908567001 -1.8699999999999992
      vertex 10.575187068890443 3.5805 -2.6999999999999997
    endloop
  endfacet
  facet normal 0.7071067811865476 0.7071067811865477 -4.647349695996826e-17
    outer loop
      vertex 4.380385908567 10.575187068890443 -6.09
      vertex 10.575187068890443 4.380385908567001 -1.8699999999999992
      vertex 10.575187068890443 4.380385908567001 -6.09
    endloop
  endfacet
  facet normal 0.7071067811865476 0.7071067811865477 0
    outer loop
      vertex 4.380385908567 10.575187068890443 -6.09
      vertex 4.380385908567 10.575187068890443 -1.8699999999999992
      vertex 10.575187068890443 4.380385908567001 -1.8699999999999992
    endloop
  endfacet
  facet normal 0.6324740773131047 0.6324740773131046 -0.4471611376829096
    outer loop
      vertex 4.380385908567 10.575187068890443 -1.8699999999999992
      vertex 4.767618805899598 11.51004998142783 0
      vertex 11.510049981427828 4.767618805899597 0
    endloop
  endfacet
  facet normal 0.6324740773131049 0.632474077313105 -0.44716113768290866
    outer loop
      vertex 4.380385908567 10.575187068890443 -1.8699999999999992
      vertex 11.510049981427828 4.767618805899597 0
      vertex 10.575187068890443 4.380385908567001 -1.8699999999999992
    endloop
  endfacet
  facet normal 0 0 -1
    outer loop
      vertex -12.5 -5.177669532597065 0
      vertex -11.510049981427828 -4.767618805899597 0
      vertex -5.177669532597065 -12.5 0
    endloop
  endfacet
  facet normal -0.7071067811865475 -0.7071067811865475 0
    outer loop
      vertex -12.5 -5.177669532597065 0
      vertex -5.177669532597065 -12.5 0
      vertex -12.5 -5.177669532597065 3.99
    endloop
  endfacet
  facet normal 0 0 -1
    outer loop
      vertex -11.510049981427828 -4.767618805899597 0
      vertex -4.767618805899598 -11.51004998142783 0
      vertex -5.177669532597065 -12.5 0
    endloop
  endfacet
  facet normal 0 0 1
    outer loop
      vertex -7.733306563151876 -9.423061311653198 4
      vertex -7.834701723141521 -9.337033925015056 4
      vertex -8.06553692567663 -9.612132606920435 4
    endloop
  endfacet
  facet normal -0.7071067811865476 -0.7071067811865476 6.528745221100113e-15
    outer loop
      vertex -5.177669532597065 -12.5 4
      vertex -8.06553692567663 -9.612132606920435 4
      vertex -8.06553692567663 -9.612132606920435 3.99
    endloop
  endfacet
  facet normal 0 0 1
    outer loop
      vertex -7.733306563151876 -9.423061311653198 4
      vertex -8.06553692567663 -9.612132606920435 4
      vertex -5.177669532597065 -12.5 4
    endloop
  endfacet
  facet normal 0 0 1
    outer loop
      vertex -7.733306563151876 -9.423061311653198 4
      vertex -5.177669532597065 -12.5 4
      vertex -7.420852130478206 -9.671042784541916 4
    endloop
  endfacet
  facet normal 0 0 1
    outer loop
      vertex -7.100451263471141 -9.908668262583738 4
      vertex -7.420852130478206 -9.671042784541916 4
      vertex -5.177669532597065 -12.5 4
    endloop
  endfacet
  facet normal 0 0 1
    outer loop
      vertex -7.100451263471141 -9.908668262583738 4
      vertex -5.177669532597065 -12.5 4
      vertex -6.772447055404242 -10.135683290464911 4
    endloop
  endfacet
  facet normal -0.7071067811865476 -0.7071067811865476 4.724491778035032e-17
    outer loop
      vertex -5.177669532597065 -12.5 0
      vertex -8.06553692567663 -9.612132606920435 3.99
      vertex -12.5 -5.177669532597065 3.99
    endloop
  endfacet
  facet normal 0 0 -1
    outer loop
      vertex -12.5 -5.177669532597065 0
      vertex -11.51004998142783 4.767618805899597 0
      vertex -11.510049981427828 -4.767618805899597 0
    endloop
  endfacet
  facet normal -1 0 0
    outer loop
      vertex -12.5 -5.177669532597065 0
      vertex -12.5 -5.177669532597065 3.99
      vertex -12.5 5.177669532597065 3.99
    endloop
  endfacet
  facet normal -0.7071067811865476 -0.7071067811865476 0
    outer loop
      vertex -5.177669532597065 -12.5 0
      vertex -5.177669532597065 -12.5 4
      vertex -8.06553692567663 -9.612132606920435 3.99
    endloop
  endfacet
  facet normal 0 0 1
    outer loop
      vertex -6.437190741399113 -10.35184477480747 4
      vertex -6.772447055404242 -10.135683290464911 4
      vertex -5.177669532597065 -12.5 4
    endloop
  endfacet
  facet normal 0 0 1
    outer loop
      vertex -6.437190741399113 -10.35184477480747 4
      vertex -5.177669532597065 -12.5 4
      vertex -6.095041322314049 -10.556921244479726 4
    endloop
  endfacet
  facet normal 0 0 1
    outer loop
      vertex -5.177669532597065 -12.5 4
      vertex -5.7463651803169125 -10.750693098461353 4
      vertex -6.095041322314049 -10.556921244479726 4
    endloop
  endfacet
  facet normal 0 0 1
    outer loop
      vertex -5.177669532597065 -12.5 4
      vertex -4.293957195734045 -11.408770594769052 4
      vertex -4.664942667260392 -11.262167854992958 4
    endloop
  endfacet
  facet normal 0 0 1
    outer loop
      vertex -5.177669532597065 -12.5 4
      vertex -5.391535686553942 -10.932952840997645 4
      vertex -5.7463651803169125 -10.750693098461353 4
    endloop
  endfacet
  facet normal 0 0 1
    outer loop
      vertex -5.177669532597065 -12.5 4
      vertex -5.030932801334563 -11.103505303791191 4
      vertex -5.391535686553942 -10.932952840997645 4
    endloop
  endfacet
  facet normal 0 0 1
    outer loop
      vertex -5.177669532597065 -12.5 4
      vertex -4.664942667260392 -11.262167854992958 4
      vertex -5.030932801334563 -11.103505303791191 4
    endloop
  endfacet
  facet normal 0 0 1
    outer loop
      vertex -5.177669532597065 -12.5 4
      vertex -3.918373647290606 -11.543156537233726 4
      vertex -4.293957195734045 -11.408770594769052 4
    endloop
  endfacet
  facet normal 0 0 1
    outer loop
      vertex -5.177669532597065 -12.5 4
      vertex -3.53859420620109 -11.665181778553784 4
      vertex -3.918373647290606 -11.543156537233726 4
    endloop
  endfacet
  facet normal 0 0 1
    outer loop
      vertex -5.177669532597065 -12.5 4
      vertex -3.1550255498034554 -11.774715651044428 4
      vertex -3.53859420620109 -11.665181778553784 4
    endloop
  endfacet
  facet normal 0 0 1
    outer loop
      vertex -5.177669532597065 -12.5 4
      vertex -2.768078413022318 -11.871640863091462 4
      vertex -3.1550255498034554 -11.774715651044428 4
    endloop
  endfacet
  facet normal 0 0 1
    outer loop
      vertex -5.177669532597065 -12.5 4
      vertex -1.9857092831158543 -12.02726375888592 4
      vertex -2.3781671485437124 -11.955853624750123 4
    endloop
  endfacet
  facet normal 0 0 1
    outer loop
      vertex -5.177669532597065 -12.5 4
      vertex -2.3781671485437124 -11.955853624750123 4
      vertex -2.768078413022318 -11.871640863091462 4
    endloop
  endfacet
  facet normal 0 0 -1
    outer loop
      vertex -5.177669532597065 -12.5 0
      vertex -4.767618805899598 -11.51004998142783 0
      vertex 5.177669532597065 -12.5 0
    endloop
  endfacet
  facet normal 0 -1 0
    outer loop
      vertex -5.177669532597065 -12.5 0
      vertex 5.177669532597065 -12.5 0
      vertex -5.177669532597065 -12.5 4
    endloop
  endfacet
  facet normal 0 0 1
    outer loop
      vertex -5.177669532597065 -12.5 4
      vertex -1.5911250704510418 -12.085794797738597 4
      vertex -1.9857092831158543 -12.02726375888592 4
    endloop
  endfacet
  facet normal 0 0 1
    outer loop
      vertex -5.177669532597065 -12.5 4
      vertex -1.1948370412074536 -12.131384064805706 4
      vertex -1.5911250704510418 -12.085794797738597 4
    endloop
  endfacet
  facet normal 0 0 1
    outer loop
      vertex -5.177669532597065 -12.5 4
      vertex -0.7972695505327356 -12.163982741958183 4
      vertex -1.1948370412074536 -12.131384064805706 4
    endloop
  endfacet
  facet normal 0 0 1
    outer loop
      vertex -5.177669532597065 -12.5 4
      vertex 5.177669532597065 -12.5 4
      vertex -0.7972695505327356 -12.163982741958183 4
    endloop
  endfacet
  facet normal 0 0 -1
    outer loop
      vertex -12.5 -5.177669532597065 0
      vertex -12.5 5.177669532597065 0
      vertex -11.51004998142783 4.767618805899597 0
    endloop
  endfacet
  facet normal -1 0 0
    outer loop
      vertex -12.5 -5.177669532597065 0
      vertex -12.5 5.177669532597065 3.99
      vertex -12.5 5.177669532597065 0
    endloop
  endfacet
  facet normal 0 0 -1
    outer loop
      vertex -12.5 5.177669532597065 0
      vertex -4.767618805899597 11.510049981427828 0
      vertex -11.51004998142783 4.767618805899597 0
    endloop
  endfacet
  facet normal -0.7071067811865476 0.7071067811865476 0
    outer loop
      vertex -12.5 5.177669532597065 0
      vertex -12.5 5.177669532597065 3.99
      vertex -8.06553692567663 9.612132606920435 3.99
    endloop
  endfacet
  facet normal -0.7071067811865476 0.7071067811865476 -1.426147574555175e-16
    outer loop
      vertex -12.5 5.177669532597065 0
      vertex -8.06553692567663 9.612132606920435 3.99
      vertex -5.177669532597065 12.5 4
    endloop
  endfacet
  facet normal 0 0 -1
    outer loop
      vertex -12.5 5.177669532597065 0
      vertex -5.177669532597065 12.5 0
      vertex -4.767618805899597 11.510049981427828 0
    endloop
  endfacet
  facet normal -0.7071067811865475 0.7071067811865475 1.3401577421913423e-18
    outer loop
      vertex -12.5 5.177669532597065 0
      vertex -5.177669532597065 12.5 4
      vertex -5.177669532597065 12.5 0
    endloop
  endfacet
  facet normal -0.7071067811865476 0.7071067811865476 -6.528745221100113e-15
    outer loop
      vertex -5.177669532597065 12.5 4
      vertex -8.06553692567663 9.612132606920435 3.99
      vertex -8.06553692567663 9.612132606920435 4
    endloop
  endfacet
  facet normal 0 0 1
    outer loop
      vertex -5.177669532597065 12.5 4
      vertex -8.06553692567663 9.612132606920435 4
      vertex -7.834701723141521 9.337033925015056 4
    endloop
  endfacet
  facet normal 0 0 1
    outer loop
      vertex -7.733306563151876 9.423061311653198 4
      vertex -5.177669532597065 12.5 4
      vertex -7.834701723141521 9.337033925015056 4
    endloop
  endfacet
  facet normal 0 0 1
    outer loop
      vertex -7.733306563151876 9.423061311653198 4
      vertex -7.420852130478206 9.671042784541916 4
      vertex -5.177669532597065 12.5 4
    endloop
  endfacet
  facet normal 0 0 1
    outer loop
      vertex -7.420852130478206 9.671042784541916 4
      vertex -7.100451263471141 9.908668262583738 4
      vertex -5.177669532597065 12.5 4
    endloop
  endfacet
  facet normal 0 0 1
    outer loop
      vertex -7.100451263471141 9.908668262583738 4
      vertex -6.772447055404242 10.135683290464911 4
      vertex -5.177669532597065 12.5 4
    endloop
  endfacet
  facet normal 0 0 1
    outer loop
      vertex -6.772447055404242 10.135683290464911 4
      vertex -6.437190741399113 10.35184477480747 4
      vertex -5.177669532597065 12.5 4
    endloop
  endfacet
  facet normal 0 0 1
    outer loop
      vertex -6.437190741399113 10.35184477480747 4
      vertex -6.095041322314049 10.556921244479726 4
      vertex -5.177669532597065 12.5 4
    endloop
  endfacet
  facet normal 0 0 1
    outer loop
      vertex -6.095041322314049 10.556921244479726 4
      vertex -5.7463651803169125 10.750693098461353 4
      vertex -5.177669532597065 12.5 4
    endloop
  endfacet
  facet normal 0 0 1
    outer loop
      vertex -5.7463651803169125 10.750693098461353 4
      vertex -5.391535686553942 10.932952840997645 4
      vertex -5.177669532597065 12.5 4
    endloop
  endfacet
  facet normal 0 0 1
    outer loop
      vertex -5.391535686553942 10.932952840997645 4
      vertex -5.030932801334563 11.103505303791191 4
      vertex -5.177669532597065 12.5 4
    endloop
  endfacet
  facet normal 0 0 1
    outer loop
      vertex -5.030932801334563 11.103505303791191 4
      vertex -4.664942667260392 11.262167854992958 4
      vertex -5.177669532597065 12.5 4
    endloop
  endfacet
  facet normal 0 0 1
    outer loop
      vertex -5.177669532597065 12.5 4
      vertex -4.664942667260392 11.262167854992958 4
      vertex -4.293957195734045 11.408770594769052 4
    endloop
  endfacet
  facet normal 0 0 1
    outer loop
      vertex -5.177669532597065 12.5 4
      vertex -4.293957195734045 11.408770594769052 4
      vertex -3.918373647290606 11.543156537233726 4
    endloop
  endfacet
  facet normal 0 0 1
    outer loop
      vertex -5.177669532597065 12.5 4
      vertex -3.918373647290606 11.543156537233726 4
      vertex -3.53859420620109 11.665181778553784 4
    endloop
  endfacet
  facet normal 0 0 1
    outer loop
      vertex -5.177669532597065 12.5 4
      vertex -3.53859420620109 11.665181778553784 4
      vertex -3.1550255498034554 11.774715651044428 4
    endloop
  endfacet
  facet normal 0 0 1
    outer loop
      vertex -5.177669532597065 12.5 4
      vertex -3.1550255498034554 11.774715651044428 4
      vertex -2.768078413022318 11.871640863091462 4
    endloop
  endfacet
  facet normal 0 0 1
    outer loop
      vertex -5.177669532597065 12.5 4
      vertex -2.768078413022318 11.871640863091462 4
      vertex -2.3781671485437124 11.955853624750123 4
    endloop
  endfacet
  facet normal 0 0 1
    outer loop
      vertex -5.177669532597065 12.5 4
      vertex -2.3781671485437124 11.955853624750123 4
      vertex -1.9857092831158543 12.02726375888592 4
    endloop
  endfacet
  facet normal 0 0 -1
    outer loop
      vertex -4.767618805899597 11.510049981427828 0
      vertex -5.177669532597065 12.5 0
      vertex 4.767618805899598 11.51004998142783 0
    endloop
  endfacet
  facet normal 0 1 0
    outer loop
      vertex -5.177669532597065 12.5 0
      vertex -5.177669532597065 12.5 4
      vertex 5.177669532597065 12.5 4
    endloop
  endfacet
  facet normal 0 0 1
    outer loop
      vertex -5.177669532597065 12.5 4
      vertex -1.9857092831158543 12.02726375888592 4
      vertex -1.5911250704510418 12.085794797738597 4
    endloop
  endfacet
  facet normal 0 0 1
    outer loop
      vertex -5.177669532597065 12.5 4
      vertex -1.5911250704510418 12.085794797738597 4
      vertex -1.1948370412074536 12.131384064805706 4
    endloop
  endfacet
  facet normal 0 0 1
    outer loop
      vertex -5.177669532597065 12.5 4
      vertex -1.1948370412074536 12.131384064805706 4
      vertex -0.7972695505327356 12.163982741958183 4
    endloop
  endfacet
  facet normal 0 0 1
    outer loop
      vertex -5.177669532597065 12.5 4
      vertex -0.7972695505327356 12.163982741958183 4
      vertex -0.3988483236538826 12.183555921716026 4
    endloop
  endfacet
  facet normal 0 0 1
    outer loop
      vertex -5.177669532597065 12.5 4
      vertex -0.3988483236538826 12.183555921716026 4
      vertex 0 12.190082644628099 4
    endloop
  endfacet
  facet normal 0 0 1
    outer loop
      vertex -5.177669532597065 12.5 4
      vertex 0 12.190082644628099 4
      vertex 0.3988483236538826 12.183555921716026 4
    endloop
  endfacet
  facet normal 0 0 1
    outer loop
      vertex -5.177669532597065 12.5 4
      vertex 0.3988483236538826 12.183555921716026 4
      vertex 0.7972695505327356 12.163982741958183 4
    endloop
  endfacet
  facet normal 0 0 -1
    outer loop
      vertex -4.767618805899598 -11.51004998142783 0
      vertex 4.767618805899597 -11.510049981427828 0
      vertex 5.177669532597065 -12.5 0
    endloop
  endfacet
  facet normal 0 0 1
    outer loop
      vertex -0.7972695505327356 -12.163982741958183 4
      vertex 5.177669532597065 -12.5 4
      vertex -0.3988483236538826 -12.183555921716026 4
    endloop
  endfacet
  facet normal 0 -1 0
    outer loop
      vertex -5.177669532597065 -12.5 4
      vertex 5.177669532597065 -12.5 0
      vertex 5.177669532597065 -12.5 4
    endloop
  endfacet
  facet normal 0 0 1
    outer loop
      vertex -0.3988483236538826 -12.183555921716026 4
      vertex 5.177669532597065 -12.5 4
      vertex 0 -12.190082644628099 4
    endloop
  endfacet
  facet normal 0 0 1
    outer loop
      vertex 0 -12.190082644628099 4
      vertex 5.177669532597065 -12.5 4
      vertex 0.3988483236538826 -12.183555921716026 4
    endloop
  endfacet
  facet normal 0 0 1
    outer loop
      vertex 0.3988483236538826 -12.183555921716026 4
      vertex 5.177669532597065 -12.5 4
      vertex 0.7972695505327356 -12.163982741958183 4
    endloop
  endfacet
  facet normal 0 0 1
    outer loop
      vertex 0.7972695505327356 -12.163982741958183 4
      vertex 5.177669532597065 -12.5 4
      vertex 1.1948370412074536 -12.131384064805706 4
    endloop
  endfacet
  facet normal 0 0 1
    outer loop
      vertex 1.1948370412074536 -12.131384064805706 4
      vertex 5.177669532597065 -12.5 4
      vertex 1.5911250704510418 -12.085794797738597 4
    endloop
  endfacet
  facet normal 0 0 1
    outer loop
      vertex 1.5911250704510418 -12.085794797738597 4
      vertex 5.177669532597065 -12.5 4
      vertex 1.9857092831158543 -12.02726375888592 4
    endloop
  endfacet
  facet normal 0 0 1
    outer loop
      vertex 1.9857092831158543 -12.02726375888592 4
      vertex 5.177669532597065 -12.5 4
      vertex 2.3781671485437124 -11.955853624750123 4
    endloop
  endfacet
  facet normal 0 0 1
    outer loop
      vertex 2.3781671485437124 -11.955853624750123 4
      vertex 5.177669532597065 -12.5 4
      vertex 2.768078413022318 -11.871640863091462 4
    endloop
  endfacet
  facet normal 0 0 1
    outer loop
      vertex 2.768078413022318 -11.871640863091462 4
      vertex 5.177669532597065 -12.5 4
      vertex 3.1550255498034554 -11.774715651044428 4
    endloop
  endfacet
  facet normal 0 0 1
    outer loop
      vertex 3.1550255498034554 -11.774715651044428 4
      vertex 5.177669532597065 -12.5 4
      vertex 3.53859420620109 -11.665181778553784 4
    endloop
  endfacet
  facet normal 0 0 1
    outer loop
      vertex 3.53859420620109 -11.665181778553784 4
      vertex 5.177669532597065 -12.5 4
      vertex 3.918373647290606 -11.543156537233726 4
    endloop
  endfacet
  facet normal 0 0 1
    outer loop
      vertex 3.918373647290606 -11.543156537233726 4
      vertex 5.177669532597065 -12.5 4
      vertex 4.293957195734045 -11.408770594769052 4
    endloop
  endfacet
  facet normal 0 0 1
    outer loop
      vertex 4.293957195734045 -11.408770594769052 4
      vertex 5.177669532597065 -12.5 4
      vertex 4.664942667260392 -11.262167854992958 4
    endloop
  endfacet
  facet normal 0 0 1
    outer loop
      vertex 4.664942667260392 -11.262167854992958 4
      vertex 5.177669532597065 -12.5 4
      vertex 5.030932801334563 -11.103505303791191 4
    endloop
  endfacet
  facet normal 0 0 1
    outer loop
      vertex 5.177669532597065 -12.5 4
      vertex 5.391535686553942 -10.932952840997645 4
      vertex 5.030932801334563 -11.103505303791191 4
    endloop
  endfacet
  facet normal 0 0 1
    outer loop
      vertex 5.177669532597065 -12.5 4
      vertex 5.7463651803169125 -10.750693098461353 4
      vertex 5.391535686553942 -10.932952840997645 4
    endloop
  endfacet
  facet normal 0 0 1
    outer loop
      vertex 5.177669532597065 -12.5 4
      vertex 6.095041322314049 -10.556921244479726 4
      vertex 5.7463651803169125 -10.750693098461353 4
    endloop
  endfacet
  facet normal 0 0 1
    outer loop
      vertex 5.177669532597065 -12.5 4
      vertex 6.437190741399113 -10.35184477480747 4
      vertex 6.095041322314049 -10.556921244479726 4
    endloop
  endfacet
  facet normal 0 0 1
    outer loop
      vertex 5.177669532597065 -12.5 4
      vertex 6.772447055404242 -10.135683290464911 4
      vertex 6.437190741399113 -10.35184477480747 4
    endloop
  endfacet
  facet normal 0 0 -1
    outer loop
      vertex 5.177669532597065 -12.5 0
      vertex 4.767618805899597 -11.510049981427828 0
      vertex 12.5 -5.177669532597065 0
    endloop
  endfacet
  facet normal 0.7071067811865475 -0.7071067811865475 0
    outer loop
      vertex 5.177669532597065 -12.5 0
      vertex 12.5 -5.177669532597065 0
      vertex 5.177669532597065 -12.5 4
    endloop
  endfacet
  facet normal 0 0 1
    outer loop
      vertex 5.177669532597065 -12.5 4
      vertex 7.100451263471141 -9.908668262583738 4
      vertex 6.772447055404242 -10.135683290464911 4
    endloop
  endfacet
  facet normal 0 0 1
    outer loop
      vertex 5.177669532597065 -12.5 4
      vertex 7.420852130478206 -9.671042784541916 4
      vertex 7.100451263471141 -9.908668262583738 4
    endloop
  endfacet
  facet normal 0 0 1
    outer loop
      vertex 5.177669532597065 -12.5 4
      vertex 7.733306563151876 -9.423061311653198 4
      vertex 7.420852130478206 -9.671042784541916 4
    endloop
  endfacet
  facet normal 0 0 1
    outer loop
      vertex 5.177669532597065 -12.5 4
      vertex 7.83470172314152 -9.337033925015056 4
      vertex 7.733306563151876 -9.423061311653198 4
    endloop
  endfacet
  facet normal 0 0 1
    outer loop
      vertex 5.177669532597065 -12.5 4
      vertex 8.065536925676628 -9.612132606920436 4
      vertex 7.83470172314152 -9.337033925015056 4
    endloop
  endfacet
  facet normal 0.7071067811865476 -0.7071067811865476 -1.6515528425238962e-15
    outer loop
      vertex 5.177669532597065 -12.5 4
      vertex 8.06553692567663 -9.612132606920435 3.99
      vertex 8.065536925676628 -9.612132606920436 4
    endloop
  endfacet
  facet normal 0.7071067811865476 -0.7071067811865476 -7.282718069123013e-17
    outer loop
      vertex 5.177669532597065 -12.5 4
      vertex 12.5 -5.177669532597065 0
      vertex 8.06553692567663 -9.612132606920435 3.99
    endloop
  endfacet
  facet normal 0 0 -1
    outer loop
      vertex 4.767618805899597 -11.510049981427828 0
      vertex 11.51004998142783 -4.767618805899597 0
      vertex 12.5 -5.177669532597065 0
    endloop
  endfacet
  facet normal 0.7071067811865476 -0.7071067811865476 0
    outer loop
      vertex 12.5 -5.177669532597065 0
      vertex 12.5 -5.177669532597065 3.99
      vertex 8.06553692567663 -9.612132606920435 3.99
    endloop
  endfacet
  facet normal 0 0 -1
    outer loop
      vertex 11.51004998142783 -4.767618805899597 0
      vertex 12.5 5.177669532597065 0
      vertex 12.5 -5.177669532597065 0
    endloop
  endfacet
  facet normal 1 0 0
    outer loop
      vertex 12.5 -5.177669532597065 0
      vertex 12.5 5.177669532597065 0
      vertex 12.5 -5.177669532597065 3.99
    endloop
  endfacet
  facet normal 0 0 -1
    outer loop
      vertex -5.177669532597065 12.5 0
      vertex 5.177669532597065 12.5 0
      vertex 4.767618805899598 11.51004998142783 0
    endloop
  endfacet
  facet normal 0 1 0
    outer loop
      vertex -5.177669532597065 12.5 0
      vertex 5.177669532597065 12.5 4
      vertex 5.177669532597065 12.5 0
    endloop
  endfacet
  facet normal 0 0 1
    outer loop
      vertex -5.177669532597065 12.5 4
      vertex 0.7972695505327356 12.163982741958183 4
      vertex 5.177669532597065 12.5 4
    endloop
  endfacet
  facet normal 0 0 1
    outer loop
      vertex 0.7972695505327356 12.163982741958183 4
      vertex 1.1948370412074536 12.131384064805706 4
      vertex 5.177669532597065 12.5 4
    endloop
  endfacet
  facet normal 0 0 1
    outer loop
      vertex 1.1948370412074536 12.131384064805706 4
      vertex 1.5911250704510418 12.085794797738597 4
      vertex 5.177669532597065 12.5 4
    endloop
  endfacet
  facet normal 0 0 1
    outer loop
      vertex 1.5911250704510418 12.085794797738597 4
      vertex 1.9857092831158543 12.02726375888592 4
      vertex 5.177669532597065 12.5 4
    endloop
  endfacet
  facet normal 0 0 1
    outer loop
      vertex 2.3781671485437124 11.955853624750123 4
      vertex 2.768078413022318 11.871640863091462 4
      vertex 5.177669532597065 12.5 4
    endloop
  endfacet
  facet normal 0 0 1
    outer loop
      vertex 1.9857092831158543 12.02726375888592 4
      vertex 2.3781671485437124 11.955853624750123 4
      vertex 5.177669532597065 12.5 4
    endloop
  endfacet
  facet normal 0 0 1
    outer loop
      vertex 2.768078413022318 11.871640863091462 4
      vertex 3.1550255498034554 11.774715651044428 4
      vertex 5.177669532597065 12.5 4
    endloop
  endfacet
  facet normal 0 0 1
    outer loop
      vertex 3.53859420620109 11.665181778553784 4
      vertex 5.177669532597065 12.5 4
      vertex 3.1550255498034554 11.774715651044428 4
    endloop
  endfacet
  facet normal 0 0 1
    outer loop
      vertex 3.53859420620109 11.665181778553784 4
      vertex 3.918373647290606 11.543156537233726 4
      vertex 5.177669532597065 12.5 4
    endloop
  endfacet
  facet normal 0 0 1
    outer loop
      vertex 3.918373647290606 11.543156537233726 4
      vertex 4.293957195734045 11.408770594769052 4
      vertex 5.177669532597065 12.5 4
    endloop
  endfacet
  facet normal 0.7071067811865476 0.7071067811865476 0
    outer loop
      vertex 5.177669532597065 12.5 0
      vertex 5.177669532597065 12.5 4
      vertex 8.06553692567663 9.612132606920435 3.99
    endloop
  endfacet
  facet normal 0 0 1
    outer loop
      vertex 4.664942667260392 11.262167854992958 4
      vertex 5.030932801334563 11.103505303791191 4
      vertex 5.177669532597065 12.5 4
    endloop
  endfacet
  facet normal 0 0 1
    outer loop
      vertex 5.391535686553942 10.932952840997645 4
      vertex 5.177669532597065 12.5 4
      vertex 5.030932801334563 11.103505303791191 4
    endloop
  endfacet
  facet normal 0 0 1
    outer loop
      vertex 5.391535686553942 10.932952840997645 4
      vertex 5.7463651803169125 10.750693098461353 4
      vertex 5.177669532597065 12.5 4
    endloop
  endfacet
  facet normal 0 0 1
    outer loop
      vertex 4.293957195734045 11.408770594769052 4
      vertex 4.664942667260392 11.262167854992958 4
      vertex 5.177669532597065 12.5 4
    endloop
  endfacet
  facet normal 0 0 1
    outer loop
      vertex 5.7463651803169125 10.750693098461353 4
      vertex 6.095041322314049 10.556921244479726 4
      vertex 5.177669532597065 12.5 4
    endloop
  endfacet
  facet normal 0 0 1
    outer loop
      vertex 6.095041322314049 10.556921244479726 4
      vertex 6.437190741399113 10.35184477480747 4
      vertex 5.177669532597065 12.5 4
    endloop
  endfacet
  facet normal 0 0 1
    outer loop
      vertex 5.177669532597065 12.5 4
      vertex 6.437190741399113 10.35184477480747 4
      vertex 6.772447055404242 10.135683290464911 4
    endloop
  endfacet
  facet normal 0 0 -1
    outer loop
      vertex 11.51004998142783 -4.767618805899597 0
      vertex 11.510049981427828 4.767618805899597 0
      vertex 12.5 5.177669532597065 0
    endloop
  endfacet
  facet normal 1 0 0
    outer loop
      vertex 12.5 5.177669532597065 0
      vertex 12.5 5.177669532597065 3.99
      vertex 12.5 -5.177669532597065 3.99
    endloop
  endfacet
  facet normal 0.7071067811865476 0.7071067811865476 4.724491778035032e-17
    outer loop
      vertex 5.177669532597065 12.5 0
      vertex 8.06553692567663 9.612132606920435 3.99
      vertex 12.5 5.177669532597065 3.99
    endloop
  endfacet
  facet normal 0 0 -1
    outer loop
      vertex 4.767618805899598 11.51004998142783 0
      vertex 5.177669532597065 12.5 0
      vertex 11.510049981427828 4.767618805899597 0
    endloop
  endfacet
  facet normal 0 0 1
    outer loop
      vertex 5.177669532597065 12.5 4
      vertex 6.772447055404242 10.135683290464911 4
      vertex 7.100451263471141 9.908668262583738 4
    endloop
  endfacet
  facet normal 0 0 1
    outer loop
      vertex 5.177669532597065 12.5 4
      vertex 7.100451263471141 9.908668262583738 4
      vertex 7.420852130478206 9.671042784541916 4
    endloop
  endfacet
  facet normal 0 0 1
    outer loop
      vertex 5.177669532597065 12.5 4
      vertex 7.420852130478206 9.671042784541916 4
      vertex 7.733306563151876 9.423061311653198 4
    endloop
  endfacet
  facet normal 0 0 1
    outer loop
      vertex 5.177669532597065 12.5 4
      vertex 7.733306563151876 9.423061311653198 4
      vertex 8.06553692567663 9.612132606920435 4
    endloop
  endfacet
  facet normal 0.7071067811865476 0.7071067811865476 6.528745221100113e-15
    outer loop
      vertex 5.177669532597065 12.5 4
      vertex 8.06553692567663 9.612132606920435 4
      vertex 8.06553692567663 9.612132606920435 3.99
    endloop
  endfacet
  facet normal 0 0 1
    outer loop
      vertex 7.733306563151876 9.423061311653198 4
      vertex 7.834701723141521 9.337033925015056 4
      vertex 8.06553692567663 9.612132606920435 4
    endloop
  endfacet
  facet normal 0 0 -1
    outer loop
      vertex 5.177669532597065 12.5 0
      vertex 12.5 5.177669532597065 0
      vertex 11.510049981427828 4.767618805899597 0
    endloop
  endfacet
  facet normal 0.7071067811865475 0.7071067811865475 -1.343516533525155e-18
    outer loop
      vertex 5.177669532597065 12.5 0
      vertex 12.5 5.177669532597065 3.99
      vertex 12.5 5.177669532597065 0
    endloop
  endfacet
  facet normal -0.4229952655597842 -0.5703430917512354 0.704119139780797
    outer loop
      vertex -7.100451263471141 -9.908668262583738 4
      vertex -6.696375719095927 -8.726886743203586 5.2
      vertex -7.420852130478206 -9.671042784541916 4
    endloop
  endfacet
  facet normal -0.40410768574133127 -0.5838777400442122 0.7041191397807965
    outer loop
      vertex -7.100451263471141 -9.908668262583738 4
      vertex -6.772447055404242 -10.135683290464911 4
      vertex -6.407254665545824 -8.941313530507768 5.2
    endloop
  endfacet
  facet normal -0.38478737729118756 -0.5967871574286092 0.7041191397807972
    outer loop
      vertex -6.437190741399113 -10.35184477480747 4
      vertex -6.111272563215624 -9.146165735327997 5.2
      vertex -6.772447055404242 -10.135683290464911 4
    endloop
  endfacet
  facet normal -0.40410768574132727 -0.583877740044214 0.7041191397807971
    outer loop
      vertex -6.772447055404242 -10.135683290464911 4
      vertex -6.111272563215624 -9.146165735327997 5.2
      vertex -6.407254665545824 -8.941313530507768 5.2
    endloop
  endfacet
  facet normal -0.4593918231618356 -0.5414567293943217 0.7041191397807967
    outer loop
      vertex -7.733306563151876 -9.423061311653198 4
      vertex -6.9783261258001 -8.503114986990107 5.2
      vertex -7.834701723141521 -9.337033925015056 4
    endloop
  endfacet
  facet normal -0.4414298914530036 -0.5561977057900729 0.7041191397807967
    outer loop
      vertex -7.733306563151876 -9.423061311653198 4
      vertex -7.420852130478206 -9.671042784541916 4
      vertex -6.9783261258001 -8.503114986990107 5.2
    endloop
  endfacet
  facet normal -0.4593918231618398 -0.5414567293943178 0.704119139780797
    outer loop
      vertex -6.9783261258001 -8.503114986990107 5.2
      vertex -7.069822368475502 -8.425486206233925 5.2
      vertex -7.834701723141521 -9.337033925015056 4
    endloop
  endfacet
  facet normal -0.44142989145300165 -0.5561977057900741 0.704119139780797
    outer loop
      vertex -7.420852130478206 -9.671042784541916 4
      vertex -6.696375719095927 -8.726886743203586 5.2
      vertex -6.9783261258001 -8.503114986990107 5.2
    endloop
  endfacet
  facet normal -0.4229952655597871 -0.570343091751234 0.7041191397807963
    outer loop
      vertex -7.100451263471141 -9.908668262583738 4
      vertex -6.407254665545824 -8.941313530507768 5.2
      vertex -6.696375719095927 -8.726886743203586 5.2
    endloop
  endfacet
  facet normal -0.34493177039940015 -0.6206756888774412 0.7041191397807968
    outer loop
      vertex -6.095041322314049 -10.556921244479726 4
      vertex -5.7463651803169125 -10.750693098461353 4
      vertex -5.5 -9.526279441628825 5.2
    endloop
  endfacet
  facet normal -0.36505502887957136 -0.6090575201769417 0.704119139780797
    outer loop
      vertex -6.437190741399113 -10.35184477480747 4
      vertex -6.095041322314049 -10.556921244479726 4
      vertex -5.808746357154048 -9.341223996792367 5.2
    endloop
  endfacet
  facet normal -0.3847873772911886 -0.5967871574286087 0.704119139780797
    outer loop
      vertex -6.437190741399113 -10.35184477480747 4
      vertex -5.808746357154048 -9.341223996792367 5.2
      vertex -6.111272563215624 -9.146165735327997 5.2
    endloop
  endfacet
  facet normal -0.3650550288795724 -0.6090575201769414 0.7041191397807969
    outer loop
      vertex -6.095041322314049 -10.556921244479726 4
      vertex -5.5 -9.526279441628825 5.2
      vertex -5.808746357154048 -9.341223996792367 5.2
    endloop
  endfacet
  facet normal -0.344931770399401 -0.620675688877441 0.7041191397807967
    outer loop
      vertex -5.7463651803169125 -10.750693098461353 4
      vertex -5.1853641050859745 -9.701133907831906 5.2
      vertex -5.5 -9.526279441628825 5.2
    endloop
  endfacet
  facet normal -0.30359911271186946 -0.641906391738637 0.7041191397807968
    outer loop
      vertex -5.030932801334563 -11.103505303791191 4
      vertex -4.865175592409014 -9.865600156859571 5.2
      vertex -5.391535686553942 -10.932952840997645 4
    endloop
  endfacet
  facet normal -0.3244391503398824 -0.6316292225040622 0.7041191397807968
    outer loop
      vertex -5.7463651803169125 -10.750693098461353 4
      vertex -5.391535686553942 -10.932952840997645 4
      vertex -5.1853641050859745 -9.701133907831906 5.2
    endloop
  endfacet
  facet normal -0.32443915033988224 -0.6316292225040622 0.7041191397807968
    outer loop
      vertex -5.391535686553942 -10.932952840997645 4
      vertex -4.865175592409014 -9.865600156859571 5.2
      vertex -5.1853641050859745 -9.701133907831906 5.2
    endloop
  endfacet
  facet normal -0.28243397354963795 -0.6514961915309355 0.7041191397807968
    outer loop
      vertex -5.030932801334563 -11.103505303791191 4
      vertex -4.664942667260392 -11.262167854992958 4
      vertex -4.539777327848342 -10.019502074132934 5.2
    endloop
  endfacet
  facet normal -0.30359911271186996 -0.6419063917386367 0.7041191397807967
    outer loop
      vertex -5.030932801334563 -11.103505303791191 4
      vertex -4.539777327848342 -10.019502074132934 5.2
      vertex -4.865175592409014 -9.865600156859571 5.2
    endloop
  endfacet
  facet normal -0.2609663970143247 -0.6603883528831442 0.7041191397807971
    outer loop
      vertex -4.664942667260392 -11.262167854992958 4
      vertex -4.293957195734045 -11.408770594769052 4
      vertex -4.2095177560159875 -10.162674857624154 5.2
    endloop
  endfacet
  facet normal -0.2392193711245964 -0.6685733538461605 0.7041191397807968
    outer loop
      vertex -4.293957195734045 -11.408770594769052 4
      vertex -3.918373647290606 -11.543156537233726 4
      vertex -3.8747505271335685 -10.294965194330583 5.2
    endloop
  endfacet
  facet normal -0.21721618314047195 -0.6760424297159432 0.7041191397807967
    outer loop
      vertex -3.918373647290606 -11.543156537233726 4
      vertex -3.53859420620109 -11.665181778553784 4
      vertex -3.5358341183347775 -10.416231424446163 5.2
    endloop
  endfacet
  facet normal -0.19498039462677882 -0.6827875824189663 0.7041191397807964
    outer loop
      vertex -3.1550255498034554 -11.774715651044428 4
      vertex -3.1931314497990857 -10.526343693054297 5.2
      vertex -3.53859420620109 -11.665181778553784 4
    endloop
  endfacet
  facet normal -0.28243397354963545 -0.6514961915309362 0.7041191397807971
    outer loop
      vertex -4.664942667260392 -11.262167854992958 4
      vertex -4.2095177560159875 -10.162674857624154 5.2
      vertex -4.539777327848342 -10.019502074132934 5.2
    endloop
  endfacet
  facet normal -0.26096639701432667 -0.6603883528831438 0.7041191397807968
    outer loop
      vertex -4.293957195734045 -11.408770594769052 4
      vertex -3.8747505271335685 -10.294965194330583 5.2
      vertex -4.2095177560159875 -10.162674857624154 5.2
    endloop
  endfacet
  facet normal -0.23921937112459718 -0.6685733538461602 0.7041191397807967
    outer loop
      vertex -3.918373647290606 -11.543156537233726 4
      vertex -3.5358341183347775 -10.416231424446163 5.2
      vertex -3.8747505271335685 -10.294965194330583 5.2
    endloop
  endfacet
  facet normal -0.21721618314047256 -0.6760424297159431 0.7041191397807965
    outer loop
      vertex -3.53859420620109 -11.665181778553784 4
      vertex -3.1931314497990857 -10.526343693054297 5.2
      vertex -3.5358341183347775 -10.416231424446163 5.2
    endloop
  endfacet
  facet normal -0.17253581622277905 -0.6888015890767744 0.7041191397807972
    outer loop
      vertex -3.1550255498034554 -11.774715651044428 4
      vertex -2.768078413022318 -11.871640863091462 4
      vertex -2.847009496127728 -10.62518408917975 5.2
    endloop
  endfacet
  facet normal -0.19498039462677424 -0.682787582418967 0.7041191397807973
    outer loop
      vertex -3.1550255498034554 -11.774715651044428 4
      vertex -2.847009496127728 -10.62518408917975 5.2
      vertex -3.1931314497990857 -10.526343693054297 5.2
    endloop
  endfacet
  facet normal -0.1499064821452287 -0.6940780097403988 0.7041191397807967
    outer loop
      vertex -2.768078413022318 -11.871640863091462 4
      vertex -2.3781671485437124 -11.955853624750123 4
      vertex -2.4978388933781055 -10.71264677205067 5.2
    endloop
  endfacet
  facet normal -0.17253581622278263 -0.688801589076774 0.7041191397807967
    outer loop
      vertex -2.768078413022318 -11.871640863091462 4
      vertex -2.4978388933781055 -10.71264677205067 5.2
      vertex -2.847009496127728 -10.62518408917975 5.2
    endloop
  endfacet
  facet normal -0.12711662445184116 -0.6986111942864357 0.7041191397807971
    outer loop
      vertex -2.3781671485437124 -11.955853624750123 4
      vertex -1.9857092831158543 -12.02726375888592 4
      vertex -2.145993542177411 -10.788638084435535 5.2
    endloop
  endfacet
  facet normal -0.14990648214522656 -0.6940780097403989 0.7041191397807971
    outer loop
      vertex -2.3781671485437124 -11.955853624750123 4
      vertex -2.145993542177411 -10.788638084435535 5.2
      vertex -2.4978388933781055 -10.71264677205067 5.2
    endloop
  endfacet
  facet normal -0.12711662445184402 -0.6986111942864356 0.7041191397807967
    outer loop
      vertex -1.9857092831158543 -12.02726375888592 4
      vertex -1.791850207340476 -10.85307665293367 5.2
      vertex -2.145993542177411 -10.788638084435535 5.2
    endloop
  endfacet
  facet normal -0.10419064709307077 -0.7023962884673282 0.7041191397807965
    outer loop
      vertex -1.9857092831158543 -12.02726375888592 4
      vertex -1.5911250704510418 -12.085794797738597 4
      vertex -1.791850207340476 -10.85307665293367 5.2
    endloop
  endfacet
  facet normal -0.10419064709307102 -0.7023962884673282 0.7041191397807964
    outer loop
      vertex -1.5911250704510418 -12.085794797738597 4
      vertex -1.4357881144205673 -10.905893475111915 5.2
      vertex -1.791850207340476 -10.85307665293367 5.2
    endloop
  endfacet
  facet normal -0.05802865169442197 -0.7077067984531996 0.7041191397807971
    outer loop
      vertex -1.1948370412074536 -12.131384064805706 4
      vertex -0.7972695505327356 -12.163982741958183 4
      vertex -1.0781885436251666 -10.947031993394166 5.2
    endloop
  endfacet
  facet normal -0.081153099779704 -0.7054292391094208 0.7041191397807967
    outer loop
      vertex -1.5911250704510418 -12.085794797738597 4
      vertex -1.1948370412074536 -12.131384064805706 4
      vertex -1.4357881144205673 -10.905893475111915 5.2
    endloop
  endfacet
  facet normal -0.08115309977970092 -0.7054292391094208 0.7041191397807971
    outer loop
      vertex -1.1948370412074536 -12.131384064805706 4
      vertex -1.0781885436251666 -10.947031993394166 5.2
      vertex -1.4357881144205673 -10.905893475111915 5.2
    endloop
  endfacet
  facet normal -0.05802865169442204 -0.7077067984531997 0.7041191397807971
    outer loop
      vertex -0.7972695505327356 -12.163982741958183 4
      vertex -0.7194344215315737 -10.976448155624638 5.2
      vertex -1.0781885436251666 -10.947031993394166 5.2
    endloop
  endfacet
  facet normal -0.03484206507545141 -0.7092265276310725 0.7041191397807971
    outer loop
      vertex -0.7972695505327356 -12.163982741958183 4
      vertex -0.3988483236538826 -12.183555921716026 4
      vertex -0.7194344215315737 -10.976448155624638 5.2
    endloop
  endfacet
  facet normal -0.011618168700501547 -0.709986799278971 0.7041191397807963
    outer loop
      vertex -0.3988483236538826 -12.183555921716026 4
      vertex 0 -12.190082644628099 4
      vertex -0.3599099110395375 -10.994110462240023 5.2
    endloop
  endfacet
  facet normal -0.03484206507545602 -0.709226527631073 0.7041191397807963
    outer loop
      vertex -0.3988483236538826 -12.183555921716026 4
      vertex -0.3599099110395375 -10.994110462240023 5.2
      vertex -0.7194344215315737 -10.976448155624638 5.2
    endloop
  endfacet
  facet normal -0.011618168700497986 -0.7099867992789706 0.704119139780797
    outer loop
      vertex -0.3599099110395375 -10.994110462240023 5.2
      vertex 0 -12.190082644628099 4
      vertex 0 -11 5.2
    endloop
  endfacet
  facet normal 0 0 1
    outer loop
      vertex -6.696375719095927 -8.726886743203586 5.2
      vertex -7.069822368475502 -8.425486206233925 5.2
      vertex -6.9783261258001 -8.503114986990107 5.2
    endloop
  endfacet
  facet normal 0 0 1
    outer loop
      vertex -6.696375719095927 -8.726886743203586 5.2
      vertex -6.350071136103322 -7.836833857317964 5.2
      vertex -7.069822368475502 -8.425486206233925 5.2
    endloop
  endfacet
  facet normal 0 0 1
    outer loop
      vertex -6.696375719095927 -8.726886743203586 5.2
      vertex -6.407254665545824 -8.941313530507768 5.2
      vertex -6.350071136103322 -7.836833857317964 5.2
    endloop
  endfacet
  facet normal 0 0 1
    outer loop
      vertex -6.407254665545824 -8.941313530507768 5.2
      vertex -6.206686396390175 -7.932400707753005 5.2
      vertex -6.350071136103322 -7.836833857317964 5.2
    endloop
  endfacet
  facet normal 0 0 1
    outer loop
      vertex -6.350071136103322 -7.836833857317964 5.2
      vertex -6.492292631196387 -7.737213067034199 5.2
      vertex -7.069822368475502 -8.425486206233925 5.2
    endloop
  endfacet
  facet normal 0 0 1
    outer loop
      vertex -5.1853641050859745 -9.701133907831906 5.2
      vertex -4.865175592409014 -9.865600156859571 5.2
      vertex -4.758417453081205 -8.722947890572147 5.2
    endloop
  endfacet
  facet normal 0 0 1
    outer loop
      vertex -4.865175592409014 -9.865600156859571 5.2
      vertex -4.539777327848342 -10.019502074132934 5.2
      vertex -4.425123727075035 -8.863105946199088 5.2
    endloop
  endfacet
  facet normal 0 0 1
    outer loop
      vertex -4.2095177560159875 -10.162674857624154 5.2
      vertex -3.8747505271335685 -10.294965194330583 5.2
      vertex -3.7473604612035425 -9.105333069454002 5.2
    endloop
  endfacet
  facet normal 0 0 1
    outer loop
      vertex -4.2095177560159875 -10.162674857624154 5.2
      vertex -4.087945127917093 -8.990599889260121 5.2
      vertex -4.539777327848342 -10.019502074132934 5.2
    endloop
  endfacet
  facet normal 0 0 1
    outer loop
      vertex -4.2095177560159875 -10.162674857624154 5.2
      vertex -3.9733198875292906 -9.030331060539991 5.2
      vertex -4.087945127917093 -8.990599889260121 5.2
    endloop
  endfacet
  facet normal 0 0 1
    outer loop
      vertex -4.2095177560159875 -10.162674857624154 5.2
      vertex -3.7473604612035425 -9.105333069454002 5.2
      vertex -3.9733198875292906 -9.030331060539991 5.2
    endloop
  endfacet
  facet normal 0 0 1
    outer loop
      vertex -3.8747505271335685 -10.294965194330583 5.2
      vertex -3.5358341183347775 -10.416231424446163 5.2
      vertex -3.403850405990855 -9.2072268577398 5.2
    endloop
  endfacet
  facet normal 0 0 1
    outer loop
      vertex -3.8747505271335685 -10.294965194330583 5.2
      vertex -3.6383339419229688 -9.13874139194391 5.2
      vertex -3.7473604612035425 -9.105333069454002 5.2
    endloop
  endfacet
  facet normal 0 0 1
    outer loop
      vertex -3.8747505271335685 -10.294965194330583 5.2
      vertex -3.403850405990855 -9.2072268577398 5.2
      vertex -3.6383339419229688 -9.13874139194391 5.2
    endloop
  endfacet
  facet normal 0 0 1
    outer loop
      vertex -3.5358341183347775 -10.416231424446163 5.2
      vertex -3.1931314497990857 -10.526343693054297 5.2
      vertex -3.0578968393051533 -9.296220654163047 5.2
    endloop
  endfacet
  facet normal 0 0 1
    outer loop
      vertex -3.5358341183347775 -10.416231424446163 5.2
      vertex -3.3007214164601475 -9.23477413946112 5.2
      vertex -3.403850405990855 -9.2072268577398 5.2
    endloop
  endfacet
  facet normal 0 0 1
    outer loop
      vertex -3.5358341183347775 -10.416231424446163 5.2
      vertex -3.0578968393051533 -9.296220654163047 5.2
      vertex -3.3007214164601475 -9.23477413946112 5.2
    endloop
  endfacet
  facet normal 0 0 1
    outer loop
      vertex -6.407254665545824 -8.941313530507768 5.2
      vertex -6.111272563215624 -9.146165735327997 5.2
      vertex -6.0432709605429915 -8.03823572320152 5.2
    endloop
  endfacet
  facet normal 0 0 1
    outer loop
      vertex -6.111272563215624 -9.146165735327997 5.2
      vertex -5.808746357154048 -9.341223996792367 5.2
      vertex -5.730243643347349 -8.227724995756487 5.2
    endloop
  endfacet
  facet normal 0 0 1
    outer loop
      vertex -5.5 -9.526279441628825 5.2
      vertex -5.411448489429565 -8.405115924715062 5.2
      vertex -5.808746357154048 -9.341223996792367 5.2
    endloop
  endfacet
  facet normal 0 0 1
    outer loop
      vertex -5.808746357154048 -9.341223996792367 5.2
      vertex -5.5929805438042175 -8.305453873019777 5.2
      vertex -5.730243643347349 -8.227724995756487 5.2
    endloop
  endfacet
  facet normal 0 0 1
    outer loop
      vertex -5.808746357154048 -9.341223996792367 5.2
      vertex -5.411448489429565 -8.405115924715062 5.2
      vertex -5.5929805438042175 -8.305453873019777 5.2
    endloop
  endfacet
  facet normal 0 0 1
    outer loop
      vertex -6.407254665545824 -8.941313530507768 5.2
      vertex -6.0432709605429915 -8.03823572320152 5.2
      vertex -6.206686396390175 -7.932400707753005 5.2
    endloop
  endfacet
  facet normal 0 0 1
    outer loop
      vertex -6.111272563215624 -9.146165735327997 5.2
      vertex -5.9027157218346336 -8.124715304617359 5.2
      vertex -6.0432709605429915 -8.03823572320152 5.2
    endloop
  endfacet
  facet normal 0 0 1
    outer loop
      vertex -6.111272563215624 -9.146165735327997 5.2
      vertex -5.730243643347349 -8.227724995756487 5.2
      vertex -5.9027157218346336 -8.124715304617359 5.2
    endloop
  endfacet
  facet normal 0 0 1
    outer loop
      vertex -5.5 -9.526279441628825 5.2
      vertex -5.1853641050859745 -9.701133907831906 5.2
      vertex -5.087350050273549 -8.5702403607755 5.2
    endloop
  endfacet
  facet normal 0 0 1
    outer loop
      vertex -5.5 -9.526279441628825 5.2
      vertex -5.277919279648064 -8.47445197449828 5.2
      vertex -5.411448489429565 -8.405115924715062 5.2
    endloop
  endfacet
  facet normal 0 0 1
    outer loop
      vertex -5.5 -9.526279441628825 5.2
      vertex -5.087350050273549 -8.5702403607755 5.2
      vertex -5.277919279648064 -8.47445197449828 5.2
    endloop
  endfacet
  facet normal 0 0 1
    outer loop
      vertex -5.1853641050859745 -9.701133907831906 5.2
      vertex -4.758417453081205 -8.722947890572147 5.2
      vertex -4.957974666792562 -8.631561692318535 5.2
    endloop
  endfacet
  facet normal 0 0 1
    outer loop
      vertex -4.865175592409014 -9.865600156859571 5.2
      vertex -4.633593142935452 -8.776651727673295 5.2
      vertex -4.758417453081205 -8.722947890572147 5.2
    endloop
  endfacet
  facet normal 0 0 1
    outer loop
      vertex -5.1853641050859745 -9.701133907831906 5.2
      vertex -4.957974666792562 -8.631561692318535 5.2
      vertex -5.087350050273549 -8.5702403607755 5.2
    endloop
  endfacet
  facet normal 0 0 1
    outer loop
      vertex -4.865175592409014 -9.865600156859571 5.2
      vertex -4.425123727075035 -8.863105946199088 5.2
      vertex -4.633593142935452 -8.776651727673295 5.2
    endloop
  endfacet
  facet normal 0 0 1
    outer loop
      vertex -4.539777327848342 -10.019502074132934 5.2
      vertex -4.305224224974052 -8.909607472726815 5.2
      vertex -4.425123727075035 -8.863105946199088 5.2
    endloop
  endfacet
  facet normal 0 0 1
    outer loop
      vertex -4.539777327848342 -10.019502074132934 5.2
      vertex -4.087945127917093 -8.990599889260121 5.2
      vertex -4.305224224974052 -8.909607472726815 5.2
    endloop
  endfacet
  facet normal 0 0 1
    outer loop
      vertex -3.1931314497990857 -10.526343693054297 5.2
      vertex -2.847009496127728 -10.62518408917975 5.2
      vertex -2.7099821625803733 -9.372271870458789 5.2
    endloop
  endfacet
  facet normal 0 0 1
    outer loop
      vertex -2.847009496127728 -10.62518408917975 5.2
      vertex -2.4978388933781055 -10.71264677205067 5.2
      vertex -2.3605886309637962 -9.435355887582833 5.2
    endloop
  endfacet
  facet normal 0 0 1
    outer loop
      vertex -3.1931314497990857 -10.526343693054297 5.2
      vertex -2.960937938861967 -9.3183817284054 5.2
      vertex -3.0578968393051533 -9.296220654163047 5.2
    endloop
  endfacet
  facet normal 0 0 1
    outer loop
      vertex -3.1931314497990857 -10.526343693054297 5.2
      vertex -2.7099821625803733 -9.372271870458789 5.2
      vertex -2.960937938861967 -9.3183817284054 5.2
    endloop
  endfacet
  facet normal 0 0 1
    outer loop
      vertex -2.847009496127728 -10.62518408917975 5.2
      vertex -2.619439121686385 -9.389533295321776 5.2
      vertex -2.7099821625803733 -9.372271870458789 5.2
    endloop
  endfacet
  facet normal 0 0 1
    outer loop
      vertex -2.847009496127728 -10.62518408917975 5.2
      vertex -2.3605886309637962 -9.435355887582833 5.2
      vertex -2.619439121686385 -9.389533295321776 5.2
    endloop
  endfacet
  facet normal 0 0 1
    outer loop
      vertex -2.4978388933781055 -10.71264677205067 5.2
      vertex -2.2766799515654372 -9.448214623959137 5.2
      vertex -2.3605886309637962 -9.435355887582833 5.2
    endloop
  endfacet
  facet normal 0 0 1
    outer loop
      vertex -2.4978388933781055 -10.71264677205067 5.2
      vertex -2.145993542177411 -10.788638084435535 5.2
      vertex -2.010197686418881 -9.485465988357367 5.2
    endloop
  endfacet
  facet normal 0 0 1
    outer loop
      vertex -2.145993542177411 -10.788638084435535 5.2
      vertex -1.791850207340476 -10.85307665293367 5.2
      vertex -1.6592892955457672 -9.522613265451346 5.2
    endloop
  endfacet
  facet normal 0 0 1
    outer loop
      vertex -1.791850207340476 -10.85307665293367 5.2
      vertex -1.4357881144205673 -10.905893475111915 5.2
      vertex -1.5891937380620662 -9.528192397786293 5.2
    endloop
  endfacet
  facet normal 0 0 1
    outer loop
      vertex -2.4978388933781055 -10.71264677205067 5.2
      vertex -2.010197686418881 -9.485465988357367 5.2
      vertex -2.2766799515654372 -9.448214623959137 5.2
    endloop
  endfacet
  facet normal 0 0 1
    outer loop
      vertex -2.145993542177411 -10.788638084435535 5.2
      vertex -1.933114183077511 -9.494428058998087 5.2
      vertex -2.010197686418881 -9.485465988357367 5.2
    endloop
  endfacet
  facet normal 0 0 1
    outer loop
      vertex -2.145993542177411 -10.788638084435535 5.2
      vertex -1.6592892955457672 -9.522613265451346 5.2
      vertex -1.933114183077511 -9.494428058998087 5.2
    endloop
  endfacet
  facet normal 0 0 1
    outer loop
      vertex -1.791850207340476 -10.85307665293367 5.2
      vertex -1.5891937380620662 -9.528192397786293 5.2
      vertex -1.6592892955457672 -9.522613265451346 5.2
    endloop
  endfacet
  facet normal 0 0 1
    outer loop
      vertex -1.0781885436251666 -10.947031993394166 5.2
      vertex -1.3083412930285259 -9.546826504950197 5.2
      vertex -1.4357881144205673 -10.905893475111915 5.2
    endloop
  endfacet
  facet normal 0 0 1
    outer loop
      vertex -1.0781885436251666 -10.947031993394166 5.2
      vertex -0.7194344215315737 -10.976448155624638 5.2
      vertex -0.9020837824451906 -9.558530438081991 5.2
    endloop
  endfacet
  facet normal 0 0 1
    outer loop
      vertex -1.5891937380620662 -9.528192397786293 5.2
      vertex -1.4357881144205673 -10.905893475111915 5.2
      vertex -1.3083412930285259 -9.546826504950197 5.2
    endloop
  endfacet
  facet normal 0 0 1
    outer loop
      vertex -1.0781885436251666 -10.947031993394166 5.2
      vertex -1.2453681111719277 -9.549542760362888 5.2
      vertex -1.3083412930285259 -9.546826504950197 5.2
    endloop
  endfacet
  facet normal 0 0 1
    outer loop
      vertex -1.0781885436251666 -10.947031993394166 5.2
      vertex -0.9578287316063462 -9.558152045802519 5.2
      vertex -1.2453681111719277 -9.549542760362888 5.2
    endloop
  endfacet
  facet normal 0 0 1
    outer loop
      vertex -1.0781885436251666 -10.947031993394166 5.2
      vertex -0.9020837824451906 -9.558530438081991 5.2
      vertex -0.9578287316063462 -9.558152045802519 5.2
    endloop
  endfacet
  facet normal 0 0 1
    outer loop
      vertex -0.7194344215315737 -10.976448155624638 5.2
      vertex -0.3599099110395375 -10.994110462240023 5.2
      vertex -0.6082232394518634 -9.556653615464594 5.2
    endloop
  endfacet
  facet normal 0 0 1
    outer loop
      vertex -0.3599099110395375 -10.994110462240023 5.2
      vertex 0 -11 5.2
      vertex -0.21890639725405447 -9.539702705607946 5.2
    endloop
  endfacet
  facet normal 0 0 1
    outer loop
      vertex -0.7194344215315737 -10.976448155624638 5.2
      vertex -0.6082232394518634 -9.556653615464594 5.2
      vertex -0.9020837824451906 -9.558530438081991 5.2
    endloop
  endfacet
  facet normal 0 0 1
    outer loop
      vertex -0.3599099110395375 -10.994110462240023 5.2
      vertex -0.5597836376642015 -9.555222721173676 5.2
      vertex -0.6082232394518634 -9.556653615464594 5.2
    endloop
  endfacet
  facet normal 0 0 1
    outer loop
      vertex -0.3599099110395375 -10.994110462240023 5.2
      vertex -0.2599923858255494 -9.54241214209556 5.2
      vertex -0.5597836376642015 -9.555222721173676 5.2
    endloop
  endfacet
  facet normal 0 0 1
    outer loop
      vertex -0.3599099110395375 -10.994110462240023 5.2
      vertex -0.21890639725405447 -9.539702705607946 5.2
      vertex -0.2599923858255494 -9.54241214209556 5.2
    endloop
  endfacet
  facet normal 0 0 1
    outer loop
      vertex -0.21890639725405447 -9.539702705607946 5.2
      vertex 0 -11 5.2
      vertex 0.08640094414101687 -9.515525543687836 5.2
    endloop
  endfacet
  facet normal -0.4593918231618354 0.5414567293943214 0.704119139780797
    outer loop
      vertex -7.733306563151876 9.423061311653198 4
      vertex -7.834701723141521 9.337033925015056 4
      vertex -7.069822368475502 8.425486206233925 5.2
    endloop
  endfacet
  facet normal -0.4593918231618401 0.5414567293943179 0.7041191397807965
    outer loop
      vertex -7.733306563151876 9.423061311653198 4
      vertex -7.069822368475502 8.425486206233925 5.2
      vertex -6.9783261258001 8.503114986990107 5.2
    endloop
  endfacet
  facet normal -0.4414298914530018 0.5561977057900743 0.7041191397807967
    outer loop
      vertex -7.733306563151876 9.423061311653198 4
      vertex -6.9783261258001 8.503114986990107 5.2
      vertex -6.696375719095927 8.726886743203586 5.2
    endloop
  endfacet
  facet normal -0.4414298914530034 0.5561977057900725 0.704119139780797
    outer loop
      vertex -7.733306563151876 9.423061311653198 4
      vertex -6.696375719095927 8.726886743203586 5.2
      vertex -7.420852130478206 9.671042784541916 4
    endloop
  endfacet
  facet normal -0.4229952655597868 0.5703430917512333 0.7041191397807971
    outer loop
      vertex -7.420852130478206 9.671042784541916 4
      vertex -6.696375719095927 8.726886743203586 5.2
      vertex -6.407254665545824 8.941313530507768 5.2
    endloop
  endfacet
  facet normal -0.4041076857413277 0.5838777400442146 0.7041191397807964
    outer loop
      vertex -7.100451263471141 9.908668262583738 4
      vertex -6.407254665545824 8.941313530507768 5.2
      vertex -6.111272563215624 9.146165735327997 5.2
    endloop
  endfacet
  facet normal -0.42299526555978445 0.5703430917512359 0.7041191397807965
    outer loop
      vertex -7.420852130478206 9.671042784541916 4
      vertex -6.407254665545824 8.941313530507768 5.2
      vertex -7.100451263471141 9.908668262583738 4
    endloop
  endfacet
  facet normal -0.4041076857413308 0.5838777400442117 0.7041191397807971
    outer loop
      vertex -7.100451263471141 9.908668262583738 4
      vertex -6.111272563215624 9.146165735327997 5.2
      vertex -6.772447055404242 10.135683290464911 4
    endloop
  endfacet
  facet normal -0.38478737729118767 0.5967871574286093 0.704119139780797
    outer loop
      vertex -6.772447055404242 10.135683290464911 4
      vertex -5.808746357154048 9.341223996792367 5.2
      vertex -6.437190741399113 10.35184477480747 4
    endloop
  endfacet
  facet normal -0.38478737729118834 0.5967871574286087 0.7041191397807971
    outer loop
      vertex -6.772447055404242 10.135683290464911 4
      vertex -6.111272563215624 9.146165735327997 5.2
      vertex -5.808746357154048 9.341223996792367 5.2
    endloop
  endfacet
  facet normal -0.36505502887957214 0.6090575201769414 0.704119139780797
    outer loop
      vertex -6.437190741399113 10.35184477480747 4
      vertex -5.808746357154048 9.341223996792367 5.2
      vertex -5.5 9.526279441628825 5.2
    endloop
  endfacet
  facet normal -0.3650550288795715 0.6090575201769419 0.7041191397807969
    outer loop
      vertex -6.437190741399113 10.35184477480747 4
      vertex -5.5 9.526279441628825 5.2
      vertex -6.095041322314049 10.556921244479726 4
    endloop
  endfacet
  facet normal -0.3449317703994009 0.6206756888774407 0.7041191397807969
    outer loop
      vertex -6.095041322314049 10.556921244479726 4
      vertex -5.5 9.526279441628825 5.2
      vertex -5.1853641050859745 9.701133907831906 5.2
    endloop
  endfacet
  facet normal -0.3449317703994002 0.6206756888774413 0.7041191397807967
    outer loop
      vertex -6.095041322314049 10.556921244479726 4
      vertex -5.1853641050859745 9.701133907831906 5.2
      vertex -5.7463651803169125 10.750693098461353 4
    endloop
  endfacet
  facet normal -0.32443915033988213 0.6316292225040623 0.7041191397807968
    outer loop
      vertex -5.7463651803169125 10.750693098461353 4
      vertex -5.1853641050859745 9.701133907831906 5.2
      vertex -4.865175592409014 9.865600156859571 5.2
    endloop
  endfacet
  facet normal -0.32443915033988235 0.6316292225040621 0.7041191397807968
    outer loop
      vertex -5.7463651803169125 10.750693098461353 4
      vertex -4.865175592409014 9.865600156859571 5.2
      vertex -5.391535686553942 10.932952840997645 4
    endloop
  endfacet
  facet normal -0.30359911271186996 0.6419063917386367 0.7041191397807968
    outer loop
      vertex -5.391535686553942 10.932952840997645 4
      vertex -4.865175592409014 9.865600156859571 5.2
      vertex -4.539777327848342 10.019502074132934 5.2
    endloop
  endfacet
  facet normal -0.30359911271186946 0.641906391738637 0.7041191397807965
    outer loop
      vertex -5.391535686553942 10.932952840997645 4
      vertex -4.539777327848342 10.019502074132934 5.2
      vertex -5.030932801334563 11.103505303791191 4
    endloop
  endfacet
  facet normal -0.28243397354963584 0.6514961915309364 0.7041191397807967
    outer loop
      vertex -5.030932801334563 11.103505303791191 4
      vertex -4.539777327848342 10.019502074132934 5.2
      vertex -4.2095177560159875 10.162674857624154 5.2
    endloop
  endfacet
  facet normal -0.28243397354963773 0.6514961915309351 0.704119139780797
    outer loop
      vertex -5.030932801334563 11.103505303791191 4
      vertex -4.2095177560159875 10.162674857624154 5.2
      vertex -4.664942667260392 11.262167854992958 4
    endloop
  endfacet
  facet normal -0.2609663970143263 0.6603883528831436 0.704119139780797
    outer loop
      vertex -4.664942667260392 11.262167854992958 4
      vertex -4.2095177560159875 10.162674857624154 5.2
      vertex -3.8747505271335685 10.294965194330583 5.2
    endloop
  endfacet
  facet normal -0.23921937112459715 0.6685733538461603 0.7041191397807969
    outer loop
      vertex -4.293957195734045 11.408770594769052 4
      vertex -3.8747505271335685 10.294965194330583 5.2
      vertex -3.5358341183347775 10.416231424446163 5.2
    endloop
  endfacet
  facet normal -0.21721618314047253 0.676042429715943 0.7041191397807967
    outer loop
      vertex -3.918373647290606 11.543156537233726 4
      vertex -3.5358341183347775 10.416231424446163 5.2
      vertex -3.1931314497990857 10.526343693054297 5.2
    endloop
  endfacet
  facet normal -0.2609663970143248 0.6603883528831445 0.7041191397807968
    outer loop
      vertex -4.664942667260392 11.262167854992958 4
      vertex -3.8747505271335685 10.294965194330583 5.2
      vertex -4.293957195734045 11.408770594769052 4
    endloop
  endfacet
  facet normal -0.23921937112459649 0.6685733538461607 0.7041191397807967
    outer loop
      vertex -4.293957195734045 11.408770594769052 4
      vertex -3.5358341183347775 10.416231424446163 5.2
      vertex -3.918373647290606 11.543156537233726 4
    endloop
  endfacet
  facet normal -0.21721618314047195 0.6760424297159432 0.7041191397807965
    outer loop
      vertex -3.918373647290606 11.543156537233726 4
      vertex -3.1931314497990857 10.526343693054297 5.2
      vertex -3.53859420620109 11.665181778553784 4
    endloop
  endfacet
  facet normal -0.1949803946267744 0.6827875824189676 0.7041191397807964
    outer loop
      vertex -3.53859420620109 11.665181778553784 4
      vertex -3.1931314497990857 10.526343693054297 5.2
      vertex -2.847009496127728 10.62518408917975 5.2
    endloop
  endfacet
  facet normal -0.19498039462677863 0.6827875824189655 0.7041191397807973
    outer loop
      vertex -3.53859420620109 11.665181778553784 4
      vertex -2.847009496127728 10.62518408917975 5.2
      vertex -3.1550255498034554 11.774715651044428 4
    endloop
  endfacet
  facet normal -0.17253581622278272 0.6888015890767735 0.7041191397807973
    outer loop
      vertex -3.1550255498034554 11.774715651044428 4
      vertex -2.847009496127728 10.62518408917975 5.2
      vertex -2.4978388933781055 10.71264677205067 5.2
    endloop
  endfacet
  facet normal -0.17253581622277922 0.6888015890767749 0.7041191397807968
    outer loop
      vertex -3.1550255498034554 11.774715651044428 4
      vertex -2.4978388933781055 10.71264677205067 5.2
      vertex -2.768078413022318 11.871640863091462 4
    endloop
  endfacet
  facet normal -0.1499064821452267 0.6940780097403992 0.7041191397807967
    outer loop
      vertex -2.768078413022318 11.871640863091462 4
      vertex -2.4978388933781055 10.71264677205067 5.2
      vertex -2.145993542177411 10.788638084435535 5.2
    endloop
  endfacet
  facet normal -0.14990648214522864 0.6940780097403985 0.704119139780797
    outer loop
      vertex -2.768078413022318 11.871640863091462 4
      vertex -2.145993542177411 10.788638084435535 5.2
      vertex -2.3781671485437124 11.955853624750123 4
    endloop
  endfacet
  facet normal -0.12711662445184368 0.6986111942864351 0.7041191397807972
    outer loop
      vertex -2.3781671485437124 11.955853624750123 4
      vertex -2.145993542177411 10.788638084435535 5.2
      vertex -1.791850207340476 10.85307665293367 5.2
    endloop
  endfacet
  facet normal -0.12711662445184121 0.698611194286436 0.7041191397807965
    outer loop
      vertex -2.3781671485437124 11.955853624750123 4
      vertex -1.791850207340476 10.85307665293367 5.2
      vertex -1.9857092831158543 12.02726375888592 4
    endloop
  endfacet
  facet normal -0.10419064709307098 0.7023962884673282 0.7041191397807965
    outer loop
      vertex -1.9857092831158543 12.02726375888592 4
      vertex -1.791850207340476 10.85307665293367 5.2
      vertex -1.4357881144205673 10.905893475111915 5.2
    endloop
  endfacet
  facet normal -0.10419064709307078 0.7023962884673283 0.7041191397807967
    outer loop
      vertex -1.9857092831158543 12.02726375888592 4
      vertex -1.4357881144205673 10.905893475111915 5.2
      vertex -1.5911250704510418 12.085794797738597 4
    endloop
  endfacet
  facet normal -0.08115309977970078 0.7054292391094211 0.7041191397807964
    outer loop
      vertex -1.5911250704510418 12.085794797738597 4
      vertex -1.4357881144205673 10.905893475111915 5.2
      vertex -1.0781885436251666 10.947031993394166 5.2
    endloop
  endfacet
  facet normal -0.058028651694422076 0.7077067984531996 0.7041191397807971
    outer loop
      vertex -1.1948370412074536 12.131384064805706 4
      vertex -1.0781885436251666 10.947031993394166 5.2
      vertex -0.7194344215315737 10.976448155624638 5.2
    endloop
  endfacet
  facet normal -0.08115309977970395 0.7054292391094202 0.7041191397807971
    outer loop
      vertex -1.5911250704510418 12.085794797738597 4
      vertex -1.0781885436251666 10.947031993394166 5.2
      vertex -1.1948370412074536 12.131384064805706 4
    endloop
  endfacet
  facet normal -0.058028651694421986 0.7077067984531997 0.7041191397807971
    outer loop
      vertex -1.1948370412074536 12.131384064805706 4
      vertex -0.7194344215315737 10.976448155624638 5.2
      vertex -0.7972695505327356 12.163982741958183 4
    endloop
  endfacet
  facet normal -0.034842065075455876 0.7092265276310722 0.704119139780797
    outer loop
      vertex -0.7972695505327356 12.163982741958183 4
      vertex -0.7194344215315737 10.976448155624638 5.2
      vertex -0.3599099110395375 10.994110462240023 5.2
    endloop
  endfacet
  facet normal -0.011618168700497975 0.7099867992789711 0.7041191397807963
    outer loop
      vertex -0.3988483236538826 12.183555921716026 4
      vertex -0.3599099110395375 10.994110462240023 5.2
      vertex 0 11 5.2
    endloop
  endfacet
  facet normal -0.034842065075451435 0.7092265276310731 0.7041191397807964
    outer loop
      vertex -0.7972695505327356 12.163982741958183 4
      vertex -0.3599099110395375 10.994110462240023 5.2
      vertex -0.3988483236538826 12.183555921716026 4
    endloop
  endfacet
  facet normal -0.01161816870050154 0.7099867992789706 0.704119139780797
    outer loop
      vertex -0.3988483236538826 12.183555921716026 4
      vertex 0 11 5.2
      vertex 0 12.190082644628099 4
    endloop
  endfacet
  facet normal 0 0 1
    outer loop
      vertex -6.9783261258001 8.503114986990107 5.2
      vertex -7.069822368475502 8.425486206233925 5.2
      vertex -6.025916063803831 7.181407117368729 5.2
    endloop
  endfacet
  facet normal 0 0 1
    outer loop
      vertex -6.9783261258001 8.503114986990107 5.2
      vertex -6.025916063803831 7.181407117368729 5.2
      vertex -6.696375719095927 8.726886743203586 5.2
    endloop
  endfacet
  facet normal 0 0 1
    outer loop
      vertex -6.696375719095927 8.726886743203586 5.2
      vertex -6.025916063803831 7.181407117368729 5.2
      vertex -6.407254665545824 8.941313530507768 5.2
    endloop
  endfacet
  facet normal 0 0 1
    outer loop
      vertex -5.902840443608681 7.28489159433341 5.2
      vertex -6.111272563215624 9.146165735327997 5.2
      vertex -6.025916063803831 7.181407117368729 5.2
    endloop
  endfacet
  facet normal 0 0 1
    outer loop
      vertex -6.407254665545824 8.941313530507768 5.2
      vertex -6.025916063803831 7.181407117368729 5.2
      vertex -6.111272563215624 9.146165735327997 5.2
    endloop
  endfacet
  facet normal 0 0 1
    outer loop
      vertex -5.902840443608681 7.28489159433341 5.2
      vertex -5.808746357154048 9.341223996792367 5.2
      vertex -6.111272563215624 9.146165735327997 5.2
    endloop
  endfacet
  facet normal 0 0 1
    outer loop
      vertex -5.902840443608681 7.28489159433341 5.2
      vertex -5.6344260006232325 7.494425560868078 5.2
      vertex -5.808746357154048 9.341223996792367 5.2
    endloop
  endfacet
  facet normal 0 0 1
    outer loop
      vertex -5.6344260006232325 7.494425560868078 5.2
      vertex -5.35858017761371 7.69407494920457 5.2
      vertex -5.5 9.526279441628825 5.2
    endloop
  endfacet
  facet normal 0 0 1
    outer loop
      vertex -5.6344260006232325 7.494425560868078 5.2
      vertex -5.5 9.526279441628825 5.2
      vertex -5.808746357154048 9.341223996792367 5.2
    endloop
  endfacet
  facet normal 0 0 1
    outer loop
      vertex -5.35858017761371 7.69407494920457 5.2
      vertex -5.0756667942733 7.8835764369607855 5.2
      vertex -5.1853641050859745 9.701133907831906 5.2
    endloop
  endfacet
  facet normal 0 0 1
    outer loop
      vertex -5.35858017761371 7.69407494920457 5.2
      vertex -5.1853641050859745 9.701133907831906 5.2
      vertex -5.5 9.526279441628825 5.2
    endloop
  endfacet
  facet normal 0 0 1
    outer loop
      vertex -5.0756667942733 7.8835764369607855 5.2
      vertex -4.786058991870563 8.062680086064859 5.2
      vertex -4.865175592409014 9.865600156859571 5.2
    endloop
  endfacet
  facet normal 0 0 1
    outer loop
      vertex -5.0756667942733 7.8835764369607855 5.2
      vertex -4.865175592409014 9.865600156859571 5.2
      vertex -5.1853641050859745 9.701133907831906 5.2
    endloop
  endfacet
  facet normal 0 0 1
    outer loop
      vertex -4.786058991870563 8.062680086064859 5.2
      vertex -4.539777327848342 10.019502074132934 5.2
      vertex -4.865175592409014 9.865600156859571 5.2
    endloop
  endfacet
  facet normal 0 0 1
    outer loop
      vertex -4.786058991870563 8.062680086064859 5.2
      vertex -4.490138741104443 8.231149672404513 5.2
      vertex -4.539777327848342 10.019502074132934 5.2
    endloop
  endfacet
  facet normal 0 0 1
    outer loop
      vertex -4.490138741104443 8.231149672404513 5.2
      vertex -4.188296338313913 8.388762997388719 5.2
      vertex -4.2095177560159875 10.162674857624154 5.2
    endloop
  endfacet
  facet normal 0 0 1
    outer loop
      vertex -4.188296338313913 8.388762997388719 5.2
      vertex -3.8809298907067498 8.53531218101077 5.2
      vertex -4.2095177560159875 10.162674857624154 5.2
    endloop
  endfacet
  facet normal 0 0 1
    outer loop
      vertex -3.8809298907067498 8.53531218101077 5.2
      vertex -3.5684447912863475 8.670603936026211 5.2
      vertex -3.8747505271335685 10.294965194330583 5.2
    endloop
  endfacet
  facet normal 0 0 1
    outer loop
      vertex -3.5684447912863475 8.670603936026211 5.2
      vertex -3.251253184169145 8.794459822884058 5.2
      vertex -3.5358341183347775 10.416231424446163 5.2
    endloop
  endfacet
  facet normal 0 0 1
    outer loop
      vertex -4.490138741104443 8.231149672404513 5.2
      vertex -4.2095177560159875 10.162674857624154 5.2
      vertex -4.539777327848342 10.019502074132934 5.2
    endloop
  endfacet
  facet normal 0 0 1
    outer loop
      vertex -3.8809298907067498 8.53531218101077 5.2
      vertex -3.8747505271335685 10.294965194330583 5.2
      vertex -4.2095177560159875 10.162674857624154 5.2
    endloop
  endfacet
  facet normal 0 0 1
    outer loop
      vertex -3.5684447912863475 8.670603936026211 5.2
      vertex -3.5358341183347775 10.416231424446163 5.2
      vertex -3.8747505271335685 10.294965194330583 5.2
    endloop
  endfacet
  facet normal 0 0 1
    outer loop
      vertex -3.251253184169145 8.794459822884058 5.2
      vertex -3.1931314497990857 10.526343693054297 5.2
      vertex -3.5358341183347775 10.416231424446163 5.2
    endloop
  endfacet
  facet normal 0 0 1
    outer loop
      vertex -3.251253184169145 8.794459822884058 5.2
      vertex -2.9297734209978237 8.906716485074993 5.2
      vertex -3.1931314497990857 10.526343693054297 5.2
    endloop
  endfacet
  facet normal 0 0 1
    outer loop
      vertex -2.9297734209978237 8.906716485074993 5.2
      vertex -2.6044295091672676 9.007225864586202 5.2
      vertex -2.847009496127728 10.62518408917975 5.2
    endloop
  endfacet
  facet normal 0 0 1
    outer loop
      vertex -3.1931314497990857 10.526343693054297 5.2
      vertex -2.9297734209978237 8.906716485074993 5.2
      vertex -2.847009496127728 10.62518408917975 5.2
    endloop
  endfacet
  facet normal 0 0 1
    outer loop
      vertex -2.6044295091672676 9.007225864586202 5.2
      vertex -2.2756505525910016 9.095855397178662 5.2
      vertex -2.4978388933781055 10.71264677205067 5.2
    endloop
  endfacet
  facet normal 0 0 1
    outer loop
      vertex -2.6044295091672676 9.007225864586202 5.2
      vertex -2.4978388933781055 10.71264677205067 5.2
      vertex -2.847009496127728 10.62518408917975 5.2
    endloop
  endfacet
  facet normal 0 0 1
    outer loop
      vertex -2.2756505525910016 9.095855397178662 5.2
      vertex -1.9438701857457128 9.172488187229288 5.2
      vertex -2.145993542177411 10.788638084435535 5.2
    endloop
  endfacet
  facet normal 0 0 1
    outer loop
      vertex -1.9438701857457128 9.172488187229288 5.2
      vertex -1.6095260017403181 9.237023161907398 5.2
      vertex -1.791850207340476 10.85307665293367 5.2
    endloop
  endfacet
  facet normal 0 0 1
    outer loop
      vertex -2.2756505525910016 9.095855397178662 5.2
      vertex -2.145993542177411 10.788638084435535 5.2
      vertex -2.4978388933781055 10.71264677205067 5.2
    endloop
  endfacet
  facet normal 0 0 1
    outer loop
      vertex -1.9438701857457128 9.172488187229288 5.2
      vertex -1.791850207340476 10.85307665293367 5.2
      vertex -2.145993542177411 10.788638084435535 5.2
    endloop
  endfacet
  facet normal 0 0 1
    outer loop
      vertex -1.6095260017403181 9.237023161907398 5.2
      vertex -1.4357881144205673 10.905893475111915 5.2
      vertex -1.791850207340476 10.85307665293367 5.2
    endloop
  endfacet
  facet normal 0 0 1
    outer loop
      vertex -1.6095260017403181 9.237023161907398 5.2
      vertex -1.2730589751638708 9.289375204482088 5.2
      vertex -1.4357881144205673 10.905893475111915 5.2
    endloop
  endfacet
  facet normal 0 0 1
    outer loop
      vertex -1.2730589751638708 9.289375204482088 5.2
      vertex -0.9349128804735721 9.329475266584746 5.2
      vertex -1.0781885436251666 10.947031993394166 5.2
    endloop
  endfacet
  facet normal 0 0 1
    outer loop
      vertex -1.2730589751638708 9.289375204482088 5.2
      vertex -1.0781885436251666 10.947031993394166 5.2
      vertex -1.4357881144205673 10.905893475111915 5.2
    endloop
  endfacet
  facet normal 0 0 1
    outer loop
      vertex -0.9349128804735721 9.329475266584746 5.2
      vertex -0.7194344215315737 10.976448155624638 5.2
      vertex -1.0781885436251666 10.947031993394166 5.2
    endloop
  endfacet
  facet normal 0 0 1
    outer loop
      vertex -0.9349128804735721 9.329475266584746 5.2
      vertex -0.5955337066899598 9.357270459278604 5.2
      vertex -0.7194344215315737 10.976448155624638 5.2
    endloop
  endfacet
  facet normal 0 0 1
    outer loop
      vertex -0.5955337066899598 9.357270459278604 5.2
      vertex -0.2553690691712512 9.37272412281523 5.2
      vertex -0.3599099110395375 10.994110462240023 5.2
    endloop
  endfacet
  facet normal 0 0 1
    outer loop
      vertex -0.2553690691712512 9.37272412281523 5.2
      vertex 0.08513238075731001 9.375815874985948 5.2
      vertex 0 11 5.2
    endloop
  endfacet
  facet normal 0 0 1
    outer loop
      vertex -0.5955337066899598 9.357270459278604 5.2
      vertex -0.3599099110395375 10.994110462240023 5.2
      vertex -0.7194344215315737 10.976448155624638 5.2
    endloop
  endfacet
  facet normal 0 0 1
    outer loop
      vertex -0.2553690691712512 9.37272412281523 5.2
      vertex 0 11 5.2
      vertex -0.3599099110395375 10.994110462240023 5.2
    endloop
  endfacet
  facet normal 0.01161816870050154 -0.7099867992789706 0.704119139780797
    outer loop
      vertex 0 -12.190082644628099 4
      vertex 0.3988483236538826 -12.183555921716026 4
      vertex 0 -11 5.2
    endloop
  endfacet
  facet normal 0.034842065075451435 -0.7092265276310731 0.7041191397807963
    outer loop
      vertex 0.3988483236538826 -12.183555921716026 4
      vertex 0.7972695505327356 -12.163982741958183 4
      vertex 0.3599099110395375 -10.994110462240023 5.2
    endloop
  endfacet
  facet normal 0.011618168700497975 -0.7099867992789711 0.7041191397807963
    outer loop
      vertex 0.3988483236538826 -12.183555921716026 4
      vertex 0.3599099110395375 -10.994110462240023 5.2
      vertex 0 -11 5.2
    endloop
  endfacet
  facet normal 0.034842065075455876 -0.7092265276310722 0.704119139780797
    outer loop
      vertex 0.7972695505327356 -12.163982741958183 4
      vertex 0.7194344215315737 -10.976448155624638 5.2
      vertex 0.3599099110395375 -10.994110462240023 5.2
    endloop
  endfacet
  facet normal 0.058028651694421986 -0.7077067984531997 0.7041191397807971
    outer loop
      vertex 0.7972695505327356 -12.163982741958183 4
      vertex 1.1948370412074536 -12.131384064805706 4
      vertex 0.7194344215315737 -10.976448155624638 5.2
    endloop
  endfacet
  facet normal 0.08115309977970396 -0.7054292391094203 0.7041191397807971
    outer loop
      vertex 1.1948370412074536 -12.131384064805706 4
      vertex 1.5911250704510418 -12.085794797738597 4
      vertex 1.0781885436251666 -10.947031993394166 5.2
    endloop
  endfacet
  facet normal 0.058028651694422076 -0.7077067984531996 0.7041191397807971
    outer loop
      vertex 1.1948370412074536 -12.131384064805706 4
      vertex 1.0781885436251666 -10.947031993394166 5.2
      vertex 0.7194344215315737 -10.976448155624638 5.2
    endloop
  endfacet
  facet normal 0.08115309977970078 -0.7054292391094211 0.7041191397807964
    outer loop
      vertex 1.5911250704510418 -12.085794797738597 4
      vertex 1.4357881144205673 -10.905893475111915 5.2
      vertex 1.0781885436251666 -10.947031993394166 5.2
    endloop
  endfacet
  facet normal 0.10419064709307078 -0.7023962884673283 0.7041191397807967
    outer loop
      vertex 1.5911250704510418 -12.085794797738597 4
      vertex 1.9857092831158543 -12.02726375888592 4
      vertex 1.4357881144205673 -10.905893475111915 5.2
    endloop
  endfacet
  facet normal 0.10419064709307098 -0.7023962884673282 0.7041191397807965
    outer loop
      vertex 1.9857092831158543 -12.02726375888592 4
      vertex 1.791850207340476 -10.85307665293367 5.2
      vertex 1.4357881144205673 -10.905893475111915 5.2
    endloop
  endfacet
  facet normal 0.12711662445184121 -0.698611194286436 0.7041191397807965
    outer loop
      vertex 1.9857092831158543 -12.02726375888592 4
      vertex 2.3781671485437124 -11.955853624750123 4
      vertex 1.791850207340476 -10.85307665293367 5.2
    endloop
  endfacet
  facet normal 0.12711662445184368 -0.6986111942864351 0.7041191397807972
    outer loop
      vertex 2.3781671485437124 -11.955853624750123 4
      vertex 2.145993542177411 -10.788638084435535 5.2
      vertex 1.791850207340476 -10.85307665293367 5.2
    endloop
  endfacet
  facet normal 0.14990648214522864 -0.6940780097403985 0.704119139780797
    outer loop
      vertex 2.3781671485437124 -11.955853624750123 4
      vertex 2.768078413022318 -11.871640863091462 4
      vertex 2.145993542177411 -10.788638084435535 5.2
    endloop
  endfacet
  facet normal 0.1499064821452267 -0.6940780097403992 0.7041191397807967
    outer loop
      vertex 2.768078413022318 -11.871640863091462 4
      vertex 2.4978388933781055 -10.71264677205067 5.2
      vertex 2.145993542177411 -10.788638084435535 5.2
    endloop
  endfacet
  facet normal 0.17253581622277922 -0.6888015890767749 0.7041191397807968
    outer loop
      vertex 2.768078413022318 -11.871640863091462 4
      vertex 3.1550255498034554 -11.774715651044428 4
      vertex 2.4978388933781055 -10.71264677205067 5.2
    endloop
  endfacet
  facet normal 0.17253581622278272 -0.6888015890767735 0.7041191397807973
    outer loop
      vertex 3.1550255498034554 -11.774715651044428 4
      vertex 2.847009496127728 -10.62518408917975 5.2
      vertex 2.4978388933781055 -10.71264677205067 5.2
    endloop
  endfacet
  facet normal 0.19498039462677869 -0.6827875824189656 0.7041191397807973
    outer loop
      vertex 3.1550255498034554 -11.774715651044428 4
      vertex 3.53859420620109 -11.665181778553784 4
      vertex 2.847009496127728 -10.62518408917975 5.2
    endloop
  endfacet
  facet normal 0.1949803946267744 -0.6827875824189676 0.7041191397807964
    outer loop
      vertex 3.53859420620109 -11.665181778553784 4
      vertex 3.1931314497990857 -10.526343693054297 5.2
      vertex 2.847009496127728 -10.62518408917975 5.2
    endloop
  endfacet
  facet normal 0.21721618314047197 -0.6760424297159433 0.7041191397807965
    outer loop
      vertex 3.53859420620109 -11.665181778553784 4
      vertex 3.918373647290606 -11.543156537233726 4
      vertex 3.1931314497990857 -10.526343693054297 5.2
    endloop
  endfacet
  facet normal 0.23921937112459646 -0.6685733538461606 0.7041191397807967
    outer loop
      vertex 3.918373647290606 -11.543156537233726 4
      vertex 4.293957195734045 -11.408770594769052 4
      vertex 3.5358341183347775 -10.416231424446163 5.2
    endloop
  endfacet
  facet normal 0.2609663970143248 -0.6603883528831445 0.7041191397807968
    outer loop
      vertex 4.293957195734045 -11.408770594769052 4
      vertex 4.664942667260392 -11.262167854992958 4
      vertex 3.8747505271335685 -10.294965194330583 5.2
    endloop
  endfacet
  facet normal 0.21721618314047253 -0.676042429715943 0.7041191397807967
    outer loop
      vertex 3.918373647290606 -11.543156537233726 4
      vertex 3.5358341183347775 -10.416231424446163 5.2
      vertex 3.1931314497990857 -10.526343693054297 5.2
    endloop
  endfacet
  facet normal 0.23921937112459715 -0.6685733538461603 0.7041191397807969
    outer loop
      vertex 4.293957195734045 -11.408770594769052 4
      vertex 3.8747505271335685 -10.294965194330583 5.2
      vertex 3.5358341183347775 -10.416231424446163 5.2
    endloop
  endfacet
  facet normal 0.2609663970143263 -0.6603883528831436 0.704119139780797
    outer loop
      vertex 4.664942667260392 -11.262167854992958 4
      vertex 4.2095177560159875 -10.162674857624154 5.2
      vertex 3.8747505271335685 -10.294965194330583 5.2
    endloop
  endfacet
  facet normal 0.2824339735496378 -0.6514961915309352 0.704119139780797
    outer loop
      vertex 4.664942667260392 -11.262167854992958 4
      vertex 5.030932801334563 -11.103505303791191 4
      vertex 4.2095177560159875 -10.162674857624154 5.2
    endloop
  endfacet
  facet normal 0.28243397354963584 -0.6514961915309364 0.7041191397807967
    outer loop
      vertex 5.030932801334563 -11.103505303791191 4
      vertex 4.539777327848342 -10.019502074132934 5.2
      vertex 4.2095177560159875 -10.162674857624154 5.2
    endloop
  endfacet
  facet normal 0.30359911271186946 -0.641906391738637 0.7041191397807967
    outer loop
      vertex 5.030932801334563 -11.103505303791191 4
      vertex 5.391535686553942 -10.932952840997645 4
      vertex 4.539777327848342 -10.019502074132934 5.2
    endloop
  endfacet
  facet normal 0.30359911271186996 -0.6419063917386367 0.7041191397807968
    outer loop
      vertex 5.391535686553942 -10.932952840997645 4
      vertex 4.865175592409014 -9.865600156859571 5.2
      vertex 4.539777327848342 -10.019502074132934 5.2
    endloop
  endfacet
  facet normal 0.32443915033988235 -0.6316292225040621 0.7041191397807968
    outer loop
      vertex 5.391535686553942 -10.932952840997645 4
      vertex 5.7463651803169125 -10.750693098461353 4
      vertex 4.865175592409014 -9.865600156859571 5.2
    endloop
  endfacet
  facet normal 0.32443915033988213 -0.6316292225040623 0.7041191397807968
    outer loop
      vertex 5.7463651803169125 -10.750693098461353 4
      vertex 5.1853641050859745 -9.701133907831906 5.2
      vertex 4.865175592409014 -9.865600156859571 5.2
    endloop
  endfacet
  facet normal 0.3449317703994002 -0.6206756888774413 0.7041191397807967
    outer loop
      vertex 5.7463651803169125 -10.750693098461353 4
      vertex 6.095041322314049 -10.556921244479726 4
      vertex 5.1853641050859745 -9.701133907831906 5.2
    endloop
  endfacet
  facet normal 0.3449317703994009 -0.6206756888774407 0.7041191397807969
    outer loop
      vertex 6.095041322314049 -10.556921244479726 4
      vertex 5.5 -9.526279441628825 5.2
      vertex 5.1853641050859745 -9.701133907831906 5.2
    endloop
  endfacet
  facet normal 0.3650550288795715 -0.6090575201769419 0.7041191397807969
    outer loop
      vertex 6.095041322314049 -10.556921244479726 4
      vertex 6.437190741399113 -10.35184477480747 4
      vertex 5.5 -9.526279441628825 5.2
    endloop
  endfacet
  facet normal 0.36505502887957214 -0.6090575201769414 0.704119139780797
    outer loop
      vertex 6.437190741399113 -10.35184477480747 4
      vertex 5.808746357154048 -9.341223996792367 5.2
      vertex 5.5 -9.526279441628825 5.2
    endloop
  endfacet
  facet normal 0.38478737729118834 -0.5967871574286087 0.7041191397807971
    outer loop
      vertex 6.772447055404242 -10.135683290464911 4
      vertex 6.111272563215624 -9.146165735327997 5.2
      vertex 5.808746357154048 -9.341223996792367 5.2
    endloop
  endfacet
  facet normal 0.38478737729118767 -0.5967871574286093 0.704119139780797
    outer loop
      vertex 6.437190741399113 -10.35184477480747 4
      vertex 6.772447055404242 -10.135683290464911 4
      vertex 5.808746357154048 -9.341223996792367 5.2
    endloop
  endfacet
  facet normal 0.40410768574133094 -0.5838777400442118 0.7041191397807972
    outer loop
      vertex 6.772447055404242 -10.135683290464911 4
      vertex 7.100451263471141 -9.908668262583738 4
      vertex 6.111272563215624 -9.146165735327997 5.2
    endloop
  endfacet
  facet normal 0.42299526555978445 -0.5703430917512359 0.7041191397807965
    outer loop
      vertex 7.100451263471141 -9.908668262583738 4
      vertex 7.420852130478206 -9.671042784541916 4
      vertex 6.407254665545824 -8.941313530507768 5.2
    endloop
  endfacet
  facet normal 0.4041076857413277 -0.5838777400442146 0.7041191397807964
    outer loop
      vertex 7.100451263471141 -9.908668262583738 4
      vertex 6.407254665545824 -8.941313530507768 5.2
      vertex 6.111272563215624 -9.146165735327997 5.2
    endloop
  endfacet
  facet normal 0.4229952655597868 -0.5703430917512333 0.7041191397807971
    outer loop
      vertex 7.420852130478206 -9.671042784541916 4
      vertex 6.696375719095927 -8.726886743203586 5.2
      vertex 6.407254665545824 -8.941313530507768 5.2
    endloop
  endfacet
  facet normal 0.4414298914530034 -0.5561977057900725 0.704119139780797
    outer loop
      vertex 7.420852130478206 -9.671042784541916 4
      vertex 7.733306563151876 -9.423061311653198 4
      vertex 6.696375719095927 -8.726886743203586 5.2
    endloop
  endfacet
  facet normal 0.4414298914530018 -0.5561977057900743 0.7041191397807967
    outer loop
      vertex 7.733306563151876 -9.423061311653198 4
      vertex 6.9783261258001 -8.503114986990107 5.2
      vertex 6.696375719095927 -8.726886743203586 5.2
    endloop
  endfacet
  facet normal 0.45939182316183647 -0.5414567293943211 0.7041191397807967
    outer loop
      vertex 7.733306563151876 -9.423061311653198 4
      vertex 7.069822368475501 -8.425486206233927 5.2
      vertex 6.9783261258001 -8.503114986990107 5.2
    endloop
  endfacet
  facet normal 0.459391823161838 -0.5414567293943199 0.7041191397807965
    outer loop
      vertex 7.733306563151876 -9.423061311653198 4
      vertex 7.83470172314152 -9.337033925015056 4
      vertex 7.069822368475501 -8.425486206233927 5.2
    endloop
  endfacet
  facet normal 0 0 1
    outer loop
      vertex 0 -11 5.2
      vertex 0.3599099110395375 -10.994110462240023 5.2
      vertex 0.08640094414101687 -9.515525543687836 5.2
    endloop
  endfacet
  facet normal 0 0 1
    outer loop
      vertex 0.3599099110395375 -10.994110462240023 5.2
      vertex 0.7194344215315737 -10.976448155624638 5.2
      vertex 0.4304991646971239 -9.476108494548235 5.2
    endloop
  endfacet
  facet normal 0 0 1
    outer loop
      vertex 0.3599099110395375 -10.994110462240023 5.2
      vertex 0.12011394554338356 -9.51206907965416 5.2
      vertex 0.08640094414101687 -9.515525543687836 5.2
    endloop
  endfacet
  facet normal 0 0 1
    outer loop
      vertex 0.3599099110395375 -10.994110462240023 5.2
      vertex 0.4304991646971239 -9.476108494548235 5.2
      vertex 0.12011394554338356 -9.51206907965416 5.2
    endloop
  endfacet
  facet normal 0 0 1
    outer loop
      vertex 0.7194344215315737 -10.976448155624638 5.2
      vertex 0.4568486765010893 -9.472435890554372 5.2
      vertex 0.4304991646971239 -9.476108494548235 5.2
    endloop
  endfacet
  facet normal 0 0 1
    outer loop
      vertex 0.7194344215315737 -10.976448155624638 5.2
      vertex 0.7718505939424252 -9.424292169575436 5.2
      vertex 0.4568486765010893 -9.472435890554372 5.2
    endloop
  endfacet
  facet normal 0 0 1
    outer loop
      vertex 0.7194344215315737 -10.976448155624638 5.2
      vertex 1.0781885436251666 -10.947031993394166 5.2
      vertex 0.7718505939424252 -9.424292169575436 5.2
    endloop
  endfacet
  facet normal 0 0 1
    outer loop
      vertex 1.0781885436251666 -10.947031993394166 5.2
      vertex 1.4357881144205673 -10.905893475111915 5.2
      vertex 1.1100100467154568 -9.36022396680885 5.2
    endloop
  endfacet
  facet normal 0 0 1
    outer loop
      vertex 1.4357881144205673 -10.905893475111915 5.2
      vertex 1.791850207340476 -10.85307665293367 5.2
      vertex 1.4445394151229567 -9.28406720875264 5.2
    endloop
  endfacet
  facet normal 0 0 1
    outer loop
      vertex 1.0781885436251666 -10.947031993394166 5.2
      vertex 0.7908749015434442 -9.42093229175442 5.2
      vertex 0.7718505939424252 -9.424292169575436 5.2
    endloop
  endfacet
  facet normal 0 0 1
    outer loop
      vertex 1.0781885436251666 -10.947031993394166 5.2
      vertex 1.1100100467154568 -9.36022396680885 5.2
      vertex 0.7908749015434442 -9.42093229175442 5.2
    endloop
  endfacet
  facet normal 0 0 1
    outer loop
      vertex 1.4357881144205673 -10.905893475111915 5.2
      vertex 1.1217760765060767 -9.357702271161049 5.2
      vertex 1.1100100467154568 -9.36022396680885 5.2
    endloop
  endfacet
  facet normal 0 0 1
    outer loop
      vertex 1.4357881144205673 -10.905893475111915 5.2
      vertex 1.4445394151229567 -9.28406720875264 5.2
      vertex 1.1217760765060767 -9.357702271161049 5.2
    endloop
  endfacet
  facet normal 0 0 1
    outer loop
      vertex 1.791850207340476 -10.85307665293367 5.2
      vertex 1.4491425248572243 -9.282904360917344 5.2
      vertex 1.4445394151229567 -9.28406720875264 5.2
    endloop
  endfacet
  facet normal 0 0 1
    outer loop
      vertex 1.791850207340476 -10.85307665293367 5.2
      vertex 2.145993542177411 -10.788638084435535 5.2
      vertex 2.1101082819232615 -9.135678074584872 5.2
    endloop
  endfacet
  facet normal 0 0 1
    outer loop
      vertex 1.791850207340476 -10.85307665293367 5.2
      vertex 1.660138863435394 -9.226634775979857 5.2
      vertex 1.4491425248572243 -9.282904360917344 5.2
    endloop
  endfacet
  facet normal 0 0 1
    outer loop
      vertex 1.791850207340476 -10.85307665293367 5.2
      vertex 1.7769910824337978 -9.206273596675404 5.2
      vertex 1.660138863435394 -9.226634775979857 5.2
    endloop
  endfacet
  facet normal 0 0 1
    outer loop
      vertex 1.791850207340476 -10.85307665293367 5.2
      vertex 2.1101082819232615 -9.135678074584872 5.2
      vertex 1.7769910824337978 -9.206273596675404 5.2
    endloop
  endfacet
  facet normal 0 0 1
    outer loop
      vertex 2.145993542177411 -10.788638084435535 5.2
      vertex 2.440442408827658 -9.053033286865091 5.2
      vertex 2.1101082819232615 -9.135678074584872 5.2
    endloop
  endfacet
  facet normal 0 0 1
    outer loop
      vertex 2.145993542177411 -10.788638084435535 5.2
      vertex 2.4978388933781055 -10.71264677205067 5.2
      vertex 2.440442408827658 -9.053033286865091 5.2
    endloop
  endfacet
  facet normal 0 0 1
    outer loop
      vertex 2.4978388933781055 -10.71264677205067 5.2
      vertex 2.847009496127728 -10.62518408917975 5.2
      vertex 2.7675577775187308 -8.958448235715128 5.2
    endloop
  endfacet
  facet normal 0 0 1
    outer loop
      vertex 2.4978388933781055 -10.71264677205067 5.2
      vertex 2.7675577775187308 -8.958448235715128 5.2
      vertex 2.440442408827658 -9.053033286865091 5.2
    endloop
  endfacet
  facet normal 0 0 1
    outer loop
      vertex 2.847009496127728 -10.62518408917975 5.2
      vertex 3.1931314497990857 -10.526343693054297 5.2
      vertex 3.0910229476658775 -8.852047671634788 5.2
    endloop
  endfacet
  facet normal 0 0 1
    outer loop
      vertex 2.847009496127728 -10.62518408917975 5.2
      vertex 3.0910229476658775 -8.852047671634788 5.2
      vertex 2.7675577775187308 -8.958448235715128 5.2
    endloop
  endfacet
  facet normal 0 0 1
    outer loop
      vertex 3.1931314497990857 -10.526343693054297 5.2
      vertex 3.5358341183347775 -10.416231424446163 5.2
      vertex 3.410411293273186 -8.733971928888174 5.2
    endloop
  endfacet
  facet normal 0 0 1
    outer loop
      vertex 3.5358341183347775 -10.416231424446163 5.2
      vertex 3.8747505271335685 -10.294965194330583 5.2
      vertex 3.7253015653667214 -8.604376740413459 5.2
    endloop
  endfacet
  facet normal 0 0 1
    outer loop
      vertex 3.8747505271335685 -10.294965194330583 5.2
      vertex 4.2095177560159875 -10.162674857624154 5.2
      vertex 4.0352784475899375 -8.463433032422957 5.2
    endloop
  endfacet
  facet normal 0 0 1
    outer loop
      vertex 4.2095177560159875 -10.162674857624154 5.2
      vertex 4.539777327848342 -10.019502074132934 5.2
      vertex 4.33993310397441 -8.311326698964429 5.2
    endloop
  endfacet
  facet normal 0 0 1
    outer loop
      vertex 3.0910229476658775 -8.852047671634788 5.2
      vertex 3.1931314497990857 -10.526343693054297 5.2
      vertex 3.410411293273186 -8.733971928888174 5.2
    endloop
  endfacet
  facet normal 0 0 1
    outer loop
      vertex 3.5358341183347775 -10.416231424446163 5.2
      vertex 3.7253015653667214 -8.604376740413459 5.2
      vertex 3.410411293273186 -8.733971928888174 5.2
    endloop
  endfacet
  facet normal 0 0 1
    outer loop
      vertex 3.8747505271335685 -10.294965194330583 5.2
      vertex 4.0352784475899375 -8.463433032422957 5.2
      vertex 3.7253015653667214 -8.604376740413459 5.2
    endloop
  endfacet
  facet normal 0 0 1
    outer loop
      vertex 4.2095177560159875 -10.162674857624154 5.2
      vertex 4.33993310397441 -8.311326698964429 5.2
      vertex 4.0352784475899375 -8.463433032422957 5.2
    endloop
  endfacet
  facet normal 0 0 1
    outer loop
      vertex 4.539777327848342 -10.019502074132934 5.2
      vertex 4.865175592409014 -9.865600156859571 5.2
      vertex 4.6388637181634325 -8.148258356740957 5.2
    endloop
  endfacet
  facet normal 0 0 1
    outer loop
      vertex 4.539777327848342 -10.019502074132934 5.2
      vertex 4.6388637181634325 -8.148258356740957 5.2
      vertex 4.33993310397441 -8.311326698964429 5.2
    endloop
  endfacet
  facet normal 0 0 1
    outer loop
      vertex 4.865175592409014 -9.865600156859571 5.2
      vertex 5.1853641050859745 -9.701133907831906 5.2
      vertex 4.931676023377272 -7.974443080512748 5.2
    endloop
  endfacet
  facet normal 0 0 1
    outer loop
      vertex 4.865175592409014 -9.865600156859571 5.2
      vertex 4.931676023377272 -7.974443080512748 5.2
      vertex 4.6388637181634325 -8.148258356740957 5.2
    endloop
  endfacet
  facet normal 0 0 1
    outer loop
      vertex 5.1853641050859745 -9.701133907831906 5.2
      vertex 5.5 -9.526279441628825 5.2
      vertex 5.2179838224211395 -7.79011011942984 5.2
    endloop
  endfacet
  facet normal 0 0 1
    outer loop
      vertex 5.1853641050859745 -9.701133907831906 5.2
      vertex 5.2179838224211395 -7.79011011942984 5.2
      vertex 4.931676023377272 -7.974443080512748 5.2
    endloop
  endfacet
  facet normal 0 0 1
    outer loop
      vertex 5.5 -9.526279441628825 5.2
      vertex 5.4974094970499205 -7.595502594669904 5.2
      vertex 5.2179838224211395 -7.79011011942984 5.2
    endloop
  endfacet
  facet normal 0 0 1
    outer loop
      vertex 5.5 -9.526279441628825 5.2
      vertex 5.808746357154048 -9.341223996792367 5.2
      vertex 5.7695845060179884 -7.39087717877987 5.2
    endloop
  endfacet
  facet normal 0 0 1
    outer loop
      vertex 5.5 -9.526279441628825 5.2
      vertex 5.7695845060179884 -7.39087717877987 5.2
      vertex 5.4974094970499205 -7.595502594669904 5.2
    endloop
  endfacet
  facet normal 0 0 1
    outer loop
      vertex 5.808746357154048 -9.341223996792367 5.2
      vertex 6.111272563215624 -9.146165735327997 5.2
      vertex 6.026799349695556 -7.182459776503431 5.2
    endloop
  endfacet
  facet normal 0 0 1
    outer loop
      vertex 6.111272563215624 -9.146165735327997 5.2
      vertex 6.407254665545824 -8.941313530507768 5.2
      vertex 6.026799349695556 -7.182459776503431 5.2
    endloop
  endfacet
  facet normal 0 0 1
    outer loop
      vertex 5.808746357154048 -9.341223996792367 5.2
      vertex 6.026799349695556 -7.182459776503431 5.2
      vertex 5.7695845060179884 -7.39087717877987 5.2
    endloop
  endfacet
  facet normal 0 0 1
    outer loop
      vertex 6.407254665545824 -8.941313530507768 5.2
      vertex 6.696375719095927 -8.726886743203586 5.2
      vertex 6.026799349695556 -7.182459776503431 5.2
    endloop
  endfacet
  facet normal 0 0 1
    outer loop
      vertex 6.696375719095927 -8.726886743203586 5.2
      vertex 6.9783261258001 -8.503114986990107 5.2
      vertex 6.026799349695556 -7.182459776503431 5.2
    endloop
  endfacet
  facet normal 0 0 1
    outer loop
      vertex 6.9783261258001 -8.503114986990107 5.2
      vertex 7.069822368475501 -8.425486206233927 5.2
      vertex 6.026799349695556 -7.182459776503431 5.2
    endloop
  endfacet
  facet normal 0.011618168700497929 0.7099867992789706 0.704119139780797
    outer loop
      vertex 0 12.190082644628099 4
      vertex 0 11 5.2
      vertex 0.3599099110395375 10.994110462240023 5.2
    endloop
  endfacet
  facet normal 0.03484206507545602 0.709226527631073 0.7041191397807963
    outer loop
      vertex 0.3988483236538826 12.183555921716026 4
      vertex 0.3599099110395375 10.994110462240023 5.2
      vertex 0.7194344215315737 10.976448155624638 5.2
    endloop
  endfacet
  facet normal 0.011618168700501547 0.709986799278971 0.7041191397807963
    outer loop
      vertex 0 12.190082644628099 4
      vertex 0.3599099110395375 10.994110462240023 5.2
      vertex 0.3988483236538826 12.183555921716026 4
    endloop
  endfacet
  facet normal 0.03484206507545141 0.7092265276310725 0.7041191397807971
    outer loop
      vertex 0.3988483236538826 12.183555921716026 4
      vertex 0.7194344215315737 10.976448155624638 5.2
      vertex 0.7972695505327356 12.163982741958183 4
    endloop
  endfacet
  facet normal 0.05802865169442204 0.7077067984531997 0.7041191397807971
    outer loop
      vertex 0.7972695505327356 12.163982741958183 4
      vertex 0.7194344215315737 10.976448155624638 5.2
      vertex 1.0781885436251666 10.947031993394166 5.2
    endloop
  endfacet
  facet normal 0.08115309977970092 0.7054292391094208 0.7041191397807971
    outer loop
      vertex 1.1948370412074536 12.131384064805706 4
      vertex 1.0781885436251666 10.947031993394166 5.2
      vertex 1.4357881144205673 10.905893475111915 5.2
    endloop
  endfacet
  facet normal 0.081153099779704 0.7054292391094208 0.7041191397807967
    outer loop
      vertex 1.1948370412074536 12.131384064805706 4
      vertex 1.4357881144205673 10.905893475111915 5.2
      vertex 1.5911250704510418 12.085794797738597 4
    endloop
  endfacet
  facet normal 0.05802865169442197 0.7077067984531996 0.7041191397807971
    outer loop
      vertex 0.7972695505327356 12.163982741958183 4
      vertex 1.0781885436251666 10.947031993394166 5.2
      vertex 1.1948370412074536 12.131384064805706 4
    endloop
  endfacet
  facet normal 0.10419064709307102 0.7023962884673282 0.7041191397807964
    outer loop
      vertex 1.5911250704510418 12.085794797738597 4
      vertex 1.4357881144205673 10.905893475111915 5.2
      vertex 1.791850207340476 10.85307665293367 5.2
    endloop
  endfacet
  facet normal 0.10419064709307077 0.7023962884673282 0.7041191397807965
    outer loop
      vertex 1.5911250704510418 12.085794797738597 4
      vertex 1.791850207340476 10.85307665293367 5.2
      vertex 1.9857092831158543 12.02726375888592 4
    endloop
  endfacet
  facet normal 0.12711662445184402 0.6986111942864356 0.7041191397807967
    outer loop
      vertex 1.9857092831158543 12.02726375888592 4
      vertex 1.791850207340476 10.85307665293367 5.2
      vertex 2.145993542177411 10.788638084435535 5.2
    endloop
  endfacet
  facet normal 0.14990648214522656 0.6940780097403989 0.7041191397807971
    outer loop
      vertex 2.3781671485437124 11.955853624750123 4
      vertex 2.145993542177411 10.788638084435535 5.2
      vertex 2.4978388933781055 10.71264677205067 5.2
    endloop
  endfacet
  facet normal 0.12711662445184116 0.6986111942864357 0.7041191397807971
    outer loop
      vertex 1.9857092831158543 12.02726375888592 4
      vertex 2.145993542177411 10.788638084435535 5.2
      vertex 2.3781671485437124 11.955853624750123 4
    endloop
  endfacet
  facet normal 0.17253581622278263 0.688801589076774 0.7041191397807967
    outer loop
      vertex 2.768078413022318 11.871640863091462 4
      vertex 2.4978388933781055 10.71264677205067 5.2
      vertex 2.847009496127728 10.62518408917975 5.2
    endloop
  endfacet
  facet normal 0.1499064821452287 0.6940780097403988 0.7041191397807967
    outer loop
      vertex 2.3781671485437124 11.955853624750123 4
      vertex 2.4978388933781055 10.71264677205067 5.2
      vertex 2.768078413022318 11.871640863091462 4
    endloop
  endfacet
  facet normal 0.19498039462677424 0.682787582418967 0.7041191397807973
    outer loop
      vertex 3.1550255498034554 11.774715651044428 4
      vertex 2.847009496127728 10.62518408917975 5.2
      vertex 3.1931314497990857 10.526343693054297 5.2
    endloop
  endfacet
  facet normal 0.17253581622277905 0.6888015890767744 0.7041191397807972
    outer loop
      vertex 2.768078413022318 11.871640863091462 4
      vertex 2.847009496127728 10.62518408917975 5.2
      vertex 3.1550255498034554 11.774715651044428 4
    endloop
  endfacet
  facet normal 0.21721618314047256 0.6760424297159431 0.7041191397807965
    outer loop
      vertex 3.53859420620109 11.665181778553784 4
      vertex 3.1931314497990857 10.526343693054297 5.2
      vertex 3.5358341183347775 10.416231424446163 5.2
    endloop
  endfacet
  facet normal 0.23921937112459718 0.6685733538461602 0.7041191397807967
    outer loop
      vertex 3.918373647290606 11.543156537233726 4
      vertex 3.5358341183347775 10.416231424446163 5.2
      vertex 3.8747505271335685 10.294965194330583 5.2
    endloop
  endfacet
  facet normal 0.26096639701432667 0.6603883528831438 0.7041191397807968
    outer loop
      vertex 4.293957195734045 11.408770594769052 4
      vertex 3.8747505271335685 10.294965194330583 5.2
      vertex 4.2095177560159875 10.162674857624154 5.2
    endloop
  endfacet
  facet normal 0.28243397354963545 0.6514961915309362 0.7041191397807971
    outer loop
      vertex 4.664942667260392 11.262167854992958 4
      vertex 4.2095177560159875 10.162674857624154 5.2
      vertex 4.539777327848342 10.019502074132934 5.2
    endloop
  endfacet
  facet normal 0.19498039462677882 0.6827875824189663 0.7041191397807964
    outer loop
      vertex 3.53859420620109 11.665181778553784 4
      vertex 3.1550255498034554 11.774715651044428 4
      vertex 3.1931314497990857 10.526343693054297 5.2
    endloop
  endfacet
  facet normal 0.21721618314047195 0.6760424297159432 0.7041191397807967
    outer loop
      vertex 3.53859420620109 11.665181778553784 4
      vertex 3.5358341183347775 10.416231424446163 5.2
      vertex 3.918373647290606 11.543156537233726 4
    endloop
  endfacet
  facet normal 0.2392193711245964 0.6685733538461605 0.7041191397807968
    outer loop
      vertex 3.918373647290606 11.543156537233726 4
      vertex 3.8747505271335685 10.294965194330583 5.2
      vertex 4.293957195734045 11.408770594769052 4
    endloop
  endfacet
  facet normal 0.2609663970143247 0.6603883528831442 0.7041191397807971
    outer loop
      vertex 4.293957195734045 11.408770594769052 4
      vertex 4.2095177560159875 10.162674857624154 5.2
      vertex 4.664942667260392 11.262167854992958 4
    endloop
  endfacet
  facet normal 0.30359911271186996 0.6419063917386367 0.7041191397807967
    outer loop
      vertex 5.030932801334563 11.103505303791191 4
      vertex 4.539777327848342 10.019502074132934 5.2
      vertex 4.865175592409014 9.865600156859571 5.2
    endloop
  endfacet
  facet normal 0.28243397354963795 0.6514961915309355 0.7041191397807968
    outer loop
      vertex 4.664942667260392 11.262167854992958 4
      vertex 4.539777327848342 10.019502074132934 5.2
      vertex 5.030932801334563 11.103505303791191 4
    endloop
  endfacet
  facet normal 0.3244391503398824 0.6316292225040622 0.7041191397807968
    outer loop
      vertex 5.391535686553942 10.932952840997645 4
      vertex 5.1853641050859745 9.701133907831906 5.2
      vertex 5.7463651803169125 10.750693098461353 4
    endloop
  endfacet
  facet normal 0.32443915033988224 0.6316292225040622 0.7041191397807968
    outer loop
      vertex 5.391535686553942 10.932952840997645 4
      vertex 4.865175592409014 9.865600156859571 5.2
      vertex 5.1853641050859745 9.701133907831906 5.2
    endloop
  endfacet
  facet normal 0.30359911271186946 0.641906391738637 0.7041191397807968
    outer loop
      vertex 5.391535686553942 10.932952840997645 4
      vertex 5.030932801334563 11.103505303791191 4
      vertex 4.865175592409014 9.865600156859571 5.2
    endloop
  endfacet
  facet normal 0.344931770399401 0.620675688877441 0.7041191397807967
    outer loop
      vertex 5.7463651803169125 10.750693098461353 4
      vertex 5.1853641050859745 9.701133907831906 5.2
      vertex 5.5 9.526279441628825 5.2
    endloop
  endfacet
  facet normal 0.3650550288795724 0.6090575201769414 0.7041191397807969
    outer loop
      vertex 6.095041322314049 10.556921244479726 4
      vertex 5.5 9.526279441628825 5.2
      vertex 5.808746357154048 9.341223996792367 5.2
    endloop
  endfacet
  facet normal 0.3847873772911886 0.5967871574286087 0.704119139780797
    outer loop
      vertex 6.437190741399113 10.35184477480747 4
      vertex 5.808746357154048 9.341223996792367 5.2
      vertex 6.111272563215624 9.146165735327997 5.2
    endloop
  endfacet
  facet normal 0.36505502887957136 0.6090575201769417 0.704119139780797
    outer loop
      vertex 6.095041322314049 10.556921244479726 4
      vertex 5.808746357154048 9.341223996792367 5.2
      vertex 6.437190741399113 10.35184477480747 4
    endloop
  endfacet
  facet normal 0.34493177039940015 0.6206756888774412 0.7041191397807968
    outer loop
      vertex 5.7463651803169125 10.750693098461353 4
      vertex 5.5 9.526279441628825 5.2
      vertex 6.095041322314049 10.556921244479726 4
    endloop
  endfacet
  facet normal 0.4229952655597871 0.570343091751234 0.7041191397807963
    outer loop
      vertex 7.100451263471141 9.908668262583738 4
      vertex 6.407254665545824 8.941313530507768 5.2
      vertex 6.696375719095927 8.726886743203586 5.2
    endloop
  endfacet
  facet normal 0.44142989145300165 0.5561977057900741 0.704119139780797
    outer loop
      vertex 7.420852130478206 9.671042784541916 4
      vertex 6.696375719095927 8.726886743203586 5.2
      vertex 6.9783261258001 8.503114986990107 5.2
    endloop
  endfacet
  facet normal 0.4593918231618398 0.5414567293943178 0.704119139780797
    outer loop
      vertex 6.9783261258001 8.503114986990107 5.2
      vertex 7.069822368475502 8.425486206233925 5.2
      vertex 7.834701723141521 9.337033925015056 4
    endloop
  endfacet
  facet normal 0.4414298914530036 0.5561977057900729 0.7041191397807967
    outer loop
      vertex 7.420852130478206 9.671042784541916 4
      vertex 6.9783261258001 8.503114986990107 5.2
      vertex 7.733306563151876 9.423061311653198 4
    endloop
  endfacet
  facet normal 0.4593918231618356 0.5414567293943217 0.7041191397807967
    outer loop
      vertex 7.733306563151876 9.423061311653198 4
      vertex 6.9783261258001 8.503114986990107 5.2
      vertex 7.834701723141521 9.337033925015056 4
    endloop
  endfacet
  facet normal 0.40410768574132727 0.583877740044214 0.7041191397807971
    outer loop
      vertex 6.772447055404242 10.135683290464911 4
      vertex 6.111272563215624 9.146165735327997 5.2
      vertex 6.407254665545824 8.941313530507768 5.2
    endloop
  endfacet
  facet normal 0.38478737729118756 0.5967871574286092 0.7041191397807972
    outer loop
      vertex 6.772447055404242 10.135683290464911 4
      vertex 6.437190741399113 10.35184477480747 4
      vertex 6.111272563215624 9.146165735327997 5.2
    endloop
  endfacet
  facet normal 0.40410768574133127 0.5838777400442122 0.7041191397807965
    outer loop
      vertex 6.772447055404242 10.135683290464911 4
      vertex 6.407254665545824 8.941313530507768 5.2
      vertex 7.100451263471141 9.908668262583738 4
    endloop
  endfacet
  facet normal 0.4229952655597842 0.5703430917512354 0.704119139780797
    outer loop
      vertex 7.420852130478206 9.671042784541916 4
      vertex 7.100451263471141 9.908668262583738 4
      vertex 6.696375719095927 8.726886743203586 5.2
    endloop
  endfacet
  facet normal 0 0 1
    outer loop
      vertex 0.425521547540491 9.366541638004426 5.2
      vertex 0.3599099110395375 10.994110462240023 5.2
      vertex 0.08513238075731001 9.375815874985948 5.2
    endloop
  endfacet
  facet normal 0 0 1
    outer loop
      vertex 0.425521547540491 9.366541638004426 5.2
      vertex 0.7653494837160011 9.344913643884974 5.2
      vertex 0.7194344215315737 10.976448155624638 5.2
    endloop
  endfacet
  facet normal 0 0 1
    outer loop
      vertex 0.08513238075731001 9.375815874985948 5.2
      vertex 0.3599099110395375 10.994110462240023 5.2
      vertex 0 11 5.2
    endloop
  endfacet
  facet normal 0 0 1
    outer loop
      vertex 0.425521547540491 9.366541638004426 5.2
      vertex 0.7194344215315737 10.976448155624638 5.2
      vertex 0.3599099110395375 10.994110462240023 5.2
    endloop
  endfacet
  facet normal 0 0 1
    outer loop
      vertex 0.7653494837160011 9.344913643884974 5.2
      vertex 1.1041679820420998 9.310960418309435 5.2
      vertex 1.0781885436251666 10.947031993394166 5.2
    endloop
  endfacet
  facet normal 0 0 1
    outer loop
      vertex 1.1041679820420998 9.310960418309435 5.2
      vertex 1.441530166648921 9.264726743003974 5.2
      vertex 1.4357881144205673 10.905893475111915 5.2
    endloop
  endfacet
  facet normal 0 0 1
    outer loop
      vertex 0.7653494837160011 9.344913643884974 5.2
      vertex 1.0781885436251666 10.947031993394166 5.2
      vertex 0.7194344215315737 10.976448155624638 5.2
    endloop
  endfacet
  facet normal 0 0 1
    outer loop
      vertex 1.1041679820420998 9.310960418309435 5.2
      vertex 1.4357881144205673 10.905893475111915 5.2
      vertex 1.0781885436251666 10.947031993394166 5.2
    endloop
  endfacet
  facet normal 0 0 1
    outer loop
      vertex 1.441530166648921 9.264726743003974 5.2
      vertex 1.791850207340476 10.85307665293367 5.2
      vertex 1.4357881144205673 10.905893475111915 5.2
    endloop
  endfacet
  facet normal 0 0 1
    outer loop
      vertex 1.441530166648921 9.264726743003974 5.2
      vertex 1.7769910824337978 9.206273596675404 5.2
      vertex 1.791850207340476 10.85307665293367 5.2
    endloop
  endfacet
  facet normal 0 0 1
    outer loop
      vertex 1.7769910824337978 9.206273596675404 5.2
      vertex 2.1101082819232615 9.135678074584872 5.2
      vertex 2.145993542177411 10.788638084435535 5.2
    endloop
  endfacet
  facet normal 0 0 1
    outer loop
      vertex 1.7769910824337978 9.206273596675404 5.2
      vertex 2.145993542177411 10.788638084435535 5.2
      vertex 1.791850207340476 10.85307665293367 5.2
    endloop
  endfacet
  facet normal 0 0 1
    outer loop
      vertex 2.1101082819232615 9.135678074584872 5.2
      vertex 2.4978388933781055 10.71264677205067 5.2
      vertex 2.145993542177411 10.788638084435535 5.2
    endloop
  endfacet
  facet normal 0 0 1
    outer loop
      vertex 2.1101082819232615 9.135678074584872 5.2
      vertex 2.4404424088276557 9.053033286865091 5.2
      vertex 2.4978388933781055 10.71264677205067 5.2
    endloop
  endfacet
  facet normal 0 0 1
    outer loop
      vertex 2.4404424088276557 9.053033286865091 5.2
      vertex 2.767557777518728 8.958448235715128 5.2
      vertex 2.847009496127728 10.62518408917975 5.2
    endloop
  endfacet
  facet normal 0 0 1
    outer loop
      vertex 2.4404424088276557 9.053033286865091 5.2
      vertex 2.847009496127728 10.62518408917975 5.2
      vertex 2.4978388933781055 10.71264677205067 5.2
    endloop
  endfacet
  facet normal 0 0 1
    outer loop
      vertex 2.767557777518728 8.958448235715128 5.2
      vertex 3.0910229476658753 8.852047671634788 5.2
      vertex 3.1931314497990857 10.526343693054297 5.2
    endloop
  endfacet
  facet normal 0 0 1
    outer loop
      vertex 2.767557777518728 8.958448235715128 5.2
      vertex 3.1931314497990857 10.526343693054297 5.2
      vertex 2.847009496127728 10.62518408917975 5.2
    endloop
  endfacet
  facet normal 0 0 1
    outer loop
      vertex 3.0910229476658753 8.852047671634788 5.2
      vertex 3.410411293273184 8.733971928888174 5.2
      vertex 3.5358341183347775 10.416231424446163 5.2
    endloop
  endfacet
  facet normal 0 0 1
    outer loop
      vertex 3.410411293273184 8.733971928888174 5.2
      vertex 3.725301565366719 8.60437674041346 5.2
      vertex 3.8747505271335685 10.294965194330583 5.2
    endloop
  endfacet
  facet normal 0 0 1
    outer loop
      vertex 3.725301565366719 8.60437674041346 5.2
      vertex 4.035278447589933 8.463433032422959 5.2
      vertex 4.2095177560159875 10.162674857624154 5.2
    endloop
  endfacet
  facet normal 0 0 1
    outer loop
      vertex 4.035278447589933 8.463433032422959 5.2
      vertex 4.339933103974405 8.31132669896443 5.2
      vertex 4.539777327848342 10.019502074132934 5.2
    endloop
  endfacet
  facet normal 0 0 1
    outer loop
      vertex 4.638863718163428 8.148258356740959 5.2
      vertex 4.865175592409014 9.865600156859571 5.2
      vertex 4.339933103974405 8.31132669896443 5.2
    endloop
  endfacet
  facet normal 0 0 1
    outer loop
      vertex 5.217983822421142 7.790110119429838 5.2
      vertex 5.5 9.526279441628825 5.2
      vertex 4.931676023377276 7.974443080512746 5.2
    endloop
  endfacet
  facet normal 0 0 1
    outer loop
      vertex 5.217983822421142 7.790110119429838 5.2
      vertex 5.497409497049924 7.595502594669902 5.2
      vertex 5.5 9.526279441628825 5.2
    endloop
  endfacet
  facet normal 0 0 1
    outer loop
      vertex 4.638863718163428 8.148258356740959 5.2
      vertex 4.931676023377276 7.974443080512746 5.2
      vertex 5.1853641050859745 9.701133907831906 5.2
    endloop
  endfacet
  facet normal 0 0 1
    outer loop
      vertex 4.638863718163428 8.148258356740959 5.2
      vertex 5.1853641050859745 9.701133907831906 5.2
      vertex 4.865175592409014 9.865600156859571 5.2
    endloop
  endfacet
  facet normal 0 0 1
    outer loop
      vertex 4.931676023377276 7.974443080512746 5.2
      vertex 5.5 9.526279441628825 5.2
      vertex 5.1853641050859745 9.701133907831906 5.2
    endloop
  endfacet
  facet normal 0 0 1
    outer loop
      vertex 5.76958450601799 7.390877178779868 5.2
      vertex 5.808746357154048 9.341223996792367 5.2
      vertex 5.497409497049924 7.595502594669902 5.2
    endloop
  endfacet
  facet normal 0 0 1
    outer loop
      vertex 5.497409497049924 7.595502594669902 5.2
      vertex 5.808746357154048 9.341223996792367 5.2
      vertex 5.5 9.526279441628825 5.2
    endloop
  endfacet
  facet normal 0 0 1
    outer loop
      vertex 5.76958450601799 7.390877178779868 5.2
      vertex 6.111272563215624 9.146165735327997 5.2
      vertex 5.808746357154048 9.341223996792367 5.2
    endloop
  endfacet
  facet normal 0 0 1
    outer loop
      vertex 3.0910229476658753 8.852047671634788 5.2
      vertex 3.5358341183347775 10.416231424446163 5.2
      vertex 3.1931314497990857 10.526343693054297 5.2
    endloop
  endfacet
  facet normal 0 0 1
    outer loop
      vertex 3.410411293273184 8.733971928888174 5.2
      vertex 3.8747505271335685 10.294965194330583 5.2
      vertex 3.5358341183347775 10.416231424446163 5.2
    endloop
  endfacet
  facet normal 0 0 1
    outer loop
      vertex 3.725301565366719 8.60437674041346 5.2
      vertex 4.2095177560159875 10.162674857624154 5.2
      vertex 3.8747505271335685 10.294965194330583 5.2
    endloop
  endfacet
  facet normal 0 0 1
    outer loop
      vertex 4.035278447589933 8.463433032422959 5.2
      vertex 4.539777327848342 10.019502074132934 5.2
      vertex 4.2095177560159875 10.162674857624154 5.2
    endloop
  endfacet
  facet normal 0 0 1
    outer loop
      vertex 4.339933103974405 8.31132669896443 5.2
      vertex 4.865175592409014 9.865600156859571 5.2
      vertex 4.539777327848342 10.019502074132934 5.2
    endloop
  endfacet
  facet normal 0 0 1
    outer loop
      vertex 5.76958450601799 7.390877178779868 5.2
      vertex 6.026799349695556 7.182459776503431 5.2
      vertex 7.069822368475502 8.425486206233925 5.2
    endloop
  endfacet
  facet normal 0 0 1
    outer loop
      vertex 5.76958450601799 7.390877178779868 5.2
      vertex 7.069822368475502 8.425486206233925 5.2
      vertex 6.111272563215624 9.146165735327997 5.2
    endloop
  endfacet
  facet normal 0 0 1
    outer loop
      vertex 6.9783261258001 8.503114986990107 5.2
      vertex 6.696375719095927 8.726886743203586 5.2
      vertex 7.069822368475502 8.425486206233925 5.2
    endloop
  endfacet
  facet normal 0 0 1
    outer loop
      vertex 6.111272563215624 9.146165735327997 5.2
      vertex 7.069822368475502 8.425486206233925 5.2
      vertex 6.407254665545824 8.941313530507768 5.2
    endloop
  endfacet
  facet normal 0 0 1
    outer loop
      vertex 6.407254665545824 8.941313530507768 5.2
      vertex 7.069822368475502 8.425486206233925 5.2
      vertex 6.696375719095927 8.726886743203586 5.2
    endloop
  endfacet
  facet normal 0.7660444431039667 0.6427876097044289 -4.0943387132614914e-12
    outer loop
      vertex 0 0 3.99
      vertex 7.83470172314152 -9.337033925015056 4
      vertex 8.065536925676628 -9.612132606920436 4
    endloop
  endfacet
  facet normal 0.7660444431039646 0.6427876097044319 2.1415719349357705e-13
    outer loop
      vertex 0 0 3.99
      vertex 8.065536925676628 -9.612132606920436 4
      vertex 8.06553692567663 -9.612132606920435 3.99
    endloop
  endfacet
  facet normal 0.7660444431039645 0.6427876097044318 -3.4466522888136846e-17
    outer loop
      vertex 4.485189146516998 -5.345240278572643 4
      vertex 6.026799349695556 -7.182459776503431 5.2
      vertex 7.83470172314152 -9.337033925015056 4
    endloop
  endfacet
  facet normal 0.7660444431039644 0.6427876097044319 4.1684505639262947e-17
    outer loop
      vertex 4.485189146516998 -5.345240278572643 4
      vertex 6.026799349695556 -7.182459776503431 5.448333236094056
      vertex 6.026799349695556 -7.182459776503431 5.2
    endloop
  endfacet
  facet normal 0.7660444431039646 0.6427876097044317 -1.514901058747095e-14
    outer loop
      vertex 4.485189146516998 -5.345240278572643 4
      vertex 0 0 3.99
      vertex 0 0 4
    endloop
  endfacet
  facet normal 0.7660444431039645 0.6427876097044319 1.0626671186138754e-13
    outer loop
      vertex 4.485189146516998 -5.345240278572643 4
      vertex 7.83470172314152 -9.337033925015056 4
      vertex 0 0 3.99
    endloop
  endfacet
  facet normal 0.7660444431039645 0.6427876097044317 5.1323053106555245e-16
    outer loop
      vertex 7.83470172314152 -9.337033925015056 4
      vertex 6.026799349695556 -7.182459776503431 5.2
      vertex 7.069822368475501 -8.425486206233927 5.2
    endloop
  endfacet
  facet normal 0 0 1
    outer loop
      vertex 0 0 3.99
      vertex 8.06553692567663 -9.612132606920435 3.99
      vertex 12.5 -5.177669532597065 3.99
    endloop
  endfacet
  facet normal 0.7660444431039644 0.6427876097044319 -5.85416413305876e-17
    outer loop
      vertex 4.485189146516998 -5.345240278572643 4
      vertex 6.051619017156941 -7.212038704366128 7.676109304011169
      vertex 6.026799349695556 -7.182459776503431 5.448333236094056
    endloop
  endfacet
  facet normal 0.7660444431039637 0.6427876097044328 1.5093540057442875e-15
    outer loop
      vertex 4.485189146516998 -5.345240278572643 4
      vertex 6.026799349695556 -7.182459776503431 7.698333236094056
      vertex 6.051619017156941 -7.212038704366128 7.676109304011169
    endloop
  endfacet
  facet normal 0.7660444431039644 0.6427876097044318 1.3802197573838787e-17
    outer loop
      vertex 4.485189146516998 -5.345240278572643 4
      vertex 6.026799349695556 -7.182459776503431 8.448333236094056
      vertex 6.026799349695556 -7.182459776503431 7.698333236094056
    endloop
  endfacet
  facet normal 0.7660444431039634 0.6427876097044332 0
    outer loop
      vertex 6.026799349695556 -7.182459776503431 10.698333236094056
      vertex 6.051619017156941 -7.212038704366128 10.676109304011169
      vertex 6.026799349695556 -7.182459776503431 8.448333236094056
    endloop
  endfacet
  facet normal 0.7660444431039645 0.6427876097044318 0
    outer loop
      vertex 6.026799349695556 -7.182459776503431 10.698333236094056
      vertex 6.026799349695556 -7.182459776503431 8.448333236094056
      vertex 4.485189146516998 -5.345240278572643 15.999999999999998
    endloop
  endfacet
  facet normal 0.7660444431039634 0.6427876097044332 0
    outer loop
      vertex 6.026799349695556 -7.182459776503431 13.698333236094058
      vertex 6.051619017156941 -7.212038704366128 13.67610930401117
      vertex 6.026799349695556 -7.182459776503431 11.448333236094056
    endloop
  endfacet
  facet normal 0.7660444431039645 0.6427876097044319 0
    outer loop
      vertex 6.026799349695556 -7.182459776503431 10.698333236094056
      vertex 4.485189146516998 -5.345240278572643 15.999999999999998
      vertex 6.026799349695556 -7.182459776503431 11.448333236094056
    endloop
  endfacet
  facet normal 0.7660444431039645 0.6427876097044319 0
    outer loop
      vertex 6.026799349695556 -7.182459776503431 13.698333236094058
      vertex 6.026799349695556 -7.182459776503431 11.448333236094056
      vertex 4.485189146516998 -5.345240278572643 15.999999999999998
    endloop
  endfacet
  facet normal 0.7660444431039645 0.6427876097044318 0
    outer loop
      vertex 6.026799349695556 -7.182459776503431 14.437299605349304
      vertex 6.026799349695556 -7.182459776503431 13.698333236094058
      vertex 4.485189146516998 -5.345240278572643 15.999999999999998
    endloop
  endfacet
  facet normal 0.7660444431039645 0.6427876097044318 0
    outer loop
      vertex 4.485189146516998 -5.345240278572643 4
      vertex 4.485189146516998 -5.345240278572643 15.999999999999998
      vertex 6.026799349695556 -7.182459776503431 8.448333236094056
    endloop
  endfacet
  facet normal 0.7660444431039641 0.642787609704432 -4.797003910766452e-16
    outer loop
      vertex 5.022332791412963 -5.985383147086193 15.999999999999998
      vertex 6.026799349695556 -7.182459776503431 14.437299605349304
      vertex 4.485189146516998 -5.345240278572643 15.999999999999998
    endloop
  endfacet
  facet normal 0.7660444431039638 0.6427876097044326 -1.544441575270665e-15
    outer loop
      vertex 7.036680021115337 -8.38598869470232 6.355341027884188
      vertex 6.051619017156941 -7.212038704366128 7.676109304011169
      vertex 7.070537755625437 -8.426338771439918 6.760833236094056
    endloop
  endfacet
  facet normal 0.7660444431039563 0.6427876097044417 -4.102422949541613e-18
    outer loop
      vertex 7.036680021115337 -8.38598869470232 6.355341027884188
      vertex 7.070537755625437 -8.426338771439918 6.760833236094056
      vertex 7.070537755625437 -8.426338771439918 6.385833236094056
    endloop
  endfacet
  facet normal 0.7660444431039647 0.6427876097044315 -3.079393938778569e-17
    outer loop
      vertex 7.036680021115337 -8.38598869470232 6.355341027884188
      vertex 6.026799349695556 -7.182459776503431 5.448333236094056
      vertex 6.051619017156941 -7.212038704366128 7.676109304011169
    endloop
  endfacet
  facet normal 0.7660444431039638 0.6427876097044325 -1.544441575270659e-15
    outer loop
      vertex 7.036680021115337 -8.38598869470232 9.355341027884187
      vertex 6.051619017156941 -7.212038704366128 10.676109304011169
      vertex 7.070537755625437 -8.426338771439918 9.760833236094056
    endloop
  endfacet
  facet normal 0.7660444431039563 0.6427876097044416 -4.1024229495416124e-18
    outer loop
      vertex 7.036680021115337 -8.38598869470232 9.355341027884187
      vertex 7.070537755625437 -8.426338771439918 9.760833236094056
      vertex 7.070537755625437 -8.426338771439918 9.385833236094056
    endloop
  endfacet
  facet normal 0.7660444431039647 0.6427876097044315 -3.07939393877857e-17
    outer loop
      vertex 7.036680021115337 -8.38598869470232 9.355341027884187
      vertex 6.026799349695556 -7.182459776503431 8.448333236094056
      vertex 6.051619017156941 -7.212038704366128 10.676109304011169
    endloop
  endfacet
  facet normal 0.7660444431039638 0.6427876097044325 -1.5444415752706588e-15
    outer loop
      vertex 7.036680021115337 -8.38598869470232 12.355341027884187
      vertex 6.051619017156941 -7.212038704366128 13.67610930401117
      vertex 7.070537755625437 -8.426338771439918 12.760833236094056
    endloop
  endfacet
  facet normal 0.7660444431039563 0.6427876097044416 -4.1024229495416124e-18
    outer loop
      vertex 7.036680021115337 -8.38598869470232 12.355341027884187
      vertex 7.070537755625437 -8.426338771439918 12.760833236094056
      vertex 7.070537755625437 -8.426338771439918 12.385833236094056
    endloop
  endfacet
  facet normal 0.7660444431039648 0.6427876097044315 -3.0793939387785675e-17
    outer loop
      vertex 7.036680021115337 -8.38598869470232 12.355341027884187
      vertex 6.026799349695556 -7.182459776503431 11.448333236094056
      vertex 6.051619017156941 -7.212038704366128 13.67610930401117
    endloop
  endfacet
  facet normal 0.7660444431039646 -0.6427876097044318 0
    outer loop
      vertex 0 0 3.99
      vertex 4.485189146516999 5.345240278572643 4
      vertex 0 0 4
    endloop
  endfacet
  facet normal 0.7660444431039646 -0.6427876097044319 1.0508240929537149e-13
    outer loop
      vertex 0 0 3.99
      vertex 8.06553692567663 9.612132606920435 3.99
      vertex 4.485189146516999 5.345240278572643 4
    endloop
  endfacet
  facet normal 0.7660444431039645 -0.6427876097044318 5.658394594052079e-16
    outer loop
      vertex 4.485189146516999 5.345240278572643 4
      vertex 7.834701723141521 9.337033925015056 4
      vertex 6.026799349695556 7.182459776503431 5.2
    endloop
  endfacet
  facet normal 0 0 1
    outer loop
      vertex 0 0 3.99
      vertex 12.5 -5.177669532597065 3.99
      vertex 12.5 5.177669532597065 3.99
    endloop
  endfacet
  facet normal 0 0 1
    outer loop
      vertex 0 0 3.99
      vertex 12.5 5.177669532597065 3.99
      vertex 8.06553692567663 9.612132606920435 3.99
    endloop
  endfacet
  facet normal 0.7660444431039645 -0.6427876097044319 9.880381025157751e-14
    outer loop
      vertex 4.485189146516999 5.345240278572643 4
      vertex 8.06553692567663 9.612132606920435 3.99
      vertex 7.834701723141521 9.337033925015056 4
    endloop
  endfacet
  facet normal 0.7660444431039639 -0.6427876097044326 -1.6283670179915645e-15
    outer loop
      vertex 7.834701723141521 9.337033925015056 4
      vertex 7.069822368475502 8.425486206233925 5.2
      vertex 6.026799349695556 7.182459776503431 5.2
    endloop
  endfacet
  facet normal 0.7660444431039629 -0.6427876097044337 1.004143627630733e-15
    outer loop
      vertex 7.834701723141521 9.337033925015056 4
      vertex 8.06553692567663 9.612132606920435 3.99
      vertex 8.06553692567663 9.612132606920435 4
    endloop
  endfacet
  facet normal 0.7660444431039646 -0.6427876097044316 0
    outer loop
      vertex 4.485189146516999 5.345240278572643 4
      vertex 6.026799349695556 7.182459776503431 11.531666763905944
      vertex 4.485189146516999 5.345240278572643 15.999999999999998
    endloop
  endfacet
  facet normal 0.7660444431039648 -0.6427876097044315 2.830433205649059e-16
    outer loop
      vertex 5.022332791412963 5.985383147086193 15.999999999999998
      vertex 4.485189146516999 5.345240278572643 15.999999999999998
      vertex 6.026799349695556 7.182459776503431 14.437299605349304
    endloop
  endfacet
  facet normal 0.7660444431039646 -0.6427876097044317 4.6161577375905056e-17
    outer loop
      vertex 4.485189146516999 5.345240278572643 4
      vertex 6.026799349695556 7.182459776503431 5.2
      vertex 6.026799349695556 7.182459776503431 6.281666763905945
    endloop
  endfacet
  facet normal 0.7660444431039646 -0.6427876097044316 2.2191752896439612e-17
    outer loop
      vertex 4.485189146516999 5.345240278572643 4
      vertex 6.026799349695556 7.182459776503431 6.281666763905945
      vertex 6.026799349695556 7.182459776503431 8.531666763905944
    endloop
  endfacet
  facet normal 0.7660444431039644 -0.6427876097044318 6.657525868931881e-17
    outer loop
      vertex 4.485189146516999 5.345240278572643 4
      vertex 6.026799349695556 7.182459776503431 8.531666763905944
      vertex 6.026799349695556 7.182459776503431 9.281666763905944
    endloop
  endfacet
  facet normal 0.7660444431039564 -0.6427876097044414 0
    outer loop
      vertex 6.026799349695556 7.182459776503431 6.281666763905945
      vertex 6.051619017156949 7.212038704366137 6.303890695988838
      vertex 6.026799349695556 7.182459776503431 8.531666763905944
    endloop
  endfacet
  facet normal 0.7660444431039647 -0.6427876097044316 2.21917528964396e-17
    outer loop
      vertex 4.485189146516999 5.345240278572643 4
      vertex 6.026799349695556 7.182459776503431 9.281666763905944
      vertex 6.026799349695556 7.182459776503431 11.531666763905944
    endloop
  endfacet
  facet normal 0.7660444431039565 -0.6427876097044415 0
    outer loop
      vertex 6.026799349695556 7.182459776503431 9.281666763905944
      vertex 6.051619017156949 7.212038704366137 9.303890695988839
      vertex 6.026799349695556 7.182459776503431 11.531666763905944
    endloop
  endfacet
  facet normal 0.7660444431039647 -0.6427876097044317 0
    outer loop
      vertex 6.026799349695556 7.182459776503431 11.531666763905944
      vertex 6.026799349695556 7.182459776503431 14.437299605349304
      vertex 4.485189146516999 5.345240278572643 15.999999999999998
    endloop
  endfacet
  facet normal 0.7660444431039644 -0.6427876097044319 2.1476629231487438e-16
    outer loop
      vertex 6.051619017156949 7.212038704366137 6.303890695988838
      vertex 7.03668002111533 8.385988694702311 7.624658972115819
      vertex 6.026799349695556 7.182459776503431 8.531666763905944
    endloop
  endfacet
  facet normal 0.766044443103964 -0.6427876097044324 7.958224055206947e-16
    outer loop
      vertex 6.051619017156949 7.212038704366137 6.303890695988838
      vertex 7.070537755625438 8.426338771439918 7.219166763905945
      vertex 7.03668002111533 8.385988694702311 7.624658972115819
    endloop
  endfacet
  facet normal 0.7660444431039595 -0.6427876097044378 0
    outer loop
      vertex 7.070537755625438 8.426338771439918 7.219166763905945
      vertex 7.070537755625438 8.426338771439918 7.594166763905945
      vertex 7.03668002111533 8.385988694702311 7.624658972115819
    endloop
  endfacet
  facet normal 0.766044443103964 -0.6427876097044324 7.958224055206931e-16
    outer loop
      vertex 6.051619017156949 7.212038704366137 9.303890695988839
      vertex 7.070537755625438 8.426338771439918 10.219166763905944
      vertex 7.03668002111533 8.385988694702311 10.624658972115819
    endloop
  endfacet
  facet normal 0.7660444431039644 -0.6427876097044319 2.147662923148745e-16
    outer loop
      vertex 6.051619017156949 7.212038704366137 9.303890695988839
      vertex 7.03668002111533 8.385988694702311 10.624658972115819
      vertex 6.026799349695556 7.182459776503431 11.531666763905944
    endloop
  endfacet
  facet normal 0.7660444431039595 -0.6427876097044378 0
    outer loop
      vertex 7.070537755625438 8.426338771439918 10.219166763905944
      vertex 7.070537755625438 8.426338771439918 10.594166763905944
      vertex 7.03668002111533 8.385988694702311 10.624658972115819
    endloop
  endfacet
  facet normal -0.7660444431039629 0.6427876097044337 1.004143627630733e-15
    outer loop
      vertex -7.834701723141521 -9.337033925015056 4
      vertex -8.06553692567663 -9.612132606920435 3.99
      vertex -8.06553692567663 -9.612132606920435 4
    endloop
  endfacet
  facet normal -0.7660444431039636 0.6427876097044329 -1.9563164580860756e-15
    outer loop
      vertex -7.834701723141521 -9.337033925015056 4
      vertex -7.069822368475502 -8.425486206233925 5.2
      vertex -6.492292631196387 -7.737213067034199 5.2
    endloop
  endfacet
  facet normal -0.7660444431039645 0.6427876097044319 9.880381025157751e-14
    outer loop
      vertex -4.485189146516999 -5.345240278572643 4
      vertex -8.06553692567663 -9.612132606920435 3.99
      vertex -7.834701723141521 -9.337033925015056 4
    endloop
  endfacet
  facet normal -0.7660444431039645 0.6427876097044318 2.624337649778034e-16
    outer loop
      vertex -4.485189146516999 -5.345240278572643 4
      vertex -7.834701723141521 -9.337033925015056 4
      vertex -6.492292631196387 -7.737213067034199 5.2
    endloop
  endfacet
  facet normal 0 0 1
    outer loop
      vertex 0 0 3.99
      vertex -12.5 -5.177669532597065 3.99
      vertex -8.06553692567663 -9.612132606920435 3.99
    endloop
  endfacet
  facet normal -0.7660444431039646 0.6427876097044319 7.779732372137448e-14
    outer loop
      vertex -4.485189146516999 -5.345240278572643 4
      vertex 0 0 3.99
      vertex -8.06553692567663 -9.612132606920435 3.99
    endloop
  endfacet
  facet normal -0.7660444431039646 0.6427876097044318 -1.8642855138365452e-14
    outer loop
      vertex -4.485189146516999 -5.345240278572643 4
      vertex 0 0 4
      vertex 0 0 3.99
    endloop
  endfacet
  facet normal -0.766044443103964 0.6427876097044323 -9.237742007902765e-17
    outer loop
      vertex -7.0695014997482994 -8.42510380977555 5.719166613868614
      vertex -6.477452360679111 -7.719527121331005 6.626716928194256
      vertex -6.535055953035375 -7.788176409464659 5.238358113331351
    endloop
  endfacet
  facet normal -0.766044443103964 0.6427876097044323 0
    outer loop
      vertex -7.0695014997482994 -8.42510380977555 5.719166613868614
      vertex -7.0695014997482994 -8.42510380977555 6.094166613868614
      vertex -6.477452360679111 -7.719527121331005 6.626716928194256
    endloop
  endfacet
  facet normal -0.7660444431039655 0.6427876097044305 8.147256707069419e-17
    outer loop
      vertex -6.492292631196387 -7.737213067034199 5.2
      vertex -6.535055953035375 -7.788176409464659 5.238358113331351
      vertex -6.477452360679111 -7.719527121331005 6.626716928194256
    endloop
  endfacet
  facet normal -0.766044443103965 0.6427876097044312 7.046228258878871e-17
    outer loop
      vertex -6.492292631196387 -7.737213067034199 5.2
      vertex -6.477452360679111 -7.719527121331005 6.626716928194256
      vertex -6.025916063803831 -7.181407117368729 7.031666613868614
    endloop
  endfacet
  facet normal -0.766044443103964 0.6427876097044323 -9.237742007902765e-17
    outer loop
      vertex -7.0695014997482994 -8.42510380977555 8.719166613868614
      vertex -6.477452360679111 -7.719527121331005 9.626716928194256
      vertex -6.535055953035375 -7.788176409464659 8.238358113331351
    endloop
  endfacet
  facet normal -0.766044443103964 0.6427876097044323 0
    outer loop
      vertex -7.0695014997482994 -8.42510380977555 8.719166613868614
      vertex -7.0695014997482994 -8.42510380977555 9.094166613868614
      vertex -6.477452360679111 -7.719527121331005 9.626716928194256
    endloop
  endfacet
  facet normal -0.766044443103965 0.6427876097044313 2.8084449816481986e-17
    outer loop
      vertex -6.535055953035375 -7.788176409464659 8.238358113331351
      vertex -6.477452360679111 -7.719527121331005 9.626716928194256
      vertex -6.025916063803831 -7.181407117368729 7.781666613868615
    endloop
  endfacet
  facet normal -0.766044443103964 0.6427876097044323 0
    outer loop
      vertex -7.0695014997482994 -8.42510380977555 11.719166613868614
      vertex -7.0695014997482994 -8.42510380977555 12.094166613868616
      vertex -6.477452360679111 -7.719527121331005 12.626716928194256
    endloop
  endfacet
  facet normal -0.766044443103964 0.6427876097044323 -9.237742007902765e-17
    outer loop
      vertex -7.0695014997482994 -8.42510380977555 11.719166613868614
      vertex -6.477452360679111 -7.719527121331005 12.626716928194256
      vertex -6.535055953035375 -7.788176409464659 11.238358113331351
    endloop
  endfacet
  facet normal -0.766044443103965 0.6427876097044312 2.808444981648198e-17
    outer loop
      vertex -6.535055953035375 -7.788176409464659 11.238358113331351
      vertex -6.477452360679111 -7.719527121331005 12.626716928194256
      vertex -6.025916063803831 -7.181407117368729 10.781666613868614
    endloop
  endfacet
  facet normal -0.7660444431039646 0.6427876097044316 -2.5901948021825514e-16
    outer loop
      vertex -4.485189146516999 -5.345240278572643 4
      vertex -6.492292631196387 -7.737213067034199 5.2
      vertex -6.025916063803831 -7.181407117368729 7.031666613868614
    endloop
  endfacet
  facet normal -0.7660444431039645 0.6427876097044318 -8.638315519295831e-17
    outer loop
      vertex -4.485189146516999 -5.345240278572643 4
      vertex -6.025916063803831 -7.181407117368729 7.031666613868614
      vertex -6.025916063803831 -7.181407117368729 7.781666613868615
    endloop
  endfacet
  facet normal -0.7660444431039644 0.6427876097044319 -2.879438506431949e-17
    outer loop
      vertex -4.485189146516999 -5.345240278572643 4
      vertex -6.025916063803831 -7.181407117368729 7.781666613868615
      vertex -6.025916063803831 -7.181407117368729 10.031666613868614
    endloop
  endfacet
  facet normal -0.7660444431039646 0.6427876097044317 -8.638315519295843e-17
    outer loop
      vertex -4.485189146516999 -5.345240278572643 4
      vertex -6.025916063803831 -7.181407117368729 10.031666613868614
      vertex -6.025916063803831 -7.181407117368729 10.781666613868614
    endloop
  endfacet
  facet normal -0.7660444431039651 0.6427876097044312 0
    outer loop
      vertex -6.025916063803831 -7.181407117368729 7.781666613868615
      vertex -6.477452360679111 -7.719527121331005 9.626716928194256
      vertex -6.025916063803831 -7.181407117368729 10.031666613868614
    endloop
  endfacet
  facet normal -0.766044443103965 0.6427876097044312 0
    outer loop
      vertex -6.025916063803831 -7.181407117368729 10.781666613868614
      vertex -6.477452360679111 -7.719527121331005 12.626716928194256
      vertex -6.025916063803831 -7.181407117368729 13.031666613868614
    endloop
  endfacet
  facet normal -0.7660444431039642 0.6427876097044319 0
    outer loop
      vertex -6.025916063803831 -7.181407117368729 10.781666613868614
      vertex -6.025916063803831 -7.181407117368729 13.031666613868614
      vertex -4.485189146516999 -5.345240278572643 15.999999999999998
    endloop
  endfacet
  facet normal -0.7660444431039642 0.6427876097044319 0
    outer loop
      vertex -6.025916063803831 -7.181407117368729 13.031666613868614
      vertex -6.025916063803831 -7.181407117368729 14.437299605349304
      vertex -4.485189146516999 -5.345240278572643 15.999999999999998
    endloop
  endfacet
  facet normal -0.7660444431039644 0.6427876097044319 0
    outer loop
      vertex -4.485189146516999 -5.345240278572643 4
      vertex -6.025916063803831 -7.181407117368729 10.781666613868614
      vertex -4.485189146516999 -5.345240278572643 15.999999999999998
    endloop
  endfacet
  facet normal -0.7660444431039641 0.6427876097044323 -5.641466129613037e-16
    outer loop
      vertex -6.025916063803831 -7.181407117368729 14.437299605349304
      vertex -5.021596719836526 -5.984505931140608 15.999999999999998
      vertex -4.485189146516999 -5.345240278572643 15.999999999999998
    endloop
  endfacet
  facet normal 0 0 1
    outer loop
      vertex 0 0 3.99
      vertex -12.5 5.177669532597065 3.99
      vertex -12.5 -5.177669532597065 3.99
    endloop
  endfacet
  facet normal 0 0 1
    outer loop
      vertex 0 0 3.99
      vertex -8.06553692567663 9.612132606920435 3.99
      vertex -12.5 5.177669532597065 3.99
    endloop
  endfacet
  facet normal -0.7660444431039645 -0.6427876097044318 -5.557570282809845e-16
    outer loop
      vertex -4.485189146516999 5.345240278572643 4
      vertex -7.069822368475502 8.425486206233925 5.2
      vertex -7.834701723141521 9.337033925015056 4
    endloop
  endfacet
  facet normal -0.7660444431039645 -0.6427876097044319 3.8088423787550707e-14
    outer loop
      vertex -4.485189146516999 5.345240278572643 4
      vertex -7.834701723141521 9.337033925015056 4
      vertex 0 0 3.99
    endloop
  endfacet
  facet normal -0.7660444431039646 -0.6427876097044318 1.8642855138365452e-14
    outer loop
      vertex -4.485189146516999 5.345240278572643 4
      vertex 0 0 3.99
      vertex 0 0 4
    endloop
  endfacet
  facet normal -0.7660444431039641 -0.642787609704432 4.444971680652116e-16
    outer loop
      vertex -4.485189146516999 5.345240278572643 4
      vertex -6.025916063803831 7.181407117368729 5.2
      vertex -7.069822368475502 8.425486206233925 5.2
    endloop
  endfacet
  facet normal -0.7660444431039646 -0.6427876097044319 -3.5173860048185526e-14
    outer loop
      vertex 0 0 3.99
      vertex -8.06553692567663 9.612132606920435 4
      vertex -8.06553692567663 9.612132606920435 3.99
    endloop
  endfacet
  facet normal -0.7660444431039628 -0.6427876097044338 1.360946354163851e-12
    outer loop
      vertex 0 0 3.99
      vertex -7.834701723141521 9.337033925015056 4
      vertex -8.06553692567663 9.612132606920435 4
    endloop
  endfacet
  facet normal -0.7660444431039649 -0.6427876097044312 -2.99169609332555e-17
    outer loop
      vertex -6.477452360679111 7.719527121331005 7.353283071805745
      vertex -6.025916063803831 7.181407117368729 9.198333386131386
      vertex -6.535055953035375 7.788176409464659 8.741641886668651
    endloop
  endfacet
  facet normal -0.7660444431039641 -0.6427876097044323 -3.534509456759348e-17
    outer loop
      vertex -6.477452360679111 7.719527121331005 7.353283071805745
      vertex -7.0695014997482994 8.42510380977555 8.260833386131386
      vertex -7.0695014997482994 8.42510380977555 7.885833386131387
    endloop
  endfacet
  facet normal -0.766044443103964 -0.6427876097044324 7.221922892005069e-17
    outer loop
      vertex -6.477452360679111 7.719527121331005 7.353283071805745
      vertex -6.535055953035375 7.788176409464659 8.741641886668651
      vertex -7.0695014997482994 8.42510380977555 8.260833386131386
    endloop
  endfacet
  facet normal -0.7660444431039649 -0.6427876097044312 -2.99169609332555e-17
    outer loop
      vertex -6.477452360679111 7.719527121331005 10.353283071805745
      vertex -6.025916063803831 7.181407117368729 12.198333386131386
      vertex -6.535055953035375 7.788176409464659 11.741641886668651
    endloop
  endfacet
  facet normal -0.766044443103964 -0.6427876097044323 -3.5345094567593395e-17
    outer loop
      vertex -6.477452360679111 7.719527121331005 10.353283071805745
      vertex -7.0695014997482994 8.42510380977555 11.260833386131386
      vertex -7.0695014997482994 8.42510380977555 10.885833386131386
    endloop
  endfacet
  facet normal -0.766044443103964 -0.6427876097044324 7.221922892005069e-17
    outer loop
      vertex -6.477452360679111 7.719527121331005 10.353283071805745
      vertex -6.535055953035375 7.788176409464659 11.741641886668651
      vertex -7.0695014997482994 8.42510380977555 11.260833386131386
    endloop
  endfacet
  facet normal -0.7660444431039644 -0.6427876097044319 0
    outer loop
      vertex -4.485189146516999 5.345240278572643 4
      vertex -4.485189146516999 5.345240278572643 15.999999999999998
      vertex -6.025916063803831 7.181407117368729 12.198333386131386
    endloop
  endfacet
  facet normal -0.766044443103964 -0.6427876097044322 -4.822643209956541e-16
    outer loop
      vertex -6.025916063803831 7.181407117368729 14.437299605349304
      vertex -4.485189146516999 5.345240278572643 15.999999999999998
      vertex -5.021596719836526 5.984505931140608 15.999999999999998
    endloop
  endfacet
  facet normal -0.7660444431039645 -0.6427876097044319 3.7056643148636903e-17
    outer loop
      vertex -4.485189146516999 5.345240278572643 4
      vertex -6.025916063803831 7.181407117368729 6.948333386131387
      vertex -6.025916063803831 7.181407117368729 5.2
    endloop
  endfacet
  facet normal -0.7660444431039644 -0.642787609704432 2.879438506431949e-17
    outer loop
      vertex -4.485189146516999 5.345240278572643 4
      vertex -6.025916063803831 7.181407117368729 9.198333386131386
      vertex -6.025916063803831 7.181407117368729 6.948333386131387
    endloop
  endfacet
  facet normal -0.7660444431039642 -0.642787609704432 8.63831551929584e-17
    outer loop
      vertex -4.485189146516999 5.345240278572643 4
      vertex -6.025916063803831 7.181407117368729 9.948333386131386
      vertex -6.025916063803831 7.181407117368729 9.198333386131386
    endloop
  endfacet
  facet normal -0.7660444431039644 -0.6427876097044319 2.879438506431947e-17
    outer loop
      vertex -4.485189146516999 5.345240278572643 4
      vertex -6.025916063803831 7.181407117368729 12.198333386131386
      vertex -6.025916063803831 7.181407117368729 9.948333386131386
    endloop
  endfacet
  facet normal -0.7660444431039651 -0.6427876097044312 -8.723604714736032e-18
    outer loop
      vertex -6.477452360679111 7.719527121331005 7.353283071805745
      vertex -6.025916063803831 7.181407117368729 6.948333386131387
      vertex -6.025916063803831 7.181407117368729 9.198333386131386
    endloop
  endfacet
  facet normal -0.766044443103965 -0.6427876097044312 -8.72360471473603e-18
    outer loop
      vertex -6.477452360679111 7.719527121331005 10.353283071805745
      vertex -6.025916063803831 7.181407117368729 9.948333386131386
      vertex -6.025916063803831 7.181407117368729 12.198333386131386
    endloop
  endfacet
  facet normal -0.7660444431039644 -0.642787609704432 0
    outer loop
      vertex -6.025916063803831 7.181407117368729 12.198333386131386
      vertex -4.485189146516999 5.345240278572643 15.999999999999998
      vertex -6.025916063803831 7.181407117368729 14.437299605349304
    endloop
  endfacet
  facet normal 0 0 1
    outer loop
      vertex -4.485189146516999 -5.345240278572643 4
      vertex -1.7744439726705379 -6.750685045819662 4
      vertex -1.3861614571873015 -6.8409762764249065 4
    endloop
  endfacet
  facet normal 0 0 1
    outer loop
      vertex -4.485189146516999 -5.345240278572643 4
      vertex -1.3861614571873015 -6.8409762764249065 4
      vertex -0.993357571147531 -6.9089536643289104 4
    endloop
  endfacet
  facet normal 0 0 1
    outer loop
      vertex -4.485189146516999 -5.345240278572643 4
      vertex -0.993357571147531 -6.9089536643289104 4
      vertex -0.5973135591823047 -6.954395481421586 4
    endloop
  endfacet
  facet normal 0 0 1
    outer loop
      vertex -4.485189146516999 -5.345240278572643 4
      vertex -0.5973135591823047 -6.954395481421586 4
      vertex -0.19932123453999862 -6.977153505940762 4
    endloop
  endfacet
  facet normal 0 0 1
    outer loop
      vertex -4.485189146516999 -5.345240278572643 4
      vertex -4.262322199855357 -5.527477676537481 4
      vertex -3.93981366769005 -5.761793840800162 4
    endloop
  endfacet
  facet normal 0 0 1
    outer loop
      vertex -4.485189146516999 -5.345240278572643 4
      vertex -3.93981366769005 -5.761793840800162 4
      vertex -3.6044542822399546 -5.977316231156091 4
    endloop
  endfacet
  facet normal 0 0 1
    outer loop
      vertex -2.899596790753166 -6.349231327574539 4
      vertex -4.485189146516999 -5.345240278572643 4
      vertex -3.257337916115202 -6.173341858364745 4
    endloop
  endfacet
  facet normal 0 0 1
    outer loop
      vertex -4.485189146516999 -5.345240278572643 4
      vertex -3.6044542822399546 -5.977316231156091 4
      vertex -3.257337916115202 -6.173341858364745 4
    endloop
  endfacet
  facet normal 0 0 1
    outer loop
      vertex -2.899596790753166 -6.349231327574539 4
      vertex -2.5323977833474753 -6.504410923895938 4
      vertex -4.485189146516999 -5.345240278572643 4
    endloop
  endfacet
  facet normal 0 0 1
    outer loop
      vertex -4.485189146516999 -5.345240278572643 4
      vertex -2.5323977833474753 -6.504410923895938 4
      vertex -2.156938620737133 -6.638374483740172 4
    endloop
  endfacet
  facet normal 0 0 1
    outer loop
      vertex -4.485189146516999 -5.345240278572643 4
      vertex -2.156938620737133 -6.638374483740172 4
      vertex -1.7744439726705379 -6.750685045819662 4
    endloop
  endfacet
  facet normal 0 0 1
    outer loop
      vertex -4.485189146516999 -5.345240278572643 4
      vertex -0.19932123453999862 -6.977153505940762 4
      vertex 0 0 4
    endloop
  endfacet
  facet normal 0.38927010631739356 0.9211236531148491 0
    outer loop
      vertex -2.899596790753166 -6.349231327574539 4
      vertex -2.899596790753166 -6.349231327574539 15.999999999999998
      vertex -2.5323977833474753 -6.504410923895938 4
    endloop
  endfacet
  facet normal 0.33604939321542887 0.9418443636395252 0
    outer loop
      vertex -2.5323977833474753 -6.504410923895938 4
      vertex -2.5323977833474753 -6.504410923895938 15.999999999999998
      vertex -2.156938620737133 -6.638374483740172 4
    endloop
  endfacet
  facet normal 0.2817325568414305 0.959492973614497 0
    outer loop
      vertex -2.156938620737133 -6.638374483740172 4
      vertex -2.156938620737133 -6.638374483740172 15.999999999999998
      vertex -1.7744439726705379 -6.750685045819662 4
    endloop
  endfacet
  facet normal 0.22649676742576302 0.9740119169423339 0
    outer loop
      vertex -1.7744439726705379 -6.750685045819662 4
      vertex -1.7744439726705379 -6.750685045819662 15.999999999999998
      vertex -1.3861614571873015 -6.8409762764249065 4
    endloop
  endfacet
  facet normal 0.17052219263262364 0.9853538358476931 0
    outer loop
      vertex -1.3861614571873015 -6.8409762764249065 4
      vertex -1.3861614571873015 -6.8409762764249065 15.999999999999998
      vertex -0.993357571147531 -6.9089536643289104 4
    endloop
  endfacet
  facet normal 0.11399140989054175 0.99348173534855 0
    outer loop
      vertex -0.993357571147531 -6.9089536643289104 4
      vertex -0.993357571147531 -6.9089536643289104 15.999999999999998
      vertex -0.5973135591823047 -6.954395481421586 4
    endloop
  endfacet
  facet normal 0.05708881086276908 0.9983691039261355 0
    outer loop
      vertex -0.5973135591823047 -6.954395481421586 4
      vertex -0.5973135591823047 -6.954395481421586 15.999999999999998
      vertex -0.19932123453999862 -6.977153505940762 4
    endloop
  endfacet
  facet normal 0 1 0
    outer loop
      vertex -0.19932123453999862 -6.977153505940762 4
      vertex -0.19932123453999862 -6.977153505940762 15.999999999999998
      vertex 0.19932123453999862 -6.977153505940762 4
    endloop
  endfacet
  facet normal 0.4412211012432186 0.8973984286913598 0
    outer loop
      vertex -2.899596790753166 -6.349231327574539 4
      vertex -3.257337916115202 -6.173341858364745 15.999999999999998
      vertex -2.899596790753166 -6.349231327574539 15.999999999999998
    endloop
  endfacet
  facet normal 0.38927010631739356 0.9211236531148491 0
    outer loop
      vertex -2.5323977833474753 -6.504410923895938 4
      vertex -2.899596790753166 -6.349231327574539 15.999999999999998
      vertex -2.5323977833474753 -6.504410923895938 15.999999999999998
    endloop
  endfacet
  facet normal 0.33604939321542887 0.9418443636395252 0
    outer loop
      vertex -2.156938620737133 -6.638374483740172 4
      vertex -2.5323977833474753 -6.504410923895938 15.999999999999998
      vertex -2.156938620737133 -6.638374483740172 15.999999999999998
    endloop
  endfacet
  facet normal 0.2817325568414305 0.959492973614497 0
    outer loop
      vertex -1.7744439726705379 -6.750685045819662 4
      vertex -2.156938620737133 -6.638374483740172 15.999999999999998
      vertex -1.7744439726705379 -6.750685045819662 15.999999999999998
    endloop
  endfacet
  facet normal 0.22649676742576302 0.9740119169423339 0
    outer loop
      vertex -1.3861614571873015 -6.8409762764249065 4
      vertex -1.7744439726705379 -6.750685045819662 15.999999999999998
      vertex -1.3861614571873015 -6.8409762764249065 15.999999999999998
    endloop
  endfacet
  facet normal 0.17052219263262364 0.9853538358476931 0
    outer loop
      vertex -0.993357571147531 -6.9089536643289104 4
      vertex -1.3861614571873015 -6.8409762764249065 15.999999999999998
      vertex -0.993357571147531 -6.9089536643289104 15.999999999999998
    endloop
  endfacet
  facet normal 0.11399140989054175 0.99348173534855 0
    outer loop
      vertex -0.5973135591823047 -6.954395481421586 4
      vertex -0.993357571147531 -6.9089536643289104 15.999999999999998
      vertex -0.5973135591823047 -6.954395481421586 15.999999999999998
    endloop
  endfacet
  facet normal 0.05708881086276908 0.9983691039261355 0
    outer loop
      vertex -0.19932123453999862 -6.977153505940762 4
      vertex -0.5973135591823047 -6.954395481421586 15.999999999999998
      vertex -0.19932123453999862 -6.977153505940762 15.999999999999998
    endloop
  endfacet
  facet normal 0.5877852522924729 0.8090169943749477 0
    outer loop
      vertex -4.262322199855357 -5.527477676537481 4
      vertex -4.262322199855357 -5.527477676537481 15.999999999999998
      vertex -3.93981366769005 -5.761793840800162 4
    endloop
  endfacet
  facet normal 0.6330124538088688 0.7741416106390838 0
    outer loop
      vertex -4.485189146516999 -5.345240278572643 4
      vertex -4.485189146516999 -5.345240278572643 15.999999999999998
      vertex -4.262322199855357 -5.527477676537481 4
    endloop
  endfacet
  facet normal 0.5406408174555969 0.8412535328311815 -1.0789760396877589e-18
    outer loop
      vertex -3.6044542822399546 -5.977316231156091 4
      vertex -3.93981366769005 -5.761793840800162 4
      vertex -3.93981366769005 -5.761793840800162 15.999999999999998
    endloop
  endfacet
  facet normal 0.49173292464560603 0.870746077119776 0
    outer loop
      vertex -3.6044542822399546 -5.977316231156091 4
      vertex -3.6044542822399546 -5.977316231156091 15.999999999999998
      vertex -3.257337916115202 -6.173341858364745 4
    endloop
  endfacet
  facet normal 0.4412211012432186 0.8973984286913598 6.613804726946953e-19
    outer loop
      vertex -2.899596790753166 -6.349231327574539 4
      vertex -3.257337916115202 -6.173341858364745 4
      vertex -3.257337916115202 -6.173341858364745 15.999999999999998
    endloop
  endfacet
  facet normal 0.5877852522924729 0.8090169943749477 0
    outer loop
      vertex -3.93981366769005 -5.761793840800162 4
      vertex -4.262322199855357 -5.527477676537481 15.999999999999998
      vertex -3.93981366769005 -5.761793840800162 15.999999999999998
    endloop
  endfacet
  facet normal 0.6330124538088688 0.7741416106390838 0
    outer loop
      vertex -4.262322199855357 -5.527477676537481 4
      vertex -4.485189146516999 -5.345240278572643 15.999999999999998
      vertex -4.262322199855357 -5.527477676537481 15.999999999999998
    endloop
  endfacet
  facet normal 0.5406408174555969 0.8412535328311815 0
    outer loop
      vertex -3.6044542822399546 -5.977316231156091 4
      vertex -3.93981366769005 -5.761793840800162 15.999999999999998
      vertex -3.6044542822399546 -5.977316231156091 15.999999999999998
    endloop
  endfacet
  facet normal 0.49173292464560603 0.870746077119776 0
    outer loop
      vertex -3.257337916115202 -6.173341858364745 4
      vertex -3.6044542822399546 -5.977316231156091 15.999999999999998
      vertex -3.257337916115202 -6.173341858364745 15.999999999999998
    endloop
  endfacet
  facet normal 0 0 1
    outer loop
      vertex -4.485189146516999 5.345240278572643 4
      vertex 0 0 4
      vertex -4.262322199855359 5.5274776765374805 4
    endloop
  endfacet
  facet normal 0 0 1
    outer loop
      vertex -4.262322199855359 5.5274776765374805 4
      vertex 0 0 4
      vertex -3.939813667690048 5.761793840800163 4
    endloop
  endfacet
  facet normal 0 0 1
    outer loop
      vertex -3.939813667690048 5.761793840800163 4
      vertex 0 0 4
      vertex -3.6044542822399546 5.977316231156091 4
    endloop
  endfacet
  facet normal 0 0 1
    outer loop
      vertex -3.6044542822399546 5.977316231156091 4
      vertex 0 0 4
      vertex -3.257337916115202 6.173341858364745 4
    endloop
  endfacet
  facet normal 0 0 1
    outer loop
      vertex -3.257337916115202 6.173341858364745 4
      vertex 0 0 4
      vertex -2.8995967907531677 6.349231327574539 4
    endloop
  endfacet
  facet normal 0 0 1
    outer loop
      vertex -2.8995967907531677 6.349231327574539 4
      vertex 0 0 4
      vertex -2.5323977833474736 6.5044109238959384 4
    endloop
  endfacet
  facet normal 0 0 1
    outer loop
      vertex -2.5323977833474736 6.5044109238959384 4
      vertex 0 0 4
      vertex -2.156938620737133 6.638374483740172 4
    endloop
  endfacet
  facet normal 0 0 1
    outer loop
      vertex -2.156938620737133 6.638374483740172 4
      vertex 0 0 4
      vertex -1.7744439726705397 6.750685045819662 4
    endloop
  endfacet
  facet normal 0 0 1
    outer loop
      vertex -1.7744439726705397 6.750685045819662 4
      vertex 0 0 4
      vertex -1.3861614571873033 6.8409762764249065 4
    endloop
  endfacet
  facet normal 0 0 1
    outer loop
      vertex -1.3861614571873033 6.8409762764249065 4
      vertex 0 0 4
      vertex -0.993357571147531 6.9089536643289104 4
    endloop
  endfacet
  facet normal 0 0 1
    outer loop
      vertex -0.993357571147531 6.9089536643289104 4
      vertex 0 0 4
      vertex -0.5973135591823011 6.954395481421587 4
    endloop
  endfacet
  facet normal 0 0 1
    outer loop
      vertex -0.5973135591823011 6.954395481421587 4
      vertex 0 0 4
      vertex -0.19932123454000034 6.977153505940762 4
    endloop
  endfacet
  facet normal 0.63301245380887 -0.7741416106390828 -9.459116432361682e-19
    outer loop
      vertex -4.485189146516999 5.345240278572643 4
      vertex -4.262322199855359 5.5274776765374805 4
      vertex -4.262322199855359 5.5274776765374805 15.999999999999998
    endloop
  endfacet
  facet normal 0.5877852522924716 -0.8090169943749486 1.0058030069116608e-18
    outer loop
      vertex -4.262322199855359 5.5274776765374805 4
      vertex -3.939813667690048 5.761793840800163 4
      vertex -3.939813667690048 5.761793840800163 15.999999999999998
    endloop
  endfacet
  facet normal 0.5406408174555974 -0.8412535328311813 9.343103672112647e-19
    outer loop
      vertex -3.939813667690048 5.761793840800163 4
      vertex -3.6044542822399546 5.977316231156091 4
      vertex -3.6044542822399546 5.977316231156091 15.999999999999998
    endloop
  endfacet
  facet normal 0.49173292464560603 -0.870746077119776 9.800516121246443e-19
    outer loop
      vertex -3.6044542822399546 5.977316231156091 4
      vertex -3.257337916115202 6.173341858364745 4
      vertex -3.257337916115202 6.173341858364745 15.999999999999998
    endloop
  endfacet
  facet normal 0.63301245380887 -0.7741416106390828 0
    outer loop
      vertex -4.485189146516999 5.345240278572643 4
      vertex -4.262322199855359 5.5274776765374805 15.999999999999998
      vertex -4.485189146516999 5.345240278572643 15.999999999999998
    endloop
  endfacet
  facet normal 0.5877852522924716 -0.8090169943749486 0
    outer loop
      vertex -4.262322199855359 5.5274776765374805 4
      vertex -3.939813667690048 5.761793840800163 15.999999999999998
      vertex -4.262322199855359 5.5274776765374805 15.999999999999998
    endloop
  endfacet
  facet normal 0.5406408174555974 -0.8412535328311813 0
    outer loop
      vertex -3.939813667690048 5.761793840800163 4
      vertex -3.6044542822399546 5.977316231156091 15.999999999999998
      vertex -3.939813667690048 5.761793840800163 15.999999999999998
    endloop
  endfacet
  facet normal 0.49173292464560603 -0.870746077119776 0
    outer loop
      vertex -3.6044542822399546 5.977316231156091 4
      vertex -3.257337916115202 6.173341858364745 15.999999999999998
      vertex -3.6044542822399546 5.977316231156091 15.999999999999998
    endloop
  endfacet
  facet normal 0.44122110124322034 -0.8973984286913589 0
    outer loop
      vertex -3.257337916115202 6.173341858364745 4
      vertex -2.8995967907531677 6.349231327574539 15.999999999999998
      vertex -3.257337916115202 6.173341858364745 15.999999999999998
    endloop
  endfacet
  facet normal 0.44122110124322034 -0.8973984286913589 7.489597222019068e-19
    outer loop
      vertex -3.257337916115202 6.173341858364745 4
      vertex -2.8995967907531677 6.349231327574539 4
      vertex -2.8995967907531677 6.349231327574539 15.999999999999998
    endloop
  endfacet
  facet normal 0.38927010631739234 -0.9211236531148499 4.085491894216815e-19
    outer loop
      vertex -2.8995967907531677 6.349231327574539 4
      vertex -2.5323977833474736 6.5044109238959384 4
      vertex -2.5323977833474736 6.5044109238959384 15.999999999999998
    endloop
  endfacet
  facet normal 0.33604939321542826 -0.9418443636395253 -7.175978511477592e-19
    outer loop
      vertex -2.5323977833474736 6.5044109238959384 4
      vertex -2.156938620737133 6.638374483740172 4
      vertex -2.156938620737133 6.638374483740172 15.999999999999998
    endloop
  endfacet
  facet normal 0.2817325568414317 -0.9594929736144967 -3.3618532105038346e-19
    outer loop
      vertex -2.156938620737133 6.638374483740172 4
      vertex -1.7744439726705397 6.750685045819662 4
      vertex -1.7744439726705397 6.750685045819662 15.999999999999998
    endloop
  endfacet
  facet normal 0.22649676742576302 -0.9740119169423339 -5.611292237633605e-19
    outer loop
      vertex -1.7744439726705397 6.750685045819662 4
      vertex -1.3861614571873033 6.8409762764249065 4
      vertex -1.3861614571873033 6.8409762764249065 15.999999999999998
    endloop
  endfacet
  facet normal 0.1705221926326229 -0.9853538358476932 -1.3925826033496156e-19
    outer loop
      vertex -1.3861614571873033 6.8409762764249065 4
      vertex -0.993357571147531 6.9089536643289104 4
      vertex -0.993357571147531 6.9089536643289104 15.999999999999998
    endloop
  endfacet
  facet normal 0.11399140989054295 -0.9934817353485499 2.0822527230099632e-19
    outer loop
      vertex -0.993357571147531 6.9089536643289104 4
      vertex -0.5973135591823011 6.954395481421587 4
      vertex -0.5973135591823011 6.954395481421587 15.999999999999998
    endloop
  endfacet
  facet normal 0.05708881086276762 -0.9983691039261358 1.7039510077762468e-19
    outer loop
      vertex -0.5973135591823011 6.954395481421587 4
      vertex -0.19932123454000034 6.977153505940762 4
      vertex -0.19932123454000034 6.977153505940762 15.999999999999998
    endloop
  endfacet
  facet normal 0.38927010631739234 -0.9211236531148499 0
    outer loop
      vertex -2.8995967907531677 6.349231327574539 4
      vertex -2.5323977833474736 6.5044109238959384 15.999999999999998
      vertex -2.8995967907531677 6.349231327574539 15.999999999999998
    endloop
  endfacet
  facet normal 0.33604939321542826 -0.9418443636395253 0
    outer loop
      vertex -2.5323977833474736 6.5044109238959384 4
      vertex -2.156938620737133 6.638374483740172 15.999999999999998
      vertex -2.5323977833474736 6.5044109238959384 15.999999999999998
    endloop
  endfacet
  facet normal 0.2817325568414317 -0.9594929736144967 0
    outer loop
      vertex -2.156938620737133 6.638374483740172 4
      vertex -1.7744439726705397 6.750685045819662 15.999999999999998
      vertex -2.156938620737133 6.638374483740172 15.999999999999998
    endloop
  endfacet
  facet normal 0.22649676742576302 -0.9740119169423339 0
    outer loop
      vertex -1.7744439726705397 6.750685045819662 4
      vertex -1.3861614571873033 6.8409762764249065 15.999999999999998
      vertex -1.7744439726705397 6.750685045819662 15.999999999999998
    endloop
  endfacet
  facet normal 0.1705221926326229 -0.9853538358476932 0
    outer loop
      vertex -1.3861614571873033 6.8409762764249065 4
      vertex -0.993357571147531 6.9089536643289104 15.999999999999998
      vertex -1.3861614571873033 6.8409762764249065 15.999999999999998
    endloop
  endfacet
  facet normal 0.11399140989054295 -0.9934817353485499 0
    outer loop
      vertex -0.993357571147531 6.9089536643289104 4
      vertex -0.5973135591823011 6.954395481421587 15.999999999999998
      vertex -0.993357571147531 6.9089536643289104 15.999999999999998
    endloop
  endfacet
  facet normal 0.05708881086276762 -0.9983691039261358 0
    outer loop
      vertex -0.5973135591823011 6.954395481421587 4
      vertex -0.19932123454000034 6.977153505940762 15.999999999999998
      vertex -0.5973135591823011 6.954395481421587 15.999999999999998
    endloop
  endfacet
  facet normal 0 -1 0
    outer loop
      vertex -0.19932123454000034 6.977153505940762 4
      vertex 0.19932123454000034 6.977153505940762 15.999999999999998
      vertex -0.19932123454000034 6.977153505940762 15.999999999999998
    endloop
  endfacet
  facet normal 0 0 1
    outer loop
      vertex -0.19932123453999862 -6.977153505940762 4
      vertex 0.19932123453999862 -6.977153505940762 4
      vertex 0 0 4
    endloop
  endfacet
  facet normal 0 0 1
    outer loop
      vertex 0.19932123453999862 -6.977153505940762 4
      vertex 0.5973135591823047 -6.954395481421586 4
      vertex 0 0 4
    endloop
  endfacet
  facet normal 0 0 1
    outer loop
      vertex 0.5973135591823047 -6.954395481421586 4
      vertex 0.993357571147531 -6.9089536643289104 4
      vertex 0 0 4
    endloop
  endfacet
  facet normal 0 0 1
    outer loop
      vertex 0.993357571147531 -6.9089536643289104 4
      vertex 1.3861614571873015 -6.8409762764249065 4
      vertex 0 0 4
    endloop
  endfacet
  facet normal 0 0 1
    outer loop
      vertex 1.3861614571873015 -6.8409762764249065 4
      vertex 1.7744439726705412 -6.750685045819661 4
      vertex 0 0 4
    endloop
  endfacet
  facet normal 0 0 1
    outer loop
      vertex 1.7744439726705412 -6.750685045819661 4
      vertex 2.156938620737133 -6.638374483740172 4
      vertex 0 0 4
    endloop
  endfacet
  facet normal 0 0 1
    outer loop
      vertex 2.156938620737133 -6.638374483740172 4
      vertex 2.532397783347472 -6.5044109238959384 4
      vertex 0 0 4
    endloop
  endfacet
  facet normal 0 0 1
    outer loop
      vertex 2.532397783347472 -6.5044109238959384 4
      vertex 2.899596790753169 -6.349231327574538 4
      vertex 0 0 4
    endloop
  endfacet
  facet normal 0 0 1
    outer loop
      vertex 2.899596790753169 -6.349231327574538 4
      vertex 3.257337916115202 -6.173341858364745 4
      vertex 0 0 4
    endloop
  endfacet
  facet normal 0 0 1
    outer loop
      vertex 3.257337916115202 -6.173341858364745 4
      vertex 3.6044542822399515 -5.9773162311560935 4
      vertex 0 0 4
    endloop
  endfacet
  facet normal 0 0 1
    outer loop
      vertex 3.6044542822399515 -5.9773162311560935 4
      vertex 3.93981366769005 -5.761793840800162 4
      vertex 0 0 4
    endloop
  endfacet
  facet normal 0 0 1
    outer loop
      vertex 3.93981366769005 -5.761793840800162 4
      vertex 4.262322199855357 -5.527477676537481 4
      vertex 0 0 4
    endloop
  endfacet
  facet normal 0 0 1
    outer loop
      vertex 4.262322199855357 -5.527477676537481 4
      vertex 4.485189146516998 -5.345240278572643 4
      vertex 0 0 4
    endloop
  endfacet
  facet normal -0.05708881086276908 0.9983691039261355 0
    outer loop
      vertex 0.19932123453999862 -6.977153505940762 4
      vertex 0.19932123453999862 -6.977153505940762 15.999999999999998
      vertex 0.5973135591823047 -6.954395481421586 4
    endloop
  endfacet
  facet normal -0.11399140989054175 0.99348173534855 0
    outer loop
      vertex 0.5973135591823047 -6.954395481421586 4
      vertex 0.5973135591823047 -6.954395481421586 15.999999999999998
      vertex 0.993357571147531 -6.9089536643289104 4
    endloop
  endfacet
  facet normal -0.17052219263262364 0.9853538358476931 0
    outer loop
      vertex 0.993357571147531 -6.9089536643289104 4
      vertex 0.993357571147531 -6.9089536643289104 15.999999999999998
      vertex 1.3861614571873015 -6.8409762764249065 4
    endloop
  endfacet
  facet normal -0.22649676742576327 0.9740119169423337 0
    outer loop
      vertex 1.3861614571873015 -6.8409762764249065 4
      vertex 1.3861614571873015 -6.8409762764249065 15.999999999999998
      vertex 1.7744439726705412 -6.750685045819661 4
    endloop
  endfacet
  facet normal -0.2817325568414308 0.9594929736144971 0
    outer loop
      vertex 1.7744439726705412 -6.750685045819661 4
      vertex 1.7744439726705412 -6.750685045819661 15.999999999999998
      vertex 2.156938620737133 -6.638374483740172 4
    endloop
  endfacet
  facet normal -0.3360493932154297 0.9418443636395248 0
    outer loop
      vertex 2.156938620737133 -6.638374483740172 4
      vertex 2.156938620737133 -6.638374483740172 15.999999999999998
      vertex 2.532397783347472 -6.5044109238959384 4
    endloop
  endfacet
  facet normal -0.3892701063173914 0.9211236531148501 0
    outer loop
      vertex 2.532397783347472 -6.5044109238959384 4
      vertex 2.532397783347472 -6.5044109238959384 15.999999999999998
      vertex 2.899596790753169 -6.349231327574538 4
    endloop
  endfacet
  facet normal -0.44122110124321984 0.897398428691359 0
    outer loop
      vertex 2.899596790753169 -6.349231327574538 4
      vertex 2.899596790753169 -6.349231327574538 15.999999999999998
      vertex 3.257337916115202 -6.173341858364745 4
    endloop
  endfacet
  facet normal 0 1 0
    outer loop
      vertex 0.19932123453999862 -6.977153505940762 4
      vertex -0.19932123453999862 -6.977153505940762 15.999999999999998
      vertex 0.19932123453999862 -6.977153505940762 15.999999999999998
    endloop
  endfacet
  facet normal -0.05708881086276908 0.9983691039261355 0
    outer loop
      vertex 0.5973135591823047 -6.954395481421586 4
      vertex 0.19932123453999862 -6.977153505940762 15.999999999999998
      vertex 0.5973135591823047 -6.954395481421586 15.999999999999998
    endloop
  endfacet
  facet normal -0.11399140989054175 0.99348173534855 0
    outer loop
      vertex 0.993357571147531 -6.9089536643289104 4
      vertex 0.5973135591823047 -6.954395481421586 15.999999999999998
      vertex 0.993357571147531 -6.9089536643289104 15.999999999999998
    endloop
  endfacet
  facet normal -0.17052219263262364 0.9853538358476931 0
    outer loop
      vertex 1.3861614571873015 -6.8409762764249065 4
      vertex 0.993357571147531 -6.9089536643289104 15.999999999999998
      vertex 1.3861614571873015 -6.8409762764249065 15.999999999999998
    endloop
  endfacet
  facet normal -0.22649676742576327 0.9740119169423337 0
    outer loop
      vertex 1.7744439726705412 -6.750685045819661 4
      vertex 1.3861614571873015 -6.8409762764249065 15.999999999999998
      vertex 1.7744439726705412 -6.750685045819661 15.999999999999998
    endloop
  endfacet
  facet normal -0.2817325568414308 0.9594929736144971 0
    outer loop
      vertex 2.156938620737133 -6.638374483740172 4
      vertex 1.7744439726705412 -6.750685045819661 15.999999999999998
      vertex 2.156938620737133 -6.638374483740172 15.999999999999998
    endloop
  endfacet
  facet normal -0.3360493932154297 0.9418443636395248 0
    outer loop
      vertex 2.532397783347472 -6.5044109238959384 4
      vertex 2.156938620737133 -6.638374483740172 15.999999999999998
      vertex 2.532397783347472 -6.5044109238959384 15.999999999999998
    endloop
  endfacet
  facet normal -0.3892701063173914 0.9211236531148501 0
    outer loop
      vertex 2.899596790753169 -6.349231327574538 4
      vertex 2.532397783347472 -6.5044109238959384 15.999999999999998
      vertex 2.899596790753169 -6.349231327574538 15.999999999999998
    endloop
  endfacet
  facet normal -0.49173292464560425 0.8707460771197769 0
    outer loop
      vertex 3.257337916115202 -6.173341858364745 4
      vertex 3.257337916115202 -6.173341858364745 15.999999999999998
      vertex 3.6044542822399515 -5.9773162311560935 4
    endloop
  endfacet
  facet normal -0.5406408174555982 0.841253532831181 0
    outer loop
      vertex 3.6044542822399515 -5.9773162311560935 4
      vertex 3.6044542822399515 -5.9773162311560935 15.999999999999998
      vertex 3.93981366769005 -5.761793840800162 4
    endloop
  endfacet
  facet normal -0.5877852522924729 0.8090169943749477 0
    outer loop
      vertex 3.93981366769005 -5.761793840800162 4
      vertex 3.93981366769005 -5.761793840800162 15.999999999999998
      vertex 4.262322199855357 -5.527477676537481 4
    endloop
  endfacet
  facet normal -0.6330124538088704 0.7741416106390826 0
    outer loop
      vertex 4.262322199855357 -5.527477676537481 4
      vertex 4.262322199855357 -5.527477676537481 15.999999999999998
      vertex 4.485189146516998 -5.345240278572643 4
    endloop
  endfacet
  facet normal -0.44122110124321984 0.897398428691359 0
    outer loop
      vertex 3.257337916115202 -6.173341858364745 4
      vertex 2.899596790753169 -6.349231327574538 15.999999999999998
      vertex 3.257337916115202 -6.173341858364745 15.999999999999998
    endloop
  endfacet
  facet normal -0.49173292464560425 0.8707460771197769 0
    outer loop
      vertex 3.6044542822399515 -5.9773162311560935 4
      vertex 3.257337916115202 -6.173341858364745 15.999999999999998
      vertex 3.6044542822399515 -5.9773162311560935 15.999999999999998
    endloop
  endfacet
  facet normal -0.5406408174555982 0.841253532831181 0
    outer loop
      vertex 3.93981366769005 -5.761793840800162 4
      vertex 3.6044542822399515 -5.9773162311560935 15.999999999999998
      vertex 3.93981366769005 -5.761793840800162 15.999999999999998
    endloop
  endfacet
  facet normal -0.5877852522924729 0.8090169943749477 0
    outer loop
      vertex 4.262322199855357 -5.527477676537481 4
      vertex 3.93981366769005 -5.761793840800162 15.999999999999998
      vertex 4.262322199855357 -5.527477676537481 15.999999999999998
    endloop
  endfacet
  facet normal -0.6330124538088704 0.7741416106390826 0
    outer loop
      vertex 4.485189146516998 -5.345240278572643 4
      vertex 4.262322199855357 -5.527477676537481 15.999999999999998
      vertex 4.485189146516998 -5.345240278572643 15.999999999999998
    endloop
  endfacet
  facet normal 0 0 1
    outer loop
      vertex -0.19932123454000034 6.977153505940762 4
      vertex 0 0 4
      vertex 0.19932123454000034 6.977153505940762 4
    endloop
  endfacet
  facet normal 0 0 1
    outer loop
      vertex 0 0 4
      vertex 4.485189146516999 5.345240278572643 4
      vertex 0.19932123454000034 6.977153505940762 4
    endloop
  endfacet
  facet normal 0 0 1
    outer loop
      vertex 1.7744439726705397 6.750685045819662 4
      vertex 4.485189146516999 5.345240278572643 4
      vertex 2.156938620737133 6.638374483740172 4
    endloop
  endfacet
  facet normal 0 0 1
    outer loop
      vertex 2.156938620737133 6.638374483740172 4
      vertex 4.485189146516999 5.345240278572643 4
      vertex 2.5323977833474736 6.5044109238959384 4
    endloop
  endfacet
  facet normal 0 0 1
    outer loop
      vertex 2.5323977833474736 6.5044109238959384 4
      vertex 4.485189146516999 5.345240278572643 4
      vertex 2.8995967907531677 6.349231327574539 4
    endloop
  endfacet
  facet normal 0 0 1
    outer loop
      vertex 3.257337916115203 6.173341858364744 4
      vertex 4.485189146516999 5.345240278572643 4
      vertex 3.6044542822399546 5.977316231156091 4
    endloop
  endfacet
  facet normal 0 0 1
    outer loop
      vertex 3.257337916115203 6.173341858364744 4
      vertex 2.8995967907531677 6.349231327574539 4
      vertex 4.485189146516999 5.345240278572643 4
    endloop
  endfacet
  facet normal 0 0 1
    outer loop
      vertex 3.939813667690049 5.761793840800162 4
      vertex 3.6044542822399546 5.977316231156091 4
      vertex 4.485189146516999 5.345240278572643 4
    endloop
  endfacet
  facet normal 0 0 1
    outer loop
      vertex 3.939813667690049 5.761793840800162 4
      vertex 4.485189146516999 5.345240278572643 4
      vertex 4.262322199855358 5.527477676537481 4
    endloop
  endfacet
  facet normal 0 0 1
    outer loop
      vertex 0.19932123454000034 6.977153505940762 4
      vertex 4.485189146516999 5.345240278572643 4
      vertex 0.5973135591823011 6.954395481421587 4
    endloop
  endfacet
  facet normal 0 0 1
    outer loop
      vertex 0.5973135591823011 6.954395481421587 4
      vertex 4.485189146516999 5.345240278572643 4
      vertex 0.993357571147531 6.9089536643289104 4
    endloop
  endfacet
  facet normal 0 0 1
    outer loop
      vertex 0.993357571147531 6.9089536643289104 4
      vertex 4.485189146516999 5.345240278572643 4
      vertex 1.3861614571873033 6.8409762764249065 4
    endloop
  endfacet
  facet normal 0 0 1
    outer loop
      vertex 1.3861614571873033 6.8409762764249065 4
      vertex 4.485189146516999 5.345240278572643 4
      vertex 1.7744439726705397 6.750685045819662 4
    endloop
  endfacet
  facet normal -0.4412211012432213 -0.8973984286913584 0
    outer loop
      vertex 3.257337916115203 6.173341858364744 4
      vertex 3.257337916115203 6.173341858364744 15.999999999999998
      vertex 2.8995967907531677 6.349231327574539 4
    endloop
  endfacet
  facet normal -0.49173292464560525 -0.8707460771197764 1.2279026044119671e-18
    outer loop
      vertex 3.257337916115203 6.173341858364744 4
      vertex 3.6044542822399546 5.977316231156091 4
      vertex 3.6044542822399546 5.977316231156091 15.999999999999998
    endloop
  endfacet
  facet normal -0.5406408174555979 -0.8412535328311809 0
    outer loop
      vertex 3.939813667690049 5.761793840800162 4
      vertex 3.939813667690049 5.761793840800162 15.999999999999998
      vertex 3.6044542822399546 5.977316231156091 4
    endloop
  endfacet
  facet normal -0.6330124538088704 -0.7741416106390826 -7.681011263457868e-19
    outer loop
      vertex 4.262322199855358 5.527477676537481 4
      vertex 4.485189146516999 5.345240278572643 4
      vertex 4.485189146516999 5.345240278572643 15.999999999999998
    endloop
  endfacet
  facet normal -0.5877852522924707 -0.8090169943749491 -2.1218805398447017e-19
    outer loop
      vertex 3.939813667690049 5.761793840800162 4
      vertex 4.262322199855358 5.527477676537481 4
      vertex 4.262322199855358 5.527477676537481 15.999999999999998
    endloop
  endfacet
  facet normal -0.49173292464560525 -0.8707460771197764 0
    outer loop
      vertex 3.257337916115203 6.173341858364744 4
      vertex 3.6044542822399546 5.977316231156091 15.999999999999998
      vertex 3.257337916115203 6.173341858364744 15.999999999999998
    endloop
  endfacet
  facet normal -0.5406408174555979 -0.8412535328311809 0
    outer loop
      vertex 3.6044542822399546 5.977316231156091 4
      vertex 3.939813667690049 5.761793840800162 15.999999999999998
      vertex 3.6044542822399546 5.977316231156091 15.999999999999998
    endloop
  endfacet
  facet normal -0.6330124538088704 -0.7741416106390826 0
    outer loop
      vertex 4.262322199855358 5.527477676537481 4
      vertex 4.485189146516999 5.345240278572643 15.999999999999998
      vertex 4.262322199855358 5.527477676537481 15.999999999999998
    endloop
  endfacet
  facet normal -0.5877852522924707 -0.8090169943749491 0
    outer loop
      vertex 3.939813667690049 5.761793840800162 4
      vertex 4.262322199855358 5.527477676537481 15.999999999999998
      vertex 3.939813667690049 5.761793840800162 15.999999999999998
    endloop
  endfacet
  facet normal 0 -1 0
    outer loop
      vertex -0.19932123454000034 6.977153505940762 4
      vertex 0.19932123454000034 6.977153505940762 4
      vertex 0.19932123454000034 6.977153505940762 15.999999999999998
    endloop
  endfacet
  facet normal -0.05708881086276762 -0.9983691039261358 -1.7039510077762468e-19
    outer loop
      vertex 0.19932123454000034 6.977153505940762 4
      vertex 0.5973135591823011 6.954395481421587 4
      vertex 0.5973135591823011 6.954395481421587 15.999999999999998
    endloop
  endfacet
  facet normal -0.11399140989054295 -0.9934817353485499 -2.0822527230099632e-19
    outer loop
      vertex 0.5973135591823011 6.954395481421587 4
      vertex 0.993357571147531 6.9089536643289104 4
      vertex 0.993357571147531 6.9089536643289104 15.999999999999998
    endloop
  endfacet
  facet normal -0.1705221926326229 -0.9853538358476932 1.3925826033496156e-19
    outer loop
      vertex 0.993357571147531 6.9089536643289104 4
      vertex 1.3861614571873033 6.8409762764249065 4
      vertex 1.3861614571873033 6.8409762764249065 15.999999999999998
    endloop
  endfacet
  facet normal -0.22649676742576302 -0.9740119169423339 5.611292237633605e-19
    outer loop
      vertex 1.3861614571873033 6.8409762764249065 4
      vertex 1.7744439726705397 6.750685045819662 4
      vertex 1.7744439726705397 6.750685045819662 15.999999999999998
    endloop
  endfacet
  facet normal -0.2817325568414317 -0.9594929736144967 3.3618532105038346e-19
    outer loop
      vertex 1.7744439726705397 6.750685045819662 4
      vertex 2.156938620737133 6.638374483740172 4
      vertex 2.156938620737133 6.638374483740172 15.999999999999998
    endloop
  endfacet
  facet normal -0.33604939321542826 -0.9418443636395253 7.175978511477592e-19
    outer loop
      vertex 2.156938620737133 6.638374483740172 4
      vertex 2.5323977833474736 6.5044109238959384 4
      vertex 2.5323977833474736 6.5044109238959384 15.999999999999998
    endloop
  endfacet
  facet normal -0.38927010631739234 -0.9211236531148499 -4.085491894216815e-19
    outer loop
      vertex 2.5323977833474736 6.5044109238959384 4
      vertex 2.8995967907531677 6.349231327574539 4
      vertex 2.8995967907531677 6.349231327574539 15.999999999999998
    endloop
  endfacet
  facet normal -0.05708881086276762 -0.9983691039261358 0
    outer loop
      vertex 0.19932123454000034 6.977153505940762 4
      vertex 0.5973135591823011 6.954395481421587 15.999999999999998
      vertex 0.19932123454000034 6.977153505940762 15.999999999999998
    endloop
  endfacet
  facet normal -0.11399140989054295 -0.9934817353485499 0
    outer loop
      vertex 0.5973135591823011 6.954395481421587 4
      vertex 0.993357571147531 6.9089536643289104 15.999999999999998
      vertex 0.5973135591823011 6.954395481421587 15.999999999999998
    endloop
  endfacet
  facet normal -0.1705221926326229 -0.9853538358476932 0
    outer loop
      vertex 0.993357571147531 6.9089536643289104 4
      vertex 1.3861614571873033 6.8409762764249065 15.999999999999998
      vertex 0.993357571147531 6.9089536643289104 15.999999999999998
    endloop
  endfacet
  facet normal -0.22649676742576302 -0.9740119169423339 0
    outer loop
      vertex 1.3861614571873033 6.8409762764249065 4
      vertex 1.7744439726705397 6.750685045819662 15.999999999999998
      vertex 1.3861614571873033 6.8409762764249065 15.999999999999998
    endloop
  endfacet
  facet normal -0.2817325568414317 -0.9594929736144967 0
    outer loop
      vertex 1.7744439726705397 6.750685045819662 4
      vertex 2.156938620737133 6.638374483740172 15.999999999999998
      vertex 1.7744439726705397 6.750685045819662 15.999999999999998
    endloop
  endfacet
  facet normal -0.33604939321542826 -0.9418443636395253 0
    outer loop
      vertex 2.156938620737133 6.638374483740172 4
      vertex 2.5323977833474736 6.5044109238959384 15.999999999999998
      vertex 2.156938620737133 6.638374483740172 15.999999999999998
    endloop
  endfacet
  facet normal -0.38927010631739234 -0.9211236531148499 0
    outer loop
      vertex 2.5323977833474736 6.5044109238959384 4
      vertex 2.8995967907531677 6.349231327574539 15.999999999999998
      vertex 2.5323977833474736 6.5044109238959384 15.999999999999998
    endloop
  endfacet
  facet normal -0.4412211012432213 -0.8973984286913584 0
    outer loop
      vertex 2.8995967907531677 6.349231327574539 4
      vertex 3.257337916115203 6.173341858364744 15.999999999999998
      vertex 2.8995967907531677 6.349231327574539 15.999999999999998
    endloop
  endfacet
endsolid OpenSCAD_Model
